lat,lon,tas_anomaly,year,scenario
-88.09859,3.75,1.368,2030,ssp245
-88.09859,13.75,1.337,2030,ssp245
-88.09859,23.75,1.319,2030,ssp245
-88.09859,33.75,1.339,2030,ssp245
-88.09859,43.75,1.332,2030,ssp245
-88.09859,53.75,1.342,2030,ssp245
-88.09859,63.75,1.348,2030,ssp245
-88.09859,73.75,1.336,2030,ssp245
-88.09859,83.75,1.364,2030,ssp245
-88.09859,93.75,1.378,2030,ssp245
-88.09859,103.75,1.36,2030,ssp245
-88.09859,113.75,1.344,2030,ssp245
-88.09859,123.75,1.362,2030,ssp245
-88.09859,133.75,1.298,2030,ssp245
-88.09859,143.75,1.289,2030,ssp245
-88.09859,153.75,1.154,2030,ssp245
-88.09859,163.75,1.105,2030,ssp245
-88.09859,173.75,1.081,2030,ssp245
-88.09859,183.75,1.118,2030,ssp245
-88.09859,193.75,1.133,2030,ssp245
-88.09859,203.75,1.115,2030,ssp245
-88.09859,213.75,1.119,2030,ssp245
-88.09859,223.75,1.167,2030,ssp245
-88.09859,233.75,1.182,2030,ssp245
-88.09859,243.75,1.242,2030,ssp245
-88.09859,253.75,1.227,2030,ssp245
-88.09859,263.75,1.366,2030,ssp245
-88.09859,273.75,1.404,2030,ssp245
-88.09859,283.75,1.444,2030,ssp245
-88.09859,293.75,1.447,2030,ssp245
-88.09859,303.75,1.451,2030,ssp245
-88.09859,313.75,1.448,2030,ssp245
-88.09859,323.75,1.443,2030,ssp245
-88.09859,333.75,1.46,2030,ssp245
-88.09859,343.75,1.452,2030,ssp245
-88.09859,353.75,1.416,2030,ssp245
-83.02817,3.75,1.181,2030,ssp245
-83.02817,13.75,0.967,2030,ssp245
-83.02817,23.75,0.792,2030,ssp245
-83.02817,33.75,0.722,2030,ssp245
-83.02817,43.75,0.847,2030,ssp245
-83.02817,53.75,0.887,2030,ssp245
-83.02817,63.75,0.959,2030,ssp245
-83.02817,73.75,1.092,2030,ssp245
-83.02817,83.75,1.202,2030,ssp245
-83.02817,93.75,1.214,2030,ssp245
-83.02817,103.75,1.175,2030,ssp245
-83.02817,113.75,1.119,2030,ssp245
-83.02817,123.75,1.086,2030,ssp245
-83.02817,133.75,1.017,2030,ssp245
-83.02817,143.75,0.799,2030,ssp245
-83.02817,153.75,0.618,2030,ssp245
-83.02817,163.75,0.418,2030,ssp245
-83.02817,173.75,0.164,2030,ssp245
-83.02817,183.75,-0.067,2030,ssp245
-83.02817,193.75,-0.162,2030,ssp245
-83.02817,203.75,-0.441,2030,ssp245
-83.02817,213.75,-0.635,2030,ssp245
-83.02817,223.75,-0.728,2030,ssp245
-83.02817,233.75,-0.289,2030,ssp245
-83.02817,243.75,0.65,2030,ssp245
-83.02817,253.75,1.252,2030,ssp245
-83.02817,263.75,0.969,2030,ssp245
-83.02817,273.75,1.111,2030,ssp245
-83.02817,283.75,1.383,2030,ssp245
-83.02817,293.75,1.728,2030,ssp245
-83.02817,303.75,1.843,2030,ssp245
-83.02817,313.75,1.637,2030,ssp245
-83.02817,323.75,1.45,2030,ssp245
-83.02817,333.75,1.398,2030,ssp245
-83.02817,343.75,1.385,2030,ssp245
-83.02817,353.75,1.325,2030,ssp245
-77.95775,3.75,0.652,2030,ssp245
-77.95775,13.75,0.419,2030,ssp245
-77.95775,23.75,0.547,2030,ssp245
-77.95775,33.75,0.702,2030,ssp245
-77.95775,43.75,1.036,2030,ssp245
-77.95775,53.75,1.016,2030,ssp245
-77.95775,63.75,0.837,2030,ssp245
-77.95775,73.75,0.914,2030,ssp245
-77.95775,83.75,1.107,2030,ssp245
-77.95775,93.75,1.357,2030,ssp245
-77.95775,103.75,1.357,2030,ssp245
-77.95775,113.75,1.335,2030,ssp245
-77.95775,123.75,1.28,2030,ssp245
-77.95775,133.75,1.157,2030,ssp245
-77.95775,143.75,1.114,2030,ssp245
-77.95775,153.75,0.905,2030,ssp245
-77.95775,163.75,0.306,2030,ssp245
-77.95775,173.75,0.526,2030,ssp245
-77.95775,183.75,0.838,2030,ssp245
-77.95775,193.75,0.691,2030,ssp245
-77.95775,203.75,0.871,2030,ssp245
-77.95775,213.75,0.655,2030,ssp245
-77.95775,223.75,0.269,2030,ssp245
-77.95775,233.75,0.409,2030,ssp245
-77.95775,243.75,0.723,2030,ssp245
-77.95775,253.75,1.326,2030,ssp245
-77.95775,263.75,1.2,2030,ssp245
-77.95775,273.75,0.973,2030,ssp245
-77.95775,283.75,1.5,2030,ssp245
-77.95775,293.75,1.738,2030,ssp245
-77.95775,303.75,2.217,2030,ssp245
-77.95775,313.75,2.619,2030,ssp245
-77.95775,323.75,2.695,2030,ssp245
-77.95775,333.75,1.737,2030,ssp245
-77.95775,343.75,1.23,2030,ssp245
-77.95775,353.75,1.053,2030,ssp245
-72.88733,3.75,1.294,2030,ssp245
-72.88733,13.75,0.999,2030,ssp245
-72.88733,23.75,0.849,2030,ssp245
-72.88733,33.75,0.639,2030,ssp245
-72.88733,43.75,0.635,2030,ssp245
-72.88733,53.75,1.064,2030,ssp245
-72.88733,63.75,0.968,2030,ssp245
-72.88733,73.75,0.895,2030,ssp245
-72.88733,83.75,1.248,2030,ssp245
-72.88733,93.75,1.385,2030,ssp245
-72.88733,103.75,1.648,2030,ssp245
-72.88733,113.75,1.753,2030,ssp245
-72.88733,123.75,1.811,2030,ssp245
-72.88733,133.75,1.787,2030,ssp245
-72.88733,143.75,1.546,2030,ssp245
-72.88733,153.75,1.783,2030,ssp245
-72.88733,163.75,1.341,2030,ssp245
-72.88733,173.75,1.1,2030,ssp245
-72.88733,183.75,1.354,2030,ssp245
-72.88733,193.75,1.144,2030,ssp245
-72.88733,203.75,1.211,2030,ssp245
-72.88733,213.75,2.117,2030,ssp245
-72.88733,223.75,2.549,2030,ssp245
-72.88733,233.75,2.293,2030,ssp245
-72.88733,243.75,2.118,2030,ssp245
-72.88733,253.75,2.109,2030,ssp245
-72.88733,263.75,1.991,2030,ssp245
-72.88733,273.75,1.772,2030,ssp245
-72.88733,283.75,1.719,2030,ssp245
-72.88733,293.75,1.251,2030,ssp245
-72.88733,303.75,2.567,2030,ssp245
-72.88733,313.75,3.118,2030,ssp245
-72.88733,323.75,3.567,2030,ssp245
-72.88733,333.75,2.942,2030,ssp245
-72.88733,343.75,1.81,2030,ssp245
-72.88733,353.75,1.505,2030,ssp245
-67.8169,3.75,2.981,2030,ssp245
-67.8169,13.75,2.748,2030,ssp245
-67.8169,23.75,2.444,2030,ssp245
-67.8169,33.75,2.032,2030,ssp245
-67.8169,43.75,1.393,2030,ssp245
-67.8169,53.75,1.238,2030,ssp245
-67.8169,63.75,0.873,2030,ssp245
-67.8169,73.75,0.931,2030,ssp245
-67.8169,83.75,1.229,2030,ssp245
-67.8169,93.75,1.269,2030,ssp245
-67.8169,103.75,1.363,2030,ssp245
-67.8169,113.75,1.466,2030,ssp245
-67.8169,123.75,1.388,2030,ssp245
-67.8169,133.75,1.463,2030,ssp245
-67.8169,143.75,1.319,2030,ssp245
-67.8169,153.75,1.788,2030,ssp245
-67.8169,163.75,1.497,2030,ssp245
-67.8169,173.75,1.814,2030,ssp245
-67.8169,183.75,2.12,2030,ssp245
-67.8169,193.75,1.963,2030,ssp245
-67.8169,203.75,1.226,2030,ssp245
-67.8169,213.75,1.459,2030,ssp245
-67.8169,223.75,2.064,2030,ssp245
-67.8169,233.75,2.175,2030,ssp245
-67.8169,243.75,2.279,2030,ssp245
-67.8169,253.75,2.242,2030,ssp245
-67.8169,263.75,2.199,2030,ssp245
-67.8169,273.75,2.127,2030,ssp245
-67.8169,283.75,1.921,2030,ssp245
-67.8169,293.75,1.407,2030,ssp245
-67.8169,303.75,1.022,2030,ssp245
-67.8169,313.75,1.543,2030,ssp245
-67.8169,323.75,1.987,2030,ssp245
-67.8169,333.75,2.169,2030,ssp245
-67.8169,343.75,2.0,2030,ssp245
-67.8169,353.75,2.508,2030,ssp245
-62.746475,3.75,2.711,2030,ssp245
-62.746475,13.75,3.109,2030,ssp245
-62.746475,23.75,2.876,2030,ssp245
-62.746475,33.75,2.515,2030,ssp245
-62.746475,43.75,2.107,2030,ssp245
-62.746475,53.75,1.291,2030,ssp245
-62.746475,63.75,1.337,2030,ssp245
-62.746475,73.75,1.003,2030,ssp245
-62.746475,83.75,0.762,2030,ssp245
-62.746475,93.75,0.693,2030,ssp245
-62.746475,103.75,0.772,2030,ssp245
-62.746475,113.75,1.587,2030,ssp245
-62.746475,123.75,1.796,2030,ssp245
-62.746475,133.75,1.262,2030,ssp245
-62.746475,143.75,1.059,2030,ssp245
-62.746475,153.75,0.894,2030,ssp245
-62.746475,163.75,1.543,2030,ssp245
-62.746475,173.75,2.015,2030,ssp245
-62.746475,183.75,1.74,2030,ssp245
-62.746475,193.75,1.662,2030,ssp245
-62.746475,203.75,1.606,2030,ssp245
-62.746475,213.75,1.533,2030,ssp245
-62.746475,223.75,1.363,2030,ssp245
-62.746475,233.75,1.465,2030,ssp245
-62.746475,243.75,1.79,2030,ssp245
-62.746475,253.75,2.023,2030,ssp245
-62.746475,263.75,2.033,2030,ssp245
-62.746475,273.75,1.967,2030,ssp245
-62.746475,283.75,1.84,2030,ssp245
-62.746475,293.75,1.43,2030,ssp245
-62.746475,303.75,0.374,2030,ssp245
-62.746475,313.75,0.439,2030,ssp245
-62.746475,323.75,0.987,2030,ssp245
-62.746475,333.75,1.17,2030,ssp245
-62.746475,343.75,1.439,2030,ssp245
-62.746475,353.75,1.994,2030,ssp245
-57.676056,3.75,2.166,2030,ssp245
-57.676056,13.75,2.537,2030,ssp245
-57.676056,23.75,2.521,2030,ssp245
-57.676056,33.75,2.197,2030,ssp245
-57.676056,43.75,1.953,2030,ssp245
-57.676056,53.75,1.444,2030,ssp245
-57.676056,63.75,1.22,2030,ssp245
-57.676056,73.75,1.172,2030,ssp245
-57.676056,83.75,0.722,2030,ssp245
-57.676056,93.75,0.263,2030,ssp245
-57.676056,103.75,0.106,2030,ssp245
-57.676056,113.75,0.53,2030,ssp245
-57.676056,123.75,0.803,2030,ssp245
-57.676056,133.75,0.783,2030,ssp245
-57.676056,143.75,0.734,2030,ssp245
-57.676056,153.75,0.45,2030,ssp245
-57.676056,163.75,0.426,2030,ssp245
-57.676056,173.75,0.545,2030,ssp245
-57.676056,183.75,0.603,2030,ssp245
-57.676056,193.75,0.486,2030,ssp245
-57.676056,203.75,0.38,2030,ssp245
-57.676056,213.75,0.457,2030,ssp245
-57.676056,223.75,0.671,2030,ssp245
-57.676056,233.75,0.972,2030,ssp245
-57.676056,243.75,1.195,2030,ssp245
-57.676056,253.75,1.362,2030,ssp245
-57.676056,263.75,1.472,2030,ssp245
-57.676056,273.75,1.396,2030,ssp245
-57.676056,283.75,1.186,2030,ssp245
-57.676056,293.75,0.972,2030,ssp245
-57.676056,303.75,0.91,2030,ssp245
-57.676056,313.75,0.706,2030,ssp245
-57.676056,323.75,0.718,2030,ssp245
-57.676056,333.75,0.932,2030,ssp245
-57.676056,343.75,1.314,2030,ssp245
-57.676056,353.75,1.857,2030,ssp245
-52.605633,3.75,1.404,2030,ssp245
-52.605633,13.75,1.495,2030,ssp245
-52.605633,23.75,1.552,2030,ssp245
-52.605633,33.75,1.498,2030,ssp245
-52.605633,43.75,1.464,2030,ssp245
-52.605633,53.75,1.262,2030,ssp245
-52.605633,63.75,1.009,2030,ssp245
-52.605633,73.75,0.927,2030,ssp245
-52.605633,83.75,0.823,2030,ssp245
-52.605633,93.75,0.626,2030,ssp245
-52.605633,103.75,0.52,2030,ssp245
-52.605633,113.75,0.643,2030,ssp245
-52.605633,123.75,0.782,2030,ssp245
-52.605633,133.75,0.691,2030,ssp245
-52.605633,143.75,0.592,2030,ssp245
-52.605633,153.75,0.487,2030,ssp245
-52.605633,163.75,0.34,2030,ssp245
-52.605633,173.75,0.304,2030,ssp245
-52.605633,183.75,0.329,2030,ssp245
-52.605633,193.75,0.297,2030,ssp245
-52.605633,203.75,0.257,2030,ssp245
-52.605633,213.75,0.684,2030,ssp245
-52.605633,223.75,0.853,2030,ssp245
-52.605633,233.75,1.034,2030,ssp245
-52.605633,243.75,1.062,2030,ssp245
-52.605633,253.75,1.055,2030,ssp245
-52.605633,263.75,1.159,2030,ssp245
-52.605633,273.75,1.072,2030,ssp245
-52.605633,283.75,1.08,2030,ssp245
-52.605633,293.75,1.229,2030,ssp245
-52.605633,303.75,1.03,2030,ssp245
-52.605633,313.75,0.847,2030,ssp245
-52.605633,323.75,0.882,2030,ssp245
-52.605633,333.75,0.953,2030,ssp245
-52.605633,343.75,0.917,2030,ssp245
-52.605633,353.75,1.171,2030,ssp245
-47.535213,3.75,1.074,2030,ssp245
-47.535213,13.75,1.362,2030,ssp245
-47.535213,23.75,1.46,2030,ssp245
-47.535213,33.75,1.473,2030,ssp245
-47.535213,43.75,1.485,2030,ssp245
-47.535213,53.75,1.316,2030,ssp245
-47.535213,63.75,1.064,2030,ssp245
-47.535213,73.75,0.916,2030,ssp245
-47.535213,83.75,0.725,2030,ssp245
-47.535213,93.75,0.727,2030,ssp245
-47.535213,103.75,0.855,2030,ssp245
-47.535213,113.75,1.01,2030,ssp245
-47.535213,123.75,0.997,2030,ssp245
-47.535213,133.75,0.843,2030,ssp245
-47.535213,143.75,0.885,2030,ssp245
-47.535213,153.75,0.798,2030,ssp245
-47.535213,163.75,0.536,2030,ssp245
-47.535213,173.75,0.416,2030,ssp245
-47.535213,183.75,0.47,2030,ssp245
-47.535213,193.75,0.413,2030,ssp245
-47.535213,203.75,0.531,2030,ssp245
-47.535213,213.75,0.792,2030,ssp245
-47.535213,223.75,0.896,2030,ssp245
-47.535213,233.75,0.884,2030,ssp245
-47.535213,243.75,0.795,2030,ssp245
-47.535213,253.75,0.775,2030,ssp245
-47.535213,263.75,0.9,2030,ssp245
-47.535213,273.75,0.963,2030,ssp245
-47.535213,283.75,1.243,2030,ssp245
-47.535213,293.75,1.571,2030,ssp245
-47.535213,303.75,1.192,2030,ssp245
-47.535213,313.75,1.23,2030,ssp245
-47.535213,323.75,0.981,2030,ssp245
-47.535213,333.75,0.782,2030,ssp245
-47.535213,343.75,0.696,2030,ssp245
-47.535213,353.75,0.726,2030,ssp245
-42.46479,3.75,1.086,2030,ssp245
-42.46479,13.75,1.411,2030,ssp245
-42.46479,23.75,1.56,2030,ssp245
-42.46479,33.75,1.645,2030,ssp245
-42.46479,43.75,1.5,2030,ssp245
-42.46479,53.75,1.225,2030,ssp245
-42.46479,63.75,0.914,2030,ssp245
-42.46479,73.75,0.744,2030,ssp245
-42.46479,83.75,0.799,2030,ssp245
-42.46479,93.75,0.938,2030,ssp245
-42.46479,103.75,1.031,2030,ssp245
-42.46479,113.75,1.185,2030,ssp245
-42.46479,123.75,1.178,2030,ssp245
-42.46479,133.75,1.287,2030,ssp245
-42.46479,143.75,1.282,2030,ssp245
-42.46479,153.75,1.346,2030,ssp245
-42.46479,163.75,0.918,2030,ssp245
-42.46479,173.75,0.935,2030,ssp245
-42.46479,183.75,0.698,2030,ssp245
-42.46479,193.75,0.537,2030,ssp245
-42.46479,203.75,0.574,2030,ssp245
-42.46479,213.75,0.657,2030,ssp245
-42.46479,223.75,0.894,2030,ssp245
-42.46479,233.75,0.951,2030,ssp245
-42.46479,243.75,0.884,2030,ssp245
-42.46479,253.75,0.789,2030,ssp245
-42.46479,263.75,0.934,2030,ssp245
-42.46479,273.75,1.073,2030,ssp245
-42.46479,283.75,1.17,2030,ssp245
-42.46479,293.75,1.731,2030,ssp245
-42.46479,303.75,1.557,2030,ssp245
-42.46479,313.75,1.839,2030,ssp245
-42.46479,323.75,1.385,2030,ssp245
-42.46479,333.75,0.978,2030,ssp245
-42.46479,343.75,0.84,2030,ssp245
-42.46479,353.75,0.714,2030,ssp245
-37.394363,3.75,1.131,2030,ssp245
-37.394363,13.75,1.329,2030,ssp245
-37.394363,23.75,1.302,2030,ssp245
-37.394363,33.75,1.418,2030,ssp245
-37.394363,43.75,1.067,2030,ssp245
-37.394363,53.75,0.646,2030,ssp245
-37.394363,63.75,0.48,2030,ssp245
-37.394363,73.75,0.595,2030,ssp245
-37.394363,83.75,0.845,2030,ssp245
-37.394363,93.75,0.999,2030,ssp245
-37.394363,103.75,1.13,2030,ssp245
-37.394363,113.75,1.018,2030,ssp245
-37.394363,123.75,1.192,2030,ssp245
-37.394363,133.75,1.392,2030,ssp245
-37.394363,143.75,1.605,2030,ssp245
-37.394363,153.75,1.812,2030,ssp245
-37.394363,163.75,1.304,2030,ssp245
-37.394363,173.75,1.289,2030,ssp245
-37.394363,183.75,0.987,2030,ssp245
-37.394363,193.75,0.848,2030,ssp245
-37.394363,203.75,0.784,2030,ssp245
-37.394363,213.75,0.87,2030,ssp245
-37.394363,223.75,1.167,2030,ssp245
-37.394363,233.75,1.271,2030,ssp245
-37.394363,243.75,1.241,2030,ssp245
-37.394363,253.75,0.982,2030,ssp245
-37.394363,263.75,0.965,2030,ssp245
-37.394363,273.75,1.166,2030,ssp245
-37.394363,283.75,0.951,2030,ssp245
-37.394363,293.75,1.861,2030,ssp245
-37.394363,303.75,1.535,2030,ssp245
-37.394363,313.75,1.476,2030,ssp245
-37.394363,323.75,1.334,2030,ssp245
-37.394363,333.75,1.219,2030,ssp245
-37.394363,343.75,0.841,2030,ssp245
-37.394363,353.75,0.643,2030,ssp245
-32.323944,3.75,1.081,2030,ssp245
-32.323944,13.75,1.066,2030,ssp245
-32.323944,23.75,1.718,2030,ssp245
-32.323944,33.75,1.181,2030,ssp245
-32.323944,43.75,0.698,2030,ssp245
-32.323944,53.75,0.541,2030,ssp245
-32.323944,63.75,0.564,2030,ssp245
-32.323944,73.75,0.661,2030,ssp245
-32.323944,83.75,1.014,2030,ssp245
-32.323944,93.75,1.264,2030,ssp245
-32.323944,103.75,1.265,2030,ssp245
-32.323944,113.75,1.308,2030,ssp245
-32.323944,123.75,1.434,2030,ssp245
-32.323944,133.75,1.198,2030,ssp245
-32.323944,143.75,1.568,2030,ssp245
-32.323944,153.75,1.369,2030,ssp245
-32.323944,163.75,1.091,2030,ssp245
-32.323944,173.75,1.228,2030,ssp245
-32.323944,183.75,1.156,2030,ssp245
-32.323944,193.75,0.967,2030,ssp245
-32.323944,203.75,1.018,2030,ssp245
-32.323944,213.75,1.149,2030,ssp245
-32.323944,223.75,1.241,2030,ssp245
-32.323944,233.75,1.445,2030,ssp245
-32.323944,243.75,1.336,2030,ssp245
-32.323944,253.75,1.033,2030,ssp245
-32.323944,263.75,0.91,2030,ssp245
-32.323944,273.75,1.071,2030,ssp245
-32.323944,283.75,0.674,2030,ssp245
-32.323944,293.75,1.725,2030,ssp245
-32.323944,303.75,1.51,2030,ssp245
-32.323944,313.75,1.027,2030,ssp245
-32.323944,323.75,1.183,2030,ssp245
-32.323944,333.75,1.068,2030,ssp245
-32.323944,343.75,0.813,2030,ssp245
-32.323944,353.75,0.88,2030,ssp245
-27.253521,3.75,1.192,2030,ssp245
-27.253521,13.75,1.624,2030,ssp245
-27.253521,23.75,1.925,2030,ssp245
-27.253521,33.75,1.353,2030,ssp245
-27.253521,43.75,0.813,2030,ssp245
-27.253521,53.75,0.833,2030,ssp245
-27.253521,63.75,0.968,2030,ssp245
-27.253521,73.75,0.97,2030,ssp245
-27.253521,83.75,1.102,2030,ssp245
-27.253521,93.75,1.252,2030,ssp245
-27.253521,103.75,1.359,2030,ssp245
-27.253521,113.75,1.777,2030,ssp245
-27.253521,123.75,1.951,2030,ssp245
-27.253521,133.75,1.558,2030,ssp245
-27.253521,143.75,1.547,2030,ssp245
-27.253521,153.75,1.406,2030,ssp245
-27.253521,163.75,1.403,2030,ssp245
-27.253521,173.75,1.339,2030,ssp245
-27.253521,183.75,1.102,2030,ssp245
-27.253521,193.75,1.015,2030,ssp245
-27.253521,203.75,1.121,2030,ssp245
-27.253521,213.75,1.264,2030,ssp245
-27.253521,223.75,1.185,2030,ssp245
-27.253521,233.75,1.169,2030,ssp245
-27.253521,243.75,1.043,2030,ssp245
-27.253521,253.75,0.955,2030,ssp245
-27.253521,263.75,0.958,2030,ssp245
-27.253521,273.75,0.94,2030,ssp245
-27.253521,283.75,0.567,2030,ssp245
-27.253521,293.75,1.658,2030,ssp245
-27.253521,303.75,1.28,2030,ssp245
-27.253521,313.75,0.766,2030,ssp245
-27.253521,323.75,0.917,2030,ssp245
-27.253521,333.75,0.8,2030,ssp245
-27.253521,343.75,0.807,2030,ssp245
-27.253521,353.75,0.962,2030,ssp245
-22.1831,3.75,1.563,2030,ssp245
-22.1831,13.75,1.979,2030,ssp245
-22.1831,23.75,1.957,2030,ssp245
-22.1831,33.75,1.443,2030,ssp245
-22.1831,43.75,1.117,2030,ssp245
-22.1831,53.75,0.839,2030,ssp245
-22.1831,63.75,1.059,2030,ssp245
-22.1831,73.75,1.01,2030,ssp245
-22.1831,83.75,1.153,2030,ssp245
-22.1831,93.75,1.211,2030,ssp245
-22.1831,103.75,1.402,2030,ssp245
-22.1831,113.75,1.703,2030,ssp245
-22.1831,123.75,1.717,2030,ssp245
-22.1831,133.75,1.705,2030,ssp245
-22.1831,143.75,1.302,2030,ssp245
-22.1831,153.75,1.515,2030,ssp245
-22.1831,163.75,1.435,2030,ssp245
-22.1831,173.75,1.238,2030,ssp245
-22.1831,183.75,1.034,2030,ssp245
-22.1831,193.75,0.94,2030,ssp245
-22.1831,203.75,1.162,2030,ssp245
-22.1831,213.75,1.257,2030,ssp245
-22.1831,223.75,1.038,2030,ssp245
-22.1831,233.75,0.985,2030,ssp245
-22.1831,243.75,1.021,2030,ssp245
-22.1831,253.75,0.988,2030,ssp245
-22.1831,263.75,0.991,2030,ssp245
-22.1831,273.75,0.734,2030,ssp245
-22.1831,283.75,0.723,2030,ssp245
-22.1831,293.75,1.497,2030,ssp245
-22.1831,303.75,1.433,2030,ssp245
-22.1831,313.75,1.117,2030,ssp245
-22.1831,323.75,0.569,2030,ssp245
-22.1831,333.75,0.597,2030,ssp245
-22.1831,343.75,0.74,2030,ssp245
-22.1831,353.75,1.1,2030,ssp245
-17.112675,3.75,1.819,2030,ssp245
-17.112675,13.75,1.744,2030,ssp245
-17.112675,23.75,1.955,2030,ssp245
-17.112675,33.75,1.653,2030,ssp245
-17.112675,43.75,1.184,2030,ssp245
-17.112675,53.75,1.035,2030,ssp245
-17.112675,63.75,1.136,2030,ssp245
-17.112675,73.75,1.115,2030,ssp245
-17.112675,83.75,1.209,2030,ssp245
-17.112675,93.75,1.396,2030,ssp245
-17.112675,103.75,1.51,2030,ssp245
-17.112675,113.75,1.443,2030,ssp245
-17.112675,123.75,1.233,2030,ssp245
-17.112675,133.75,1.345,2030,ssp245
-17.112675,143.75,1.52,2030,ssp245
-17.112675,153.75,1.65,2030,ssp245
-17.112675,163.75,1.248,2030,ssp245
-17.112675,173.75,1.034,2030,ssp245
-17.112675,183.75,1.013,2030,ssp245
-17.112675,193.75,1.138,2030,ssp245
-17.112675,203.75,1.281,2030,ssp245
-17.112675,213.75,1.136,2030,ssp245
-17.112675,223.75,1.057,2030,ssp245
-17.112675,233.75,1.061,2030,ssp245
-17.112675,243.75,1.079,2030,ssp245
-17.112675,253.75,1.004,2030,ssp245
-17.112675,263.75,1.01,2030,ssp245
-17.112675,273.75,0.855,2030,ssp245
-17.112675,283.75,0.905,2030,ssp245
-17.112675,293.75,1.564,2030,ssp245
-17.112675,303.75,1.334,2030,ssp245
-17.112675,313.75,1.428,2030,ssp245
-17.112675,323.75,0.643,2030,ssp245
-17.112675,333.75,0.751,2030,ssp245
-17.112675,343.75,1.025,2030,ssp245
-17.112675,353.75,1.416,2030,ssp245
-12.0422535,3.75,1.559,2030,ssp245
-12.0422535,13.75,1.453,2030,ssp245
-12.0422535,23.75,1.705,2030,ssp245
-12.0422535,33.75,1.723,2030,ssp245
-12.0422535,43.75,1.174,2030,ssp245
-12.0422535,53.75,1.272,2030,ssp245
-12.0422535,63.75,1.327,2030,ssp245
-12.0422535,73.75,1.3,2030,ssp245
-12.0422535,83.75,1.323,2030,ssp245
-12.0422535,93.75,1.387,2030,ssp245
-12.0422535,103.75,1.349,2030,ssp245
-12.0422535,113.75,1.306,2030,ssp245
-12.0422535,123.75,1.334,2030,ssp245
-12.0422535,133.75,1.42,2030,ssp245
-12.0422535,143.75,1.484,2030,ssp245
-12.0422535,153.75,1.384,2030,ssp245
-12.0422535,163.75,1.117,2030,ssp245
-12.0422535,173.75,1.03,2030,ssp245
-12.0422535,183.75,1.128,2030,ssp245
-12.0422535,193.75,1.106,2030,ssp245
-12.0422535,203.75,1.072,2030,ssp245
-12.0422535,213.75,0.963,2030,ssp245
-12.0422535,223.75,0.925,2030,ssp245
-12.0422535,233.75,0.975,2030,ssp245
-12.0422535,243.75,1.042,2030,ssp245
-12.0422535,253.75,1.1,2030,ssp245
-12.0422535,263.75,1.186,2030,ssp245
-12.0422535,273.75,0.867,2030,ssp245
-12.0422535,283.75,1.25,2030,ssp245
-12.0422535,293.75,1.411,2030,ssp245
-12.0422535,303.75,1.379,2030,ssp245
-12.0422535,313.75,1.13,2030,ssp245
-12.0422535,323.75,0.822,2030,ssp245
-12.0422535,333.75,1.019,2030,ssp245
-12.0422535,343.75,1.139,2030,ssp245
-12.0422535,353.75,1.369,2030,ssp245
-6.9718313,3.75,1.52,2030,ssp245
-6.9718313,13.75,1.58,2030,ssp245
-6.9718313,23.75,1.859,2030,ssp245
-6.9718313,33.75,1.562,2030,ssp245
-6.9718313,43.75,1.178,2030,ssp245
-6.9718313,53.75,1.226,2030,ssp245
-6.9718313,63.75,1.384,2030,ssp245
-6.9718313,73.75,1.421,2030,ssp245
-6.9718313,83.75,1.354,2030,ssp245
-6.9718313,93.75,1.288,2030,ssp245
-6.9718313,103.75,1.291,2030,ssp245
-6.9718313,113.75,1.288,2030,ssp245
-6.9718313,123.75,1.327,2030,ssp245
-6.9718313,133.75,1.404,2030,ssp245
-6.9718313,143.75,1.405,2030,ssp245
-6.9718313,153.75,1.129,2030,ssp245
-6.9718313,163.75,1.031,2030,ssp245
-6.9718313,173.75,0.996,2030,ssp245
-6.9718313,183.75,0.989,2030,ssp245
-6.9718313,193.75,1.022,2030,ssp245
-6.9718313,203.75,1.019,2030,ssp245
-6.9718313,213.75,0.982,2030,ssp245
-6.9718313,223.75,0.96,2030,ssp245
-6.9718313,233.75,0.924,2030,ssp245
-6.9718313,243.75,0.941,2030,ssp245
-6.9718313,253.75,0.947,2030,ssp245
-6.9718313,263.75,0.963,2030,ssp245
-6.9718313,273.75,0.705,2030,ssp245
-6.9718313,283.75,1.492,2030,ssp245
-6.9718313,293.75,1.695,2030,ssp245
-6.9718313,303.75,1.721,2030,ssp245
-6.9718313,313.75,1.539,2030,ssp245
-6.9718313,323.75,1.162,2030,ssp245
-6.9718313,333.75,1.168,2030,ssp245
-6.9718313,343.75,1.272,2030,ssp245
-6.9718313,353.75,1.518,2030,ssp245
-1.9014084,3.75,1.579,2030,ssp245
-1.9014084,13.75,1.604,2030,ssp245
-1.9014084,23.75,1.914,2030,ssp245
-1.9014084,33.75,1.526,2030,ssp245
-1.9014084,43.75,1.288,2030,ssp245
-1.9014084,53.75,1.304,2030,ssp245
-1.9014084,63.75,1.411,2030,ssp245
-1.9014084,73.75,1.386,2030,ssp245
-1.9014084,83.75,1.346,2030,ssp245
-1.9014084,93.75,1.275,2030,ssp245
-1.9014084,103.75,1.351,2030,ssp245
-1.9014084,113.75,1.354,2030,ssp245
-1.9014084,123.75,1.414,2030,ssp245
-1.9014084,133.75,1.337,2030,ssp245
-1.9014084,143.75,1.148,2030,ssp245
-1.9014084,153.75,0.973,2030,ssp245
-1.9014084,163.75,0.873,2030,ssp245
-1.9014084,173.75,0.81,2030,ssp245
-1.9014084,183.75,0.801,2030,ssp245
-1.9014084,193.75,0.774,2030,ssp245
-1.9014084,203.75,0.823,2030,ssp245
-1.9014084,213.75,0.773,2030,ssp245
-1.9014084,223.75,0.828,2030,ssp245
-1.9014084,233.75,0.854,2030,ssp245
-1.9014084,243.75,0.719,2030,ssp245
-1.9014084,253.75,0.707,2030,ssp245
-1.9014084,263.75,0.794,2030,ssp245
-1.9014084,273.75,0.753,2030,ssp245
-1.9014084,283.75,1.511,2030,ssp245
-1.9014084,293.75,1.708,2030,ssp245
-1.9014084,303.75,1.396,2030,ssp245
-1.9014084,313.75,1.331,2030,ssp245
-1.9014084,323.75,1.221,2030,ssp245
-1.9014084,333.75,1.305,2030,ssp245
-1.9014084,343.75,1.563,2030,ssp245
-1.9014084,353.75,1.69,2030,ssp245
3.169014,3.75,1.395,2030,ssp245
3.169014,13.75,1.623,2030,ssp245
3.169014,23.75,1.858,2030,ssp245
3.169014,33.75,1.713,2030,ssp245
3.169014,43.75,1.321,2030,ssp245
3.169014,53.75,1.264,2030,ssp245
3.169014,63.75,1.452,2030,ssp245
3.169014,73.75,1.402,2030,ssp245
3.169014,83.75,1.38,2030,ssp245
3.169014,93.75,1.349,2030,ssp245
3.169014,103.75,1.302,2030,ssp245
3.169014,113.75,1.341,2030,ssp245
3.169014,123.75,1.24,2030,ssp245
3.169014,133.75,1.044,2030,ssp245
3.169014,143.75,1.03,2030,ssp245
3.169014,153.75,1.023,2030,ssp245
3.169014,163.75,0.988,2030,ssp245
3.169014,173.75,0.905,2030,ssp245
3.169014,183.75,0.843,2030,ssp245
3.169014,193.75,0.863,2030,ssp245
3.169014,203.75,0.869,2030,ssp245
3.169014,213.75,0.858,2030,ssp245
3.169014,223.75,0.929,2030,ssp245
3.169014,233.75,0.875,2030,ssp245
3.169014,243.75,0.621,2030,ssp245
3.169014,253.75,0.542,2030,ssp245
3.169014,263.75,0.654,2030,ssp245
3.169014,273.75,0.789,2030,ssp245
3.169014,283.75,1.364,2030,ssp245
3.169014,293.75,1.693,2030,ssp245
3.169014,303.75,1.432,2030,ssp245
3.169014,313.75,1.052,2030,ssp245
3.169014,323.75,1.033,2030,ssp245
3.169014,333.75,1.165,2030,ssp245
3.169014,343.75,1.313,2030,ssp245
3.169014,353.75,1.395,2030,ssp245
8.239437,3.75,1.948,2030,ssp245
8.239437,13.75,2.001,2030,ssp245
8.239437,23.75,1.822,2030,ssp245
8.239437,33.75,1.7,2030,ssp245
8.239437,43.75,1.355,2030,ssp245
8.239437,53.75,1.236,2030,ssp245
8.239437,63.75,1.476,2030,ssp245
8.239437,73.75,1.39,2030,ssp245
8.239437,83.75,1.37,2030,ssp245
8.239437,93.75,1.448,2030,ssp245
8.239437,103.75,1.313,2030,ssp245
8.239437,113.75,1.315,2030,ssp245
8.239437,123.75,1.293,2030,ssp245
8.239437,133.75,1.238,2030,ssp245
8.239437,143.75,1.23,2030,ssp245
8.239437,153.75,1.237,2030,ssp245
8.239437,163.75,1.21,2030,ssp245
8.239437,173.75,1.19,2030,ssp245
8.239437,183.75,1.209,2030,ssp245
8.239437,193.75,1.225,2030,ssp245
8.239437,203.75,1.3,2030,ssp245
8.239437,213.75,1.309,2030,ssp245
8.239437,223.75,1.299,2030,ssp245
8.239437,233.75,1.236,2030,ssp245
8.239437,243.75,1.084,2030,ssp245
8.239437,253.75,0.977,2030,ssp245
8.239437,263.75,1.02,2030,ssp245
8.239437,273.75,1.007,2030,ssp245
8.239437,283.75,1.344,2030,ssp245
8.239437,293.75,1.596,2030,ssp245
8.239437,303.75,1.071,2030,ssp245
8.239437,313.75,1.007,2030,ssp245
8.239437,323.75,0.971,2030,ssp245
8.239437,333.75,0.992,2030,ssp245
8.239437,343.75,0.994,2030,ssp245
8.239437,353.75,1.819,2030,ssp245
13.309858,3.75,2.141,2030,ssp245
13.309858,13.75,2.034,2030,ssp245
13.309858,23.75,1.807,2030,ssp245
13.309858,33.75,1.752,2030,ssp245
13.309858,43.75,1.051,2030,ssp245
13.309858,53.75,1.233,2030,ssp245
13.309858,63.75,1.435,2030,ssp245
13.309858,73.75,1.511,2030,ssp245
13.309858,83.75,1.378,2030,ssp245
13.309858,93.75,1.388,2030,ssp245
13.309858,103.75,1.592,2030,ssp245
13.309858,113.75,1.339,2030,ssp245
13.309858,123.75,1.333,2030,ssp245
13.309858,133.75,1.237,2030,ssp245
13.309858,143.75,1.33,2030,ssp245
13.309858,153.75,1.271,2030,ssp245
13.309858,163.75,1.208,2030,ssp245
13.309858,173.75,1.23,2030,ssp245
13.309858,183.75,1.336,2030,ssp245
13.309858,193.75,1.463,2030,ssp245
13.309858,203.75,1.538,2030,ssp245
13.309858,213.75,1.66,2030,ssp245
13.309858,223.75,1.704,2030,ssp245
13.309858,233.75,1.583,2030,ssp245
13.309858,243.75,1.36,2030,ssp245
13.309858,253.75,1.308,2030,ssp245
13.309858,263.75,1.23,2030,ssp245
13.309858,273.75,1.26,2030,ssp245
13.309858,283.75,0.959,2030,ssp245
13.309858,293.75,0.951,2030,ssp245
13.309858,303.75,0.801,2030,ssp245
13.309858,313.75,0.785,2030,ssp245
13.309858,323.75,1.002,2030,ssp245
13.309858,333.75,1.042,2030,ssp245
13.309858,343.75,1.134,2030,ssp245
13.309858,353.75,1.802,2030,ssp245
18.380281,3.75,2.258,2030,ssp245
18.380281,13.75,2.624,2030,ssp245
18.380281,23.75,2.481,2030,ssp245
18.380281,33.75,1.856,2030,ssp245
18.380281,43.75,1.169,2030,ssp245
18.380281,53.75,1.29,2030,ssp245
18.380281,63.75,1.395,2030,ssp245
18.380281,73.75,1.559,2030,ssp245
18.380281,83.75,1.436,2030,ssp245
18.380281,93.75,1.356,2030,ssp245
18.380281,103.75,1.568,2030,ssp245
18.380281,113.75,1.407,2030,ssp245
18.380281,123.75,1.57,2030,ssp245
18.380281,133.75,1.378,2030,ssp245
18.380281,143.75,1.39,2030,ssp245
18.380281,153.75,1.452,2030,ssp245
18.380281,163.75,1.435,2030,ssp245
18.380281,173.75,1.346,2030,ssp245
18.380281,183.75,1.299,2030,ssp245
18.380281,193.75,1.437,2030,ssp245
18.380281,203.75,1.652,2030,ssp245
18.380281,213.75,1.89,2030,ssp245
18.380281,223.75,2.045,2030,ssp245
18.380281,233.75,2.082,2030,ssp245
18.380281,243.75,1.816,2030,ssp245
18.380281,253.75,1.617,2030,ssp245
18.380281,263.75,1.268,2030,ssp245
18.380281,273.75,1.117,2030,ssp245
18.380281,283.75,1.232,2030,ssp245
18.380281,293.75,1.137,2030,ssp245
18.380281,303.75,0.959,2030,ssp245
18.380281,313.75,0.685,2030,ssp245
18.380281,323.75,0.805,2030,ssp245
18.380281,333.75,1.106,2030,ssp245
18.380281,343.75,1.336,2030,ssp245
18.380281,353.75,1.924,2030,ssp245
23.450703,3.75,2.196,2030,ssp245
23.450703,13.75,2.616,2030,ssp245
23.450703,23.75,2.954,2030,ssp245
23.450703,33.75,2.28,2030,ssp245
23.450703,43.75,1.818,2030,ssp245
23.450703,53.75,1.703,2030,ssp245
23.450703,63.75,1.531,2030,ssp245
23.450703,73.75,1.251,2030,ssp245
23.450703,83.75,1.354,2030,ssp245
23.450703,93.75,1.585,2030,ssp245
23.450703,103.75,1.817,2030,ssp245
23.450703,113.75,1.59,2030,ssp245
23.450703,123.75,1.725,2030,ssp245
23.450703,133.75,1.526,2030,ssp245
23.450703,143.75,1.527,2030,ssp245
23.450703,153.75,1.738,2030,ssp245
23.450703,163.75,1.848,2030,ssp245
23.450703,173.75,1.572,2030,ssp245
23.450703,183.75,1.27,2030,ssp245
23.450703,193.75,1.2,2030,ssp245
23.450703,203.75,1.472,2030,ssp245
23.450703,213.75,1.797,2030,ssp245
23.450703,223.75,1.948,2030,ssp245
23.450703,233.75,1.954,2030,ssp245
23.450703,243.75,1.814,2030,ssp245
23.450703,253.75,2.011,2030,ssp245
23.450703,263.75,1.42,2030,ssp245
23.450703,273.75,1.175,2030,ssp245
23.450703,283.75,1.292,2030,ssp245
23.450703,293.75,1.406,2030,ssp245
23.450703,303.75,1.332,2030,ssp245
23.450703,313.75,1.292,2030,ssp245
23.450703,323.75,1.186,2030,ssp245
23.450703,333.75,1.255,2030,ssp245
23.450703,343.75,1.459,2030,ssp245
23.450703,353.75,2.094,2030,ssp245
28.521126,3.75,2.108,2030,ssp245
28.521126,13.75,2.083,2030,ssp245
28.521126,23.75,2.35,2030,ssp245
28.521126,33.75,2.206,2030,ssp245
28.521126,43.75,2.025,2030,ssp245
28.521126,53.75,2.148,2030,ssp245
28.521126,63.75,2.091,2030,ssp245
28.521126,73.75,1.348,2030,ssp245
28.521126,83.75,1.553,2030,ssp245
28.521126,93.75,2.104,2030,ssp245
28.521126,103.75,2.139,2030,ssp245
28.521126,113.75,1.891,2030,ssp245
28.521126,123.75,1.755,2030,ssp245
28.521126,133.75,1.336,2030,ssp245
28.521126,143.75,1.303,2030,ssp245
28.521126,153.75,1.594,2030,ssp245
28.521126,163.75,2.05,2030,ssp245
28.521126,173.75,1.911,2030,ssp245
28.521126,183.75,1.475,2030,ssp245
28.521126,193.75,0.984,2030,ssp245
28.521126,203.75,1.055,2030,ssp245
28.521126,213.75,1.722,2030,ssp245
28.521126,223.75,1.791,2030,ssp245
28.521126,233.75,1.569,2030,ssp245
28.521126,243.75,1.835,2030,ssp245
28.521126,253.75,2.922,2030,ssp245
28.521126,263.75,2.46,2030,ssp245
28.521126,273.75,1.773,2030,ssp245
28.521126,283.75,1.4,2030,ssp245
28.521126,293.75,1.473,2030,ssp245
28.521126,303.75,1.557,2030,ssp245
28.521126,313.75,1.601,2030,ssp245
28.521126,323.75,1.605,2030,ssp245
28.521126,333.75,1.646,2030,ssp245
28.521126,343.75,1.461,2030,ssp245
28.521126,353.75,2.064,2030,ssp245
33.591553,3.75,2.082,2030,ssp245
33.591553,13.75,1.797,2030,ssp245
33.591553,23.75,1.968,2030,ssp245
33.591553,33.75,2.008,2030,ssp245
33.591553,43.75,2.397,2030,ssp245
33.591553,53.75,2.997,2030,ssp245
33.591553,63.75,3.05,2030,ssp245
33.591553,73.75,2.126,2030,ssp245
33.591553,83.75,1.998,2030,ssp245
33.591553,93.75,1.917,2030,ssp245
33.591553,103.75,2.315,2030,ssp245
33.591553,113.75,1.873,2030,ssp245
33.591553,123.75,1.64,2030,ssp245
33.591553,133.75,1.551,2030,ssp245
33.591553,143.75,1.408,2030,ssp245
33.591553,153.75,1.481,2030,ssp245
33.591553,163.75,1.604,2030,ssp245
33.591553,173.75,1.874,2030,ssp245
33.591553,183.75,1.865,2030,ssp245
33.591553,193.75,1.381,2030,ssp245
33.591553,203.75,0.984,2030,ssp245
33.591553,213.75,1.367,2030,ssp245
33.591553,223.75,1.675,2030,ssp245
33.591553,233.75,1.406,2030,ssp245
33.591553,243.75,2.449,2030,ssp245
33.591553,253.75,3.448,2030,ssp245
33.591553,263.75,3.102,2030,ssp245
33.591553,273.75,2.347,2030,ssp245
33.591553,283.75,1.789,2030,ssp245
33.591553,293.75,1.538,2030,ssp245
33.591553,303.75,1.678,2030,ssp245
33.591553,313.75,1.657,2030,ssp245
33.591553,323.75,1.691,2030,ssp245
33.591553,333.75,1.59,2030,ssp245
33.591553,343.75,1.42,2030,ssp245
33.591553,353.75,1.79,2030,ssp245
38.661972,3.75,1.87,2030,ssp245
38.661972,13.75,2.166,2030,ssp245
38.661972,23.75,2.327,2030,ssp245
38.661972,33.75,2.486,2030,ssp245
38.661972,43.75,2.625,2030,ssp245
38.661972,53.75,2.675,2030,ssp245
38.661972,63.75,3.032,2030,ssp245
38.661972,73.75,2.621,2030,ssp245
38.661972,83.75,2.34,2030,ssp245
38.661972,93.75,1.975,2030,ssp245
38.661972,103.75,2.451,2030,ssp245
38.661972,113.75,2.393,2030,ssp245
38.661972,123.75,1.868,2030,ssp245
38.661972,133.75,2.502,2030,ssp245
38.661972,143.75,2.189,2030,ssp245
38.661972,153.75,1.996,2030,ssp245
38.661972,163.75,1.761,2030,ssp245
38.661972,173.75,1.493,2030,ssp245
38.661972,183.75,1.524,2030,ssp245
38.661972,193.75,1.537,2030,ssp245
38.661972,203.75,1.444,2030,ssp245
38.661972,213.75,1.47,2030,ssp245
38.661972,223.75,1.433,2030,ssp245
38.661972,233.75,1.327,2030,ssp245
38.661972,243.75,2.874,2030,ssp245
38.661972,253.75,3.436,2030,ssp245
38.661972,263.75,3.267,2030,ssp245
38.661972,273.75,2.319,2030,ssp245
38.661972,283.75,1.962,2030,ssp245
38.661972,293.75,1.804,2030,ssp245
38.661972,303.75,2.162,2030,ssp245
38.661972,313.75,1.846,2030,ssp245
38.661972,323.75,1.66,2030,ssp245
38.661972,333.75,1.695,2030,ssp245
38.661972,343.75,1.591,2030,ssp245
38.661972,353.75,1.984,2030,ssp245
43.732395,3.75,2.404,2030,ssp245
43.732395,13.75,2.66,2030,ssp245
43.732395,23.75,3.288,2030,ssp245
43.732395,33.75,2.711,2030,ssp245
43.732395,43.75,2.737,2030,ssp245
43.732395,53.75,3.047,2030,ssp245
43.732395,63.75,2.796,2030,ssp245
43.732395,73.75,2.299,2030,ssp245
43.732395,83.75,2.095,2030,ssp245
43.732395,93.75,2.145,2030,ssp245
43.732395,103.75,2.362,2030,ssp245
43.732395,113.75,2.214,2030,ssp245
43.732395,123.75,2.234,2030,ssp245
43.732395,133.75,2.576,2030,ssp245
43.732395,143.75,2.359,2030,ssp245
43.732395,153.75,1.807,2030,ssp245
43.732395,163.75,1.658,2030,ssp245
43.732395,173.75,1.446,2030,ssp245
43.732395,183.75,1.446,2030,ssp245
43.732395,193.75,1.304,2030,ssp245
43.732395,203.75,1.323,2030,ssp245
43.732395,213.75,1.418,2030,ssp245
43.732395,223.75,1.279,2030,ssp245
43.732395,233.75,1.2,2030,ssp245
43.732395,243.75,2.297,2030,ssp245
43.732395,253.75,2.643,2030,ssp245
43.732395,263.75,2.415,2030,ssp245
43.732395,273.75,2.125,2030,ssp245
43.732395,283.75,2.313,2030,ssp245
43.732395,293.75,2.204,2030,ssp245
43.732395,303.75,2.91,2030,ssp245
43.732395,313.75,2.602,2030,ssp245
43.732395,323.75,2.117,2030,ssp245
43.732395,333.75,1.413,2030,ssp245
43.732395,343.75,1.616,2030,ssp245
43.732395,353.75,1.719,2030,ssp245
48.802814,3.75,2.484,2030,ssp245
48.802814,13.75,3.017,2030,ssp245
48.802814,23.75,3.334,2030,ssp245
48.802814,33.75,3.621,2030,ssp245
48.802814,43.75,3.307,2030,ssp245
48.802814,53.75,3.145,2030,ssp245
48.802814,63.75,2.969,2030,ssp245
48.802814,73.75,2.535,2030,ssp245
48.802814,83.75,2.265,2030,ssp245
48.802814,93.75,2.159,2030,ssp245
48.802814,103.75,2.061,2030,ssp245
48.802814,113.75,2.334,2030,ssp245
48.802814,123.75,2.555,2030,ssp245
48.802814,133.75,3.025,2030,ssp245
48.802814,143.75,2.645,2030,ssp245
48.802814,153.75,1.837,2030,ssp245
48.802814,163.75,1.614,2030,ssp245
48.802814,173.75,1.603,2030,ssp245
48.802814,183.75,1.821,2030,ssp245
48.802814,193.75,1.695,2030,ssp245
48.802814,203.75,1.338,2030,ssp245
48.802814,213.75,1.279,2030,ssp245
48.802814,223.75,1.239,2030,ssp245
48.802814,233.75,1.391,2030,ssp245
48.802814,243.75,1.562,2030,ssp245
48.802814,253.75,0.997,2030,ssp245
48.802814,263.75,1.631,2030,ssp245
48.802814,273.75,2.534,2030,ssp245
48.802814,283.75,2.823,2030,ssp245
48.802814,293.75,2.508,2030,ssp245
48.802814,303.75,2.909,2030,ssp245
48.802814,313.75,2.822,2030,ssp245
48.802814,323.75,2.263,2030,ssp245
48.802814,333.75,1.517,2030,ssp245
48.802814,343.75,1.539,2030,ssp245
48.802814,353.75,1.62,2030,ssp245
53.87324,3.75,2.211,2030,ssp245
53.87324,13.75,2.893,2030,ssp245
53.87324,23.75,3.385,2030,ssp245
53.87324,33.75,3.532,2030,ssp245
53.87324,43.75,3.629,2030,ssp245
53.87324,53.75,3.25,2030,ssp245
53.87324,63.75,2.978,2030,ssp245
53.87324,73.75,3.152,2030,ssp245
53.87324,83.75,3.063,2030,ssp245
53.87324,93.75,2.783,2030,ssp245
53.87324,103.75,2.691,2030,ssp245
53.87324,113.75,2.719,2030,ssp245
53.87324,123.75,3.174,2030,ssp245
53.87324,133.75,3.234,2030,ssp245
53.87324,143.75,3.385,2030,ssp245
53.87324,153.75,2.482,2030,ssp245
53.87324,163.75,2.216,2030,ssp245
53.87324,173.75,2.164,2030,ssp245
53.87324,183.75,2.426,2030,ssp245
53.87324,193.75,2.239,2030,ssp245
53.87324,203.75,1.599,2030,ssp245
53.87324,213.75,1.248,2030,ssp245
53.87324,223.75,1.063,2030,ssp245
53.87324,233.75,1.349,2030,ssp245
53.87324,243.75,0.857,2030,ssp245
53.87324,253.75,1.045,2030,ssp245
53.87324,263.75,2.599,2030,ssp245
53.87324,273.75,3.35,2030,ssp245
53.87324,283.75,3.504,2030,ssp245
53.87324,293.75,2.982,2030,ssp245
53.87324,303.75,2.847,2030,ssp245
53.87324,313.75,2.551,2030,ssp245
53.87324,323.75,2.159,2030,ssp245
53.87324,333.75,1.715,2030,ssp245
53.87324,343.75,1.743,2030,ssp245
53.87324,353.75,1.803,2030,ssp245
58.943665,3.75,2.214,2030,ssp245
58.943665,13.75,3.073,2030,ssp245
58.943665,23.75,3.486,2030,ssp245
58.943665,33.75,3.77,2030,ssp245
58.943665,43.75,3.834,2030,ssp245
58.943665,53.75,3.653,2030,ssp245
58.943665,63.75,3.58,2030,ssp245
58.943665,73.75,3.861,2030,ssp245
58.943665,83.75,4.0,2030,ssp245
58.943665,93.75,3.62,2030,ssp245
58.943665,103.75,3.109,2030,ssp245
58.943665,113.75,2.971,2030,ssp245
58.943665,123.75,3.405,2030,ssp245
58.943665,133.75,3.433,2030,ssp245
58.943665,143.75,3.227,2030,ssp245
58.943665,153.75,2.779,2030,ssp245
58.943665,163.75,3.184,2030,ssp245
58.943665,173.75,3.746,2030,ssp245
58.943665,183.75,4.277,2030,ssp245
58.943665,193.75,3.125,2030,ssp245
58.943665,203.75,2.397,2030,ssp245
58.943665,213.75,1.426,2030,ssp245
58.943665,223.75,1.126,2030,ssp245
58.943665,233.75,1.173,2030,ssp245
58.943665,243.75,1.785,2030,ssp245
58.943665,253.75,1.983,2030,ssp245
58.943665,263.75,3.08,2030,ssp245
58.943665,273.75,3.971,2030,ssp245
58.943665,283.75,3.143,2030,ssp245
58.943665,293.75,3.015,2030,ssp245
58.943665,303.75,3.348,2030,ssp245
58.943665,313.75,2.399,2030,ssp245
58.943665,323.75,2.228,2030,ssp245
58.943665,333.75,2.088,2030,ssp245
58.943665,343.75,1.866,2030,ssp245
58.943665,353.75,1.835,2030,ssp245
64.014084,3.75,2.373,2030,ssp245
64.014084,13.75,2.878,2030,ssp245
64.014084,23.75,3.56,2030,ssp245
64.014084,33.75,3.684,2030,ssp245
64.014084,43.75,3.915,2030,ssp245
64.014084,53.75,4.493,2030,ssp245
64.014084,63.75,4.674,2030,ssp245
64.014084,73.75,4.634,2030,ssp245
64.014084,83.75,4.823,2030,ssp245
64.014084,93.75,4.469,2030,ssp245
64.014084,103.75,3.932,2030,ssp245
64.014084,113.75,3.644,2030,ssp245
64.014084,123.75,3.722,2030,ssp245
64.014084,133.75,3.496,2030,ssp245
64.014084,143.75,2.838,2030,ssp245
64.014084,153.75,3.134,2030,ssp245
64.014084,163.75,3.418,2030,ssp245
64.014084,173.75,4.546,2030,ssp245
64.014084,183.75,5.092,2030,ssp245
64.014084,193.75,4.133,2030,ssp245
64.014084,203.75,3.266,2030,ssp245
64.014084,213.75,2.377,2030,ssp245
64.014084,223.75,2.051,2030,ssp245
64.014084,233.75,1.921,2030,ssp245
64.014084,243.75,2.33,2030,ssp245
64.014084,253.75,2.667,2030,ssp245
64.014084,263.75,2.991,2030,ssp245
64.014084,273.75,3.617,2030,ssp245
64.014084,283.75,3.545,2030,ssp245
64.014084,293.75,3.142,2030,ssp245
64.014084,303.75,4.513,2030,ssp245
64.014084,313.75,3.263,2030,ssp245
64.014084,323.75,2.127,2030,ssp245
64.014084,333.75,2.602,2030,ssp245
64.014084,343.75,2.965,2030,ssp245
64.014084,353.75,3.308,2030,ssp245
69.0845,3.75,2.217,2030,ssp245
69.0845,13.75,2.513,2030,ssp245
69.0845,23.75,3.171,2030,ssp245
69.0845,33.75,3.489,2030,ssp245
69.0845,43.75,4.672,2030,ssp245
69.0845,53.75,5.699,2030,ssp245
69.0845,63.75,5.69,2030,ssp245
69.0845,73.75,5.655,2030,ssp245
69.0845,83.75,5.277,2030,ssp245
69.0845,93.75,4.836,2030,ssp245
69.0845,103.75,4.688,2030,ssp245
69.0845,113.75,4.167,2030,ssp245
69.0845,123.75,3.619,2030,ssp245
69.0845,133.75,3.666,2030,ssp245
69.0845,143.75,3.523,2030,ssp245
69.0845,153.75,4.299,2030,ssp245
69.0845,163.75,4.811,2030,ssp245
69.0845,173.75,5.479,2030,ssp245
69.0845,183.75,6.542,2030,ssp245
69.0845,193.75,5.691,2030,ssp245
69.0845,203.75,4.802,2030,ssp245
69.0845,213.75,4.083,2030,ssp245
69.0845,223.75,3.815,2030,ssp245
69.0845,233.75,3.238,2030,ssp245
69.0845,243.75,3.166,2030,ssp245
69.0845,253.75,3.661,2030,ssp245
69.0845,263.75,3.805,2030,ssp245
69.0845,273.75,4.046,2030,ssp245
69.0845,283.75,4.031,2030,ssp245
69.0845,293.75,4.229,2030,ssp245
69.0845,303.75,5.329,2030,ssp245
69.0845,313.75,3.943,2030,ssp245
69.0845,323.75,3.588,2030,ssp245
69.0845,333.75,2.308,2030,ssp245
69.0845,343.75,2.346,2030,ssp245
69.0845,353.75,2.757,2030,ssp245
74.15493,3.75,2.861,2030,ssp245
74.15493,13.75,4.155,2030,ssp245
74.15493,23.75,4.771,2030,ssp245
74.15493,33.75,4.629,2030,ssp245
74.15493,43.75,5.304,2030,ssp245
74.15493,53.75,6.548,2030,ssp245
74.15493,63.75,7.534,2030,ssp245
74.15493,73.75,7.123,2030,ssp245
74.15493,83.75,6.511,2030,ssp245
74.15493,93.75,6.113,2030,ssp245
74.15493,103.75,5.777,2030,ssp245
74.15493,113.75,5.698,2030,ssp245
74.15493,123.75,5.324,2030,ssp245
74.15493,133.75,5.359,2030,ssp245
74.15493,143.75,5.986,2030,ssp245
74.15493,153.75,7.048,2030,ssp245
74.15493,163.75,7.232,2030,ssp245
74.15493,173.75,6.85,2030,ssp245
74.15493,183.75,6.729,2030,ssp245
74.15493,193.75,6.558,2030,ssp245
74.15493,203.75,6.03,2030,ssp245
74.15493,213.75,6.078,2030,ssp245
74.15493,223.75,5.672,2030,ssp245
74.15493,233.75,4.721,2030,ssp245
74.15493,243.75,5.166,2030,ssp245
74.15493,253.75,5.394,2030,ssp245
74.15493,263.75,4.605,2030,ssp245
74.15493,273.75,4.076,2030,ssp245
74.15493,283.75,4.777,2030,ssp245
74.15493,293.75,5.094,2030,ssp245
74.15493,303.75,4.47,2030,ssp245
74.15493,313.75,4.075,2030,ssp245
74.15493,323.75,3.614,2030,ssp245
74.15493,333.75,2.915,2030,ssp245
74.15493,343.75,3.608,2030,ssp245
74.15493,353.75,3.144,2030,ssp245
79.22536,3.75,5.633,2030,ssp245
79.22536,13.75,7.535,2030,ssp245
79.22536,23.75,8.447,2030,ssp245
79.22536,33.75,8.982,2030,ssp245
79.22536,43.75,9.377,2030,ssp245
79.22536,53.75,10.27,2030,ssp245
79.22536,63.75,10.748,2030,ssp245
79.22536,73.75,10.252,2030,ssp245
79.22536,83.75,8.556,2030,ssp245
79.22536,93.75,7.36,2030,ssp245
79.22536,103.75,6.956,2030,ssp245
79.22536,113.75,6.812,2030,ssp245
79.22536,123.75,6.614,2030,ssp245
79.22536,133.75,6.615,2030,ssp245
79.22536,143.75,6.936,2030,ssp245
79.22536,153.75,7.18,2030,ssp245
79.22536,163.75,6.931,2030,ssp245
79.22536,173.75,6.518,2030,ssp245
79.22536,183.75,6.381,2030,ssp245
79.22536,193.75,6.205,2030,ssp245
79.22536,203.75,6.041,2030,ssp245
79.22536,213.75,6.015,2030,ssp245
79.22536,223.75,6.093,2030,ssp245
79.22536,233.75,5.99,2030,ssp245
79.22536,243.75,5.753,2030,ssp245
79.22536,253.75,5.544,2030,ssp245
79.22536,263.75,4.573,2030,ssp245
79.22536,273.75,3.765,2030,ssp245
79.22536,283.75,4.308,2030,ssp245
79.22536,293.75,4.263,2030,ssp245
79.22536,303.75,3.713,2030,ssp245
79.22536,313.75,3.687,2030,ssp245
79.22536,323.75,3.42,2030,ssp245
79.22536,333.75,3.298,2030,ssp245
79.22536,343.75,3.677,2030,ssp245
79.22536,353.75,4.242,2030,ssp245
84.29578,3.75,6.154,2030,ssp245
84.29578,13.75,6.589,2030,ssp245
84.29578,23.75,6.811,2030,ssp245
84.29578,33.75,7.056,2030,ssp245
84.29578,43.75,7.324,2030,ssp245
84.29578,53.75,7.6,2030,ssp245
84.29578,63.75,7.855,2030,ssp245
84.29578,73.75,7.824,2030,ssp245
84.29578,83.75,7.543,2030,ssp245
84.29578,93.75,7.18,2030,ssp245
84.29578,103.75,6.81,2030,ssp245
84.29578,113.75,6.652,2030,ssp245
84.29578,123.75,6.592,2030,ssp245
84.29578,133.75,6.589,2030,ssp245
84.29578,143.75,6.618,2030,ssp245
84.29578,153.75,6.618,2030,ssp245
84.29578,163.75,6.495,2030,ssp245
84.29578,173.75,6.305,2030,ssp245
84.29578,183.75,6.204,2030,ssp245
84.29578,193.75,6.135,2030,ssp245
84.29578,203.75,6.135,2030,ssp245
84.29578,213.75,6.158,2030,ssp245
84.29578,223.75,6.208,2030,ssp245
84.29578,233.75,6.208,2030,ssp245
84.29578,243.75,6.171,2030,ssp245
84.29578,253.75,6.118,2030,ssp245
84.29578,263.75,5.967,2030,ssp245
84.29578,273.75,5.595,2030,ssp245
84.29578,283.75,5.142,2030,ssp245
84.29578,293.75,5.286,2030,ssp245
84.29578,303.75,5.537,2030,ssp245
84.29578,313.75,5.058,2030,ssp245
84.29578,323.75,4.719,2030,ssp245
84.29578,333.75,4.918,2030,ssp245
84.29578,343.75,5.373,2030,ssp245
84.29578,353.75,5.621,2030,ssp245
-88.09859,3.75,1.367,2050,ssp245
-88.09859,13.75,1.387,2050,ssp245
-88.09859,23.75,1.413,2050,ssp245
-88.09859,33.75,1.458,2050,ssp245
-88.09859,43.75,1.504,2050,ssp245
-88.09859,53.75,1.533,2050,ssp245
-88.09859,63.75,1.556,2050,ssp245
-88.09859,73.75,1.574,2050,ssp245
-88.09859,83.75,1.558,2050,ssp245
-88.09859,93.75,1.504,2050,ssp245
-88.09859,103.75,1.445,2050,ssp245
-88.09859,113.75,1.323,2050,ssp245
-88.09859,123.75,1.247,2050,ssp245
-88.09859,133.75,1.226,2050,ssp245
-88.09859,143.75,1.163,2050,ssp245
-88.09859,153.75,1.121,2050,ssp245
-88.09859,163.75,1.142,2050,ssp245
-88.09859,173.75,1.168,2050,ssp245
-88.09859,183.75,1.203,2050,ssp245
-88.09859,193.75,1.183,2050,ssp245
-88.09859,203.75,1.213,2050,ssp245
-88.09859,213.75,1.221,2050,ssp245
-88.09859,223.75,1.197,2050,ssp245
-88.09859,233.75,1.243,2050,ssp245
-88.09859,243.75,1.246,2050,ssp245
-88.09859,253.75,1.272,2050,ssp245
-88.09859,263.75,1.277,2050,ssp245
-88.09859,273.75,1.334,2050,ssp245
-88.09859,283.75,1.345,2050,ssp245
-88.09859,293.75,1.364,2050,ssp245
-88.09859,303.75,1.339,2050,ssp245
-88.09859,313.75,1.293,2050,ssp245
-88.09859,323.75,1.239,2050,ssp245
-88.09859,333.75,1.233,2050,ssp245
-88.09859,343.75,1.281,2050,ssp245
-88.09859,353.75,1.317,2050,ssp245
-83.02817,3.75,1.555,2050,ssp245
-83.02817,13.75,1.458,2050,ssp245
-83.02817,23.75,1.405,2050,ssp245
-83.02817,33.75,1.421,2050,ssp245
-83.02817,43.75,1.46,2050,ssp245
-83.02817,53.75,1.604,2050,ssp245
-83.02817,63.75,1.4,2050,ssp245
-83.02817,73.75,1.409,2050,ssp245
-83.02817,83.75,1.755,2050,ssp245
-83.02817,93.75,1.787,2050,ssp245
-83.02817,103.75,1.489,2050,ssp245
-83.02817,113.75,1.34,2050,ssp245
-83.02817,123.75,1.309,2050,ssp245
-83.02817,133.75,1.319,2050,ssp245
-83.02817,143.75,1.205,2050,ssp245
-83.02817,153.75,1.127,2050,ssp245
-83.02817,163.75,1.191,2050,ssp245
-83.02817,173.75,1.306,2050,ssp245
-83.02817,183.75,1.505,2050,ssp245
-83.02817,193.75,1.683,2050,ssp245
-83.02817,203.75,1.721,2050,ssp245
-83.02817,213.75,1.679,2050,ssp245
-83.02817,223.75,1.535,2050,ssp245
-83.02817,233.75,1.472,2050,ssp245
-83.02817,243.75,1.402,2050,ssp245
-83.02817,253.75,1.557,2050,ssp245
-83.02817,263.75,1.634,2050,ssp245
-83.02817,273.75,1.67,2050,ssp245
-83.02817,283.75,1.844,2050,ssp245
-83.02817,293.75,2.212,2050,ssp245
-83.02817,303.75,2.09,2050,ssp245
-83.02817,313.75,1.988,2050,ssp245
-83.02817,323.75,1.708,2050,ssp245
-83.02817,333.75,1.682,2050,ssp245
-83.02817,343.75,1.718,2050,ssp245
-83.02817,353.75,1.706,2050,ssp245
-77.95775,3.75,0.94,2050,ssp245
-77.95775,13.75,0.735,2050,ssp245
-77.95775,23.75,1.037,2050,ssp245
-77.95775,33.75,1.512,2050,ssp245
-77.95775,43.75,1.646,2050,ssp245
-77.95775,53.75,1.277,2050,ssp245
-77.95775,63.75,0.732,2050,ssp245
-77.95775,73.75,0.326,2050,ssp245
-77.95775,83.75,0.096,2050,ssp245
-77.95775,93.75,0.145,2050,ssp245
-77.95775,103.75,0.505,2050,ssp245
-77.95775,113.75,0.653,2050,ssp245
-77.95775,123.75,0.673,2050,ssp245
-77.95775,133.75,0.799,2050,ssp245
-77.95775,143.75,1.105,2050,ssp245
-77.95775,153.75,1.267,2050,ssp245
-77.95775,163.75,1.09,2050,ssp245
-77.95775,173.75,1.122,2050,ssp245
-77.95775,183.75,1.365,2050,ssp245
-77.95775,193.75,1.607,2050,ssp245
-77.95775,203.75,1.832,2050,ssp245
-77.95775,213.75,1.267,2050,ssp245
-77.95775,223.75,1.072,2050,ssp245
-77.95775,233.75,0.847,2050,ssp245
-77.95775,243.75,0.735,2050,ssp245
-77.95775,253.75,1.359,2050,ssp245
-77.95775,263.75,1.578,2050,ssp245
-77.95775,273.75,1.645,2050,ssp245
-77.95775,283.75,2.255,2050,ssp245
-77.95775,293.75,2.81,2050,ssp245
-77.95775,303.75,3.432,2050,ssp245
-77.95775,313.75,2.801,2050,ssp245
-77.95775,323.75,2.524,2050,ssp245
-77.95775,333.75,1.646,2050,ssp245
-77.95775,343.75,1.372,2050,ssp245
-77.95775,353.75,1.224,2050,ssp245
-72.88733,3.75,0.739,2050,ssp245
-72.88733,13.75,1.182,2050,ssp245
-72.88733,23.75,1.529,2050,ssp245
-72.88733,33.75,2.029,2050,ssp245
-72.88733,43.75,1.919,2050,ssp245
-72.88733,53.75,1.696,2050,ssp245
-72.88733,63.75,1.104,2050,ssp245
-72.88733,73.75,0.345,2050,ssp245
-72.88733,83.75,-0.513,2050,ssp245
-72.88733,93.75,-0.117,2050,ssp245
-72.88733,103.75,0.331,2050,ssp245
-72.88733,113.75,0.368,2050,ssp245
-72.88733,123.75,0.436,2050,ssp245
-72.88733,133.75,0.219,2050,ssp245
-72.88733,143.75,0.706,2050,ssp245
-72.88733,153.75,0.907,2050,ssp245
-72.88733,163.75,0.726,2050,ssp245
-72.88733,173.75,0.153,2050,ssp245
-72.88733,183.75,-0.078,2050,ssp245
-72.88733,193.75,0.251,2050,ssp245
-72.88733,203.75,1.036,2050,ssp245
-72.88733,213.75,1.42,2050,ssp245
-72.88733,223.75,1.807,2050,ssp245
-72.88733,233.75,1.924,2050,ssp245
-72.88733,243.75,2.273,2050,ssp245
-72.88733,253.75,3.129,2050,ssp245
-72.88733,263.75,2.994,2050,ssp245
-72.88733,273.75,3.122,2050,ssp245
-72.88733,283.75,3.422,2050,ssp245
-72.88733,293.75,2.836,2050,ssp245
-72.88733,303.75,3.276,2050,ssp245
-72.88733,313.75,3.304,2050,ssp245
-72.88733,323.75,2.921,2050,ssp245
-72.88733,333.75,2.253,2050,ssp245
-72.88733,343.75,1.026,2050,ssp245
-72.88733,353.75,0.526,2050,ssp245
-67.8169,3.75,0.757,2050,ssp245
-67.8169,13.75,0.736,2050,ssp245
-67.8169,23.75,1.162,2050,ssp245
-67.8169,33.75,1.907,2050,ssp245
-67.8169,43.75,2.365,2050,ssp245
-67.8169,53.75,2.134,2050,ssp245
-67.8169,63.75,1.463,2050,ssp245
-67.8169,73.75,1.585,2050,ssp245
-67.8169,83.75,0.175,2050,ssp245
-67.8169,93.75,-0.589,2050,ssp245
-67.8169,103.75,-0.644,2050,ssp245
-67.8169,113.75,0.236,2050,ssp245
-67.8169,123.75,0.704,2050,ssp245
-67.8169,133.75,0.629,2050,ssp245
-67.8169,143.75,0.561,2050,ssp245
-67.8169,153.75,0.19,2050,ssp245
-67.8169,163.75,-0.179,2050,ssp245
-67.8169,173.75,0.169,2050,ssp245
-67.8169,183.75,0.082,2050,ssp245
-67.8169,193.75,0.013,2050,ssp245
-67.8169,203.75,0.271,2050,ssp245
-67.8169,213.75,0.516,2050,ssp245
-67.8169,223.75,0.944,2050,ssp245
-67.8169,233.75,1.922,2050,ssp245
-67.8169,243.75,2.787,2050,ssp245
-67.8169,253.75,3.335,2050,ssp245
-67.8169,263.75,3.641,2050,ssp245
-67.8169,273.75,4.061,2050,ssp245
-67.8169,283.75,4.289,2050,ssp245
-67.8169,293.75,3.693,2050,ssp245
-67.8169,303.75,3.801,2050,ssp245
-67.8169,313.75,3.637,2050,ssp245
-67.8169,323.75,3.089,2050,ssp245
-67.8169,333.75,2.32,2050,ssp245
-67.8169,343.75,1.319,2050,ssp245
-67.8169,353.75,0.543,2050,ssp245
-62.746475,3.75,1.391,2050,ssp245
-62.746475,13.75,1.317,2050,ssp245
-62.746475,23.75,1.283,2050,ssp245
-62.746475,33.75,1.684,2050,ssp245
-62.746475,43.75,2.499,2050,ssp245
-62.746475,53.75,3.171,2050,ssp245
-62.746475,63.75,3.487,2050,ssp245
-62.746475,73.75,2.505,2050,ssp245
-62.746475,83.75,1.643,2050,ssp245
-62.746475,93.75,0.983,2050,ssp245
-62.746475,103.75,0.118,2050,ssp245
-62.746475,113.75,0.141,2050,ssp245
-62.746475,123.75,0.689,2050,ssp245
-62.746475,133.75,0.762,2050,ssp245
-62.746475,143.75,0.847,2050,ssp245
-62.746475,153.75,0.875,2050,ssp245
-62.746475,163.75,1.03,2050,ssp245
-62.746475,173.75,1.033,2050,ssp245
-62.746475,183.75,0.378,2050,ssp245
-62.746475,193.75,0.263,2050,ssp245
-62.746475,203.75,0.278,2050,ssp245
-62.746475,213.75,0.52,2050,ssp245
-62.746475,223.75,0.868,2050,ssp245
-62.746475,233.75,1.228,2050,ssp245
-62.746475,243.75,1.815,2050,ssp245
-62.746475,253.75,2.283,2050,ssp245
-62.746475,263.75,2.737,2050,ssp245
-62.746475,273.75,3.223,2050,ssp245
-62.746475,283.75,3.746,2050,ssp245
-62.746475,293.75,4.012,2050,ssp245
-62.746475,303.75,3.533,2050,ssp245
-62.746475,313.75,3.52,2050,ssp245
-62.746475,323.75,3.338,2050,ssp245
-62.746475,333.75,2.894,2050,ssp245
-62.746475,343.75,2.121,2050,ssp245
-62.746475,353.75,1.471,2050,ssp245
-57.676056,3.75,1.46,2050,ssp245
-57.676056,13.75,0.964,2050,ssp245
-57.676056,23.75,0.786,2050,ssp245
-57.676056,33.75,0.853,2050,ssp245
-57.676056,43.75,1.355,2050,ssp245
-57.676056,53.75,1.914,2050,ssp245
-57.676056,63.75,2.364,2050,ssp245
-57.676056,73.75,2.621,2050,ssp245
-57.676056,83.75,2.188,2050,ssp245
-57.676056,93.75,1.542,2050,ssp245
-57.676056,103.75,0.77,2050,ssp245
-57.676056,113.75,0.58,2050,ssp245
-57.676056,123.75,0.703,2050,ssp245
-57.676056,133.75,0.819,2050,ssp245
-57.676056,143.75,0.909,2050,ssp245
-57.676056,153.75,1.131,2050,ssp245
-57.676056,163.75,1.142,2050,ssp245
-57.676056,173.75,0.614,2050,ssp245
-57.676056,183.75,0.096,2050,ssp245
-57.676056,193.75,-0.063,2050,ssp245
-57.676056,203.75,0.054,2050,ssp245
-57.676056,213.75,0.224,2050,ssp245
-57.676056,223.75,0.676,2050,ssp245
-57.676056,233.75,1.082,2050,ssp245
-57.676056,243.75,1.346,2050,ssp245
-57.676056,253.75,1.569,2050,ssp245
-57.676056,263.75,1.759,2050,ssp245
-57.676056,273.75,1.82,2050,ssp245
-57.676056,283.75,1.792,2050,ssp245
-57.676056,293.75,2.216,2050,ssp245
-57.676056,303.75,2.997,2050,ssp245
-57.676056,313.75,3.152,2050,ssp245
-57.676056,323.75,3.055,2050,ssp245
-57.676056,333.75,3.093,2050,ssp245
-57.676056,343.75,2.723,2050,ssp245
-57.676056,353.75,2.13,2050,ssp245
-52.605633,3.75,1.39,2050,ssp245
-52.605633,13.75,1.051,2050,ssp245
-52.605633,23.75,0.93,2050,ssp245
-52.605633,33.75,1.022,2050,ssp245
-52.605633,43.75,1.207,2050,ssp245
-52.605633,53.75,1.519,2050,ssp245
-52.605633,63.75,1.809,2050,ssp245
-52.605633,73.75,1.891,2050,ssp245
-52.605633,83.75,1.705,2050,ssp245
-52.605633,93.75,1.361,2050,ssp245
-52.605633,103.75,1.034,2050,ssp245
-52.605633,113.75,0.8,2050,ssp245
-52.605633,123.75,0.849,2050,ssp245
-52.605633,133.75,0.822,2050,ssp245
-52.605633,143.75,0.99,2050,ssp245
-52.605633,153.75,1.174,2050,ssp245
-52.605633,163.75,1.094,2050,ssp245
-52.605633,173.75,0.851,2050,ssp245
-52.605633,183.75,0.489,2050,ssp245
-52.605633,193.75,0.25,2050,ssp245
-52.605633,203.75,0.381,2050,ssp245
-52.605633,213.75,0.816,2050,ssp245
-52.605633,223.75,0.962,2050,ssp245
-52.605633,233.75,1.161,2050,ssp245
-52.605633,243.75,1.405,2050,ssp245
-52.605633,253.75,1.62,2050,ssp245
-52.605633,263.75,1.749,2050,ssp245
-52.605633,273.75,1.645,2050,ssp245
-52.605633,283.75,1.574,2050,ssp245
-52.605633,293.75,1.718,2050,ssp245
-52.605633,303.75,1.876,2050,ssp245
-52.605633,313.75,2.266,2050,ssp245
-52.605633,323.75,2.339,2050,ssp245
-52.605633,333.75,2.38,2050,ssp245
-52.605633,343.75,2.124,2050,ssp245
-52.605633,353.75,1.744,2050,ssp245
-47.535213,3.75,1.454,2050,ssp245
-47.535213,13.75,1.405,2050,ssp245
-47.535213,23.75,1.267,2050,ssp245
-47.535213,33.75,1.291,2050,ssp245
-47.535213,43.75,1.399,2050,ssp245
-47.535213,53.75,1.573,2050,ssp245
-47.535213,63.75,1.795,2050,ssp245
-47.535213,73.75,1.846,2050,ssp245
-47.535213,83.75,1.703,2050,ssp245
-47.535213,93.75,1.434,2050,ssp245
-47.535213,103.75,1.253,2050,ssp245
-47.535213,113.75,1.135,2050,ssp245
-47.535213,123.75,1.064,2050,ssp245
-47.535213,133.75,1.05,2050,ssp245
-47.535213,143.75,1.348,2050,ssp245
-47.535213,153.75,1.76,2050,ssp245
-47.535213,163.75,1.759,2050,ssp245
-47.535213,173.75,1.341,2050,ssp245
-47.535213,183.75,1.211,2050,ssp245
-47.535213,193.75,1.006,2050,ssp245
-47.535213,203.75,1.033,2050,ssp245
-47.535213,213.75,1.2,2050,ssp245
-47.535213,223.75,1.237,2050,ssp245
-47.535213,233.75,1.342,2050,ssp245
-47.535213,243.75,1.612,2050,ssp245
-47.535213,253.75,1.923,2050,ssp245
-47.535213,263.75,1.956,2050,ssp245
-47.535213,273.75,1.625,2050,ssp245
-47.535213,283.75,1.639,2050,ssp245
-47.535213,293.75,2.151,2050,ssp245
-47.535213,303.75,2.001,2050,ssp245
-47.535213,313.75,2.235,2050,ssp245
-47.535213,323.75,2.415,2050,ssp245
-47.535213,333.75,2.336,2050,ssp245
-47.535213,343.75,1.933,2050,ssp245
-47.535213,353.75,1.596,2050,ssp245
-42.46479,3.75,1.488,2050,ssp245
-42.46479,13.75,1.374,2050,ssp245
-42.46479,23.75,1.217,2050,ssp245
-42.46479,33.75,1.333,2050,ssp245
-42.46479,43.75,1.42,2050,ssp245
-42.46479,53.75,1.468,2050,ssp245
-42.46479,63.75,1.85,2050,ssp245
-42.46479,73.75,1.957,2050,ssp245
-42.46479,83.75,1.78,2050,ssp245
-42.46479,93.75,1.515,2050,ssp245
-42.46479,103.75,1.3,2050,ssp245
-42.46479,113.75,1.216,2050,ssp245
-42.46479,123.75,1.276,2050,ssp245
-42.46479,133.75,1.409,2050,ssp245
-42.46479,143.75,1.921,2050,ssp245
-42.46479,153.75,2.876,2050,ssp245
-42.46479,163.75,2.437,2050,ssp245
-42.46479,173.75,2.357,2050,ssp245
-42.46479,183.75,2.017,2050,ssp245
-42.46479,193.75,1.434,2050,ssp245
-42.46479,203.75,1.12,2050,ssp245
-42.46479,213.75,1.163,2050,ssp245
-42.46479,223.75,1.434,2050,ssp245
-42.46479,233.75,1.724,2050,ssp245
-42.46479,243.75,2.175,2050,ssp245
-42.46479,253.75,2.344,2050,ssp245
-42.46479,263.75,2.213,2050,ssp245
-42.46479,273.75,1.631,2050,ssp245
-42.46479,283.75,1.439,2050,ssp245
-42.46479,293.75,2.235,2050,ssp245
-42.46479,303.75,2.144,2050,ssp245
-42.46479,313.75,2.206,2050,ssp245
-42.46479,323.75,2.493,2050,ssp245
-42.46479,333.75,2.507,2050,ssp245
-42.46479,343.75,2.204,2050,ssp245
-42.46479,353.75,1.859,2050,ssp245
-37.394363,3.75,1.469,2050,ssp245
-37.394363,13.75,1.231,2050,ssp245
-37.394363,23.75,1.331,2050,ssp245
-37.394363,33.75,1.227,2050,ssp245
-37.394363,43.75,1.28,2050,ssp245
-37.394363,53.75,1.425,2050,ssp245
-37.394363,63.75,1.805,2050,ssp245
-37.394363,73.75,1.96,2050,ssp245
-37.394363,83.75,1.803,2050,ssp245
-37.394363,93.75,1.507,2050,ssp245
-37.394363,103.75,1.279,2050,ssp245
-37.394363,113.75,1.262,2050,ssp245
-37.394363,123.75,1.563,2050,ssp245
-37.394363,133.75,1.704,2050,ssp245
-37.394363,143.75,2.606,2050,ssp245
-37.394363,153.75,3.297,2050,ssp245
-37.394363,163.75,2.982,2050,ssp245
-37.394363,173.75,2.681,2050,ssp245
-37.394363,183.75,2.167,2050,ssp245
-37.394363,193.75,1.539,2050,ssp245
-37.394363,203.75,1.24,2050,ssp245
-37.394363,213.75,1.142,2050,ssp245
-37.394363,223.75,1.395,2050,ssp245
-37.394363,233.75,1.829,2050,ssp245
-37.394363,243.75,2.208,2050,ssp245
-37.394363,253.75,2.343,2050,ssp245
-37.394363,263.75,1.943,2050,ssp245
-37.394363,273.75,1.352,2050,ssp245
-37.394363,283.75,1.09,2050,ssp245
-37.394363,293.75,1.568,2050,ssp245
-37.394363,303.75,1.855,2050,ssp245
-37.394363,313.75,1.877,2050,ssp245
-37.394363,323.75,2.19,2050,ssp245
-37.394363,333.75,2.194,2050,ssp245
-37.394363,343.75,2.173,2050,ssp245
-37.394363,353.75,1.821,2050,ssp245
-32.323944,3.75,1.173,2050,ssp245
-32.323944,13.75,1.225,2050,ssp245
-32.323944,23.75,2.46,2050,ssp245
-32.323944,33.75,1.576,2050,ssp245
-32.323944,43.75,1.713,2050,ssp245
-32.323944,53.75,2.01,2050,ssp245
-32.323944,63.75,2.247,2050,ssp245
-32.323944,73.75,2.219,2050,ssp245
-32.323944,83.75,2.002,2050,ssp245
-32.323944,93.75,1.739,2050,ssp245
-32.323944,103.75,1.255,2050,ssp245
-32.323944,113.75,1.64,2050,ssp245
-32.323944,123.75,2.295,2050,ssp245
-32.323944,133.75,2.132,2050,ssp245
-32.323944,143.75,3.047,2050,ssp245
-32.323944,153.75,2.497,2050,ssp245
-32.323944,163.75,2.529,2050,ssp245
-32.323944,173.75,2.413,2050,ssp245
-32.323944,183.75,1.966,2050,ssp245
-32.323944,193.75,1.339,2050,ssp245
-32.323944,203.75,1.121,2050,ssp245
-32.323944,213.75,1.127,2050,ssp245
-32.323944,223.75,1.213,2050,ssp245
-32.323944,233.75,1.399,2050,ssp245
-32.323944,243.75,1.63,2050,ssp245
-32.323944,253.75,1.73,2050,ssp245
-32.323944,263.75,1.22,2050,ssp245
-32.323944,273.75,0.742,2050,ssp245
-32.323944,283.75,0.75,2050,ssp245
-32.323944,293.75,1.497,2050,ssp245
-32.323944,303.75,1.742,2050,ssp245
-32.323944,313.75,1.835,2050,ssp245
-32.323944,323.75,2.079,2050,ssp245
-32.323944,333.75,1.899,2050,ssp245
-32.323944,343.75,1.781,2050,ssp245
-32.323944,353.75,1.506,2050,ssp245
-27.253521,3.75,1.063,2050,ssp245
-27.253521,13.75,1.572,2050,ssp245
-27.253521,23.75,2.981,2050,ssp245
-27.253521,33.75,2.305,2050,ssp245
-27.253521,43.75,2.095,2050,ssp245
-27.253521,53.75,2.168,2050,ssp245
-27.253521,63.75,2.087,2050,ssp245
-27.253521,73.75,1.982,2050,ssp245
-27.253521,83.75,1.727,2050,ssp245
-27.253521,93.75,1.447,2050,ssp245
-27.253521,103.75,1.163,2050,ssp245
-27.253521,113.75,2.127,2050,ssp245
-27.253521,123.75,3.539,2050,ssp245
-27.253521,133.75,3.165,2050,ssp245
-27.253521,143.75,3.062,2050,ssp245
-27.253521,153.75,2.288,2050,ssp245
-27.253521,163.75,2.201,2050,ssp245
-27.253521,173.75,2.086,2050,ssp245
-27.253521,183.75,1.548,2050,ssp245
-27.253521,193.75,1.035,2050,ssp245
-27.253521,203.75,1.068,2050,ssp245
-27.253521,213.75,1.101,2050,ssp245
-27.253521,223.75,0.975,2050,ssp245
-27.253521,233.75,1.091,2050,ssp245
-27.253521,243.75,1.374,2050,ssp245
-27.253521,253.75,1.305,2050,ssp245
-27.253521,263.75,0.811,2050,ssp245
-27.253521,273.75,0.491,2050,ssp245
-27.253521,283.75,0.667,2050,ssp245
-27.253521,293.75,2.251,2050,ssp245
-27.253521,303.75,2.199,2050,ssp245
-27.253521,313.75,1.903,2050,ssp245
-27.253521,323.75,1.854,2050,ssp245
-27.253521,333.75,1.552,2050,ssp245
-27.253521,343.75,1.339,2050,ssp245
-27.253521,353.75,1.075,2050,ssp245
-22.1831,3.75,1.152,2050,ssp245
-22.1831,13.75,2.28,2050,ssp245
-22.1831,23.75,2.797,2050,ssp245
-22.1831,33.75,2.452,2050,ssp245
-22.1831,43.75,2.417,2050,ssp245
-22.1831,53.75,1.859,2050,ssp245
-22.1831,63.75,1.755,2050,ssp245
-22.1831,73.75,1.606,2050,ssp245
-22.1831,83.75,1.538,2050,ssp245
-22.1831,93.75,1.359,2050,ssp245
-22.1831,103.75,1.231,2050,ssp245
-22.1831,113.75,2.039,2050,ssp245
-22.1831,123.75,3.55,2050,ssp245
-22.1831,133.75,3.516,2050,ssp245
-22.1831,143.75,2.784,2050,ssp245
-22.1831,153.75,2.003,2050,ssp245
-22.1831,163.75,1.973,2050,ssp245
-22.1831,173.75,1.77,2050,ssp245
-22.1831,183.75,1.273,2050,ssp245
-22.1831,193.75,1.007,2050,ssp245
-22.1831,203.75,0.924,2050,ssp245
-22.1831,213.75,0.831,2050,ssp245
-22.1831,223.75,1.003,2050,ssp245
-22.1831,233.75,1.296,2050,ssp245
-22.1831,243.75,1.543,2050,ssp245
-22.1831,253.75,1.215,2050,ssp245
-22.1831,263.75,0.748,2050,ssp245
-22.1831,273.75,0.671,2050,ssp245
-22.1831,283.75,0.821,2050,ssp245
-22.1831,293.75,2.967,2050,ssp245
-22.1831,303.75,2.997,2050,ssp245
-22.1831,313.75,2.763,2050,ssp245
-22.1831,323.75,1.48,2050,ssp245
-22.1831,333.75,1.276,2050,ssp245
-22.1831,343.75,1.062,2050,ssp245
-22.1831,353.75,1.013,2050,ssp245
-17.112675,3.75,1.667,2050,ssp245
-17.112675,13.75,2.704,2050,ssp245
-17.112675,23.75,3.031,2050,ssp245
-17.112675,33.75,2.8,2050,ssp245
-17.112675,43.75,2.333,2050,ssp245
-17.112675,53.75,1.889,2050,ssp245
-17.112675,63.75,1.703,2050,ssp245
-17.112675,73.75,1.647,2050,ssp245
-17.112675,83.75,1.644,2050,ssp245
-17.112675,93.75,1.423,2050,ssp245
-17.112675,103.75,1.405,2050,ssp245
-17.112675,113.75,1.741,2050,ssp245
-17.112675,123.75,2.419,2050,ssp245
-17.112675,133.75,2.725,2050,ssp245
-17.112675,143.75,2.331,2050,ssp245
-17.112675,153.75,1.971,2050,ssp245
-17.112675,163.75,1.912,2050,ssp245
-17.112675,173.75,1.687,2050,ssp245
-17.112675,183.75,1.356,2050,ssp245
-17.112675,193.75,1.324,2050,ssp245
-17.112675,203.75,1.383,2050,ssp245
-17.112675,213.75,1.473,2050,ssp245
-17.112675,223.75,1.67,2050,ssp245
-17.112675,233.75,1.751,2050,ssp245
-17.112675,243.75,1.55,2050,ssp245
-17.112675,253.75,1.134,2050,ssp245
-17.112675,263.75,0.864,2050,ssp245
-17.112675,273.75,0.836,2050,ssp245
-17.112675,283.75,1.469,2050,ssp245
-17.112675,293.75,3.343,2050,ssp245
-17.112675,303.75,3.353,2050,ssp245
-17.112675,313.75,3.005,2050,ssp245
-17.112675,323.75,1.677,2050,ssp245
-17.112675,333.75,1.549,2050,ssp245
-17.112675,343.75,1.547,2050,ssp245
-17.112675,353.75,1.543,2050,ssp245
-12.0422535,3.75,2.056,2050,ssp245
-12.0422535,13.75,2.485,2050,ssp245
-12.0422535,23.75,2.907,2050,ssp245
-12.0422535,33.75,2.689,2050,ssp245
-12.0422535,43.75,2.135,2050,ssp245
-12.0422535,53.75,2.075,2050,ssp245
-12.0422535,63.75,2.017,2050,ssp245
-12.0422535,73.75,1.969,2050,ssp245
-12.0422535,83.75,1.803,2050,ssp245
-12.0422535,93.75,1.713,2050,ssp245
-12.0422535,103.75,1.866,2050,ssp245
-12.0422535,113.75,2.066,2050,ssp245
-12.0422535,123.75,2.197,2050,ssp245
-12.0422535,133.75,2.357,2050,ssp245
-12.0422535,143.75,2.113,2050,ssp245
-12.0422535,153.75,2.14,2050,ssp245
-12.0422535,163.75,2.059,2050,ssp245
-12.0422535,173.75,1.928,2050,ssp245
-12.0422535,183.75,1.875,2050,ssp245
-12.0422535,193.75,2.061,2050,ssp245
-12.0422535,203.75,2.246,2050,ssp245
-12.0422535,213.75,2.301,2050,ssp245
-12.0422535,223.75,2.225,2050,ssp245
-12.0422535,233.75,2.086,2050,ssp245
-12.0422535,243.75,1.809,2050,ssp245
-12.0422535,253.75,1.576,2050,ssp245
-12.0422535,263.75,1.452,2050,ssp245
-12.0422535,273.75,1.325,2050,ssp245
-12.0422535,283.75,2.544,2050,ssp245
-12.0422535,293.75,3.207,2050,ssp245
-12.0422535,303.75,3.279,2050,ssp245
-12.0422535,313.75,2.962,2050,ssp245
-12.0422535,323.75,2.046,2050,ssp245
-12.0422535,333.75,2.006,2050,ssp245
-12.0422535,343.75,2.013,2050,ssp245
-12.0422535,353.75,2.08,2050,ssp245
-6.9718313,3.75,2.129,2050,ssp245
-6.9718313,13.75,2.59,2050,ssp245
-6.9718313,23.75,2.935,2050,ssp245
-6.9718313,33.75,2.76,2050,ssp245
-6.9718313,43.75,2.167,2050,ssp245
-6.9718313,53.75,2.261,2050,ssp245
-6.9718313,63.75,2.342,2050,ssp245
-6.9718313,73.75,2.227,2050,ssp245
-6.9718313,83.75,2.116,2050,ssp245
-6.9718313,93.75,2.071,2050,ssp245
-6.9718313,103.75,2.009,2050,ssp245
-6.9718313,113.75,2.144,2050,ssp245
-6.9718313,123.75,2.192,2050,ssp245
-6.9718313,133.75,2.221,2050,ssp245
-6.9718313,143.75,2.236,2050,ssp245
-6.9718313,153.75,2.35,2050,ssp245
-6.9718313,163.75,2.328,2050,ssp245
-6.9718313,173.75,2.294,2050,ssp245
-6.9718313,183.75,2.405,2050,ssp245
-6.9718313,193.75,2.518,2050,ssp245
-6.9718313,203.75,2.527,2050,ssp245
-6.9718313,213.75,2.427,2050,ssp245
-6.9718313,223.75,2.281,2050,ssp245
-6.9718313,233.75,2.129,2050,ssp245
-6.9718313,243.75,2.008,2050,ssp245
-6.9718313,253.75,1.976,2050,ssp245
-6.9718313,263.75,1.926,2050,ssp245
-6.9718313,273.75,1.531,2050,ssp245
-6.9718313,283.75,2.857,2050,ssp245
-6.9718313,293.75,3.043,2050,ssp245
-6.9718313,303.75,2.85,2050,ssp245
-6.9718313,313.75,2.615,2050,ssp245
-6.9718313,323.75,2.335,2050,ssp245
-6.9718313,333.75,2.208,2050,ssp245
-6.9718313,343.75,2.177,2050,ssp245
-6.9718313,353.75,2.138,2050,ssp245
-1.9014084,3.75,2.242,2050,ssp245
-1.9014084,13.75,2.677,2050,ssp245
-1.9014084,23.75,2.933,2050,ssp245
-1.9014084,33.75,2.731,2050,ssp245
-1.9014084,43.75,2.386,2050,ssp245
-1.9014084,53.75,2.417,2050,ssp245
-1.9014084,63.75,2.437,2050,ssp245
-1.9014084,73.75,2.328,2050,ssp245
-1.9014084,83.75,2.249,2050,ssp245
-1.9014084,93.75,2.158,2050,ssp245
-1.9014084,103.75,2.189,2050,ssp245
-1.9014084,113.75,2.168,2050,ssp245
-1.9014084,123.75,2.17,2050,ssp245
-1.9014084,133.75,2.254,2050,ssp245
-1.9014084,143.75,2.48,2050,ssp245
-1.9014084,153.75,2.601,2050,ssp245
-1.9014084,163.75,2.569,2050,ssp245
-1.9014084,173.75,2.621,2050,ssp245
-1.9014084,183.75,2.728,2050,ssp245
-1.9014084,193.75,2.773,2050,ssp245
-1.9014084,203.75,2.743,2050,ssp245
-1.9014084,213.75,2.691,2050,ssp245
-1.9014084,223.75,2.505,2050,ssp245
-1.9014084,233.75,2.281,2050,ssp245
-1.9014084,243.75,2.107,2050,ssp245
-1.9014084,253.75,1.91,2050,ssp245
-1.9014084,263.75,1.772,2050,ssp245
-1.9014084,273.75,1.582,2050,ssp245
-1.9014084,283.75,2.712,2050,ssp245
-1.9014084,293.75,3.051,2050,ssp245
-1.9014084,303.75,3.155,2050,ssp245
-1.9014084,313.75,2.303,2050,ssp245
-1.9014084,323.75,2.168,2050,ssp245
-1.9014084,333.75,2.192,2050,ssp245
-1.9014084,343.75,2.267,2050,ssp245
-1.9014084,353.75,2.241,2050,ssp245
3.169014,3.75,2.086,2050,ssp245
3.169014,13.75,2.689,2050,ssp245
3.169014,23.75,2.957,2050,ssp245
3.169014,33.75,2.713,2050,ssp245
3.169014,43.75,2.648,2050,ssp245
3.169014,53.75,2.48,2050,ssp245
3.169014,63.75,2.41,2050,ssp245
3.169014,73.75,2.323,2050,ssp245
3.169014,83.75,2.3,2050,ssp245
3.169014,93.75,2.334,2050,ssp245
3.169014,103.75,2.162,2050,ssp245
3.169014,113.75,2.145,2050,ssp245
3.169014,123.75,2.199,2050,ssp245
3.169014,133.75,2.484,2050,ssp245
3.169014,143.75,2.525,2050,ssp245
3.169014,153.75,2.561,2050,ssp245
3.169014,163.75,2.56,2050,ssp245
3.169014,173.75,2.571,2050,ssp245
3.169014,183.75,2.655,2050,ssp245
3.169014,193.75,2.695,2050,ssp245
3.169014,203.75,2.683,2050,ssp245
3.169014,213.75,2.594,2050,ssp245
3.169014,223.75,2.514,2050,ssp245
3.169014,233.75,2.341,2050,ssp245
3.169014,243.75,2.154,2050,ssp245
3.169014,253.75,2.003,2050,ssp245
3.169014,263.75,1.946,2050,ssp245
3.169014,273.75,1.802,2050,ssp245
3.169014,283.75,2.654,2050,ssp245
3.169014,293.75,3.405,2050,ssp245
3.169014,303.75,2.983,2050,ssp245
3.169014,313.75,2.004,2050,ssp245
3.169014,323.75,2.024,2050,ssp245
3.169014,333.75,2.061,2050,ssp245
3.169014,343.75,2.055,2050,ssp245
3.169014,353.75,2.135,2050,ssp245
8.239437,3.75,3.025,2050,ssp245
8.239437,13.75,3.248,2050,ssp245
8.239437,23.75,3.116,2050,ssp245
8.239437,33.75,3.045,2050,ssp245
8.239437,43.75,3.035,2050,ssp245
8.239437,53.75,2.591,2050,ssp245
8.239437,63.75,2.513,2050,ssp245
8.239437,73.75,2.238,2050,ssp245
8.239437,83.75,2.223,2050,ssp245
8.239437,93.75,2.193,2050,ssp245
8.239437,103.75,1.877,2050,ssp245
8.239437,113.75,1.935,2050,ssp245
8.239437,123.75,2.175,2050,ssp245
8.239437,133.75,2.215,2050,ssp245
8.239437,143.75,2.188,2050,ssp245
8.239437,153.75,2.162,2050,ssp245
8.239437,163.75,2.221,2050,ssp245
8.239437,173.75,2.266,2050,ssp245
8.239437,183.75,2.323,2050,ssp245
8.239437,193.75,2.495,2050,ssp245
8.239437,203.75,2.6,2050,ssp245
8.239437,213.75,2.535,2050,ssp245
8.239437,223.75,2.486,2050,ssp245
8.239437,233.75,2.433,2050,ssp245
8.239437,243.75,2.365,2050,ssp245
8.239437,253.75,2.255,2050,ssp245
8.239437,263.75,2.219,2050,ssp245
8.239437,273.75,2.122,2050,ssp245
8.239437,283.75,2.629,2050,ssp245
8.239437,293.75,2.92,2050,ssp245
8.239437,303.75,1.876,2050,ssp245
8.239437,313.75,1.765,2050,ssp245
8.239437,323.75,1.798,2050,ssp245
8.239437,333.75,1.761,2050,ssp245
8.239437,343.75,1.758,2050,ssp245
8.239437,353.75,2.901,2050,ssp245
13.309858,3.75,3.593,2050,ssp245
13.309858,13.75,3.701,2050,ssp245
13.309858,23.75,3.257,2050,ssp245
13.309858,33.75,3.175,2050,ssp245
13.309858,43.75,2.839,2050,ssp245
13.309858,53.75,2.539,2050,ssp245
13.309858,63.75,2.531,2050,ssp245
13.309858,73.75,2.37,2050,ssp245
13.309858,83.75,2.09,2050,ssp245
13.309858,93.75,2.01,2050,ssp245
13.309858,103.75,2.28,2050,ssp245
13.309858,113.75,1.915,2050,ssp245
13.309858,123.75,2.146,2050,ssp245
13.309858,133.75,2.108,2050,ssp245
13.309858,143.75,2.05,2050,ssp245
13.309858,153.75,2.001,2050,ssp245
13.309858,163.75,2.011,2050,ssp245
13.309858,173.75,2.053,2050,ssp245
13.309858,183.75,2.183,2050,ssp245
13.309858,193.75,2.509,2050,ssp245
13.309858,203.75,2.671,2050,ssp245
13.309858,213.75,2.596,2050,ssp245
13.309858,223.75,2.605,2050,ssp245
13.309858,233.75,2.588,2050,ssp245
13.309858,243.75,2.469,2050,ssp245
13.309858,253.75,2.424,2050,ssp245
13.309858,263.75,2.493,2050,ssp245
13.309858,273.75,2.376,2050,ssp245
13.309858,283.75,1.536,2050,ssp245
13.309858,293.75,1.674,2050,ssp245
13.309858,303.75,1.661,2050,ssp245
13.309858,313.75,1.587,2050,ssp245
13.309858,323.75,1.593,2050,ssp245
13.309858,333.75,1.541,2050,ssp245
13.309858,343.75,2.079,2050,ssp245
13.309858,353.75,3.41,2050,ssp245
18.380281,3.75,3.879,2050,ssp245
18.380281,13.75,4.141,2050,ssp245
18.380281,23.75,3.695,2050,ssp245
18.380281,33.75,3.164,2050,ssp245
18.380281,43.75,3.197,2050,ssp245
18.380281,53.75,3.191,2050,ssp245
18.380281,63.75,2.604,2050,ssp245
18.380281,73.75,2.815,2050,ssp245
18.380281,83.75,2.272,2050,ssp245
18.380281,93.75,2.255,2050,ssp245
18.380281,103.75,2.236,2050,ssp245
18.380281,113.75,1.985,2050,ssp245
18.380281,123.75,2.059,2050,ssp245
18.380281,133.75,2.107,2050,ssp245
18.380281,143.75,2.08,2050,ssp245
18.380281,153.75,2.033,2050,ssp245
18.380281,163.75,1.97,2050,ssp245
18.380281,173.75,1.943,2050,ssp245
18.380281,183.75,1.916,2050,ssp245
18.380281,193.75,2.173,2050,ssp245
18.380281,203.75,2.606,2050,ssp245
18.380281,213.75,2.679,2050,ssp245
18.380281,223.75,2.718,2050,ssp245
18.380281,233.75,2.6,2050,ssp245
18.380281,243.75,2.362,2050,ssp245
18.380281,253.75,2.386,2050,ssp245
18.380281,263.75,2.589,2050,ssp245
18.380281,273.75,2.103,2050,ssp245
18.380281,283.75,2.01,2050,ssp245
18.380281,293.75,1.762,2050,ssp245
18.380281,303.75,1.741,2050,ssp245
18.380281,313.75,1.567,2050,ssp245
18.380281,323.75,1.353,2050,ssp245
18.380281,333.75,1.206,2050,ssp245
18.380281,343.75,1.809,2050,ssp245
18.380281,353.75,3.661,2050,ssp245
23.450703,3.75,3.652,2050,ssp245
23.450703,13.75,3.424,2050,ssp245
23.450703,23.75,3.312,2050,ssp245
23.450703,33.75,3.001,2050,ssp245
23.450703,43.75,3.44,2050,ssp245
23.450703,53.75,3.491,2050,ssp245
23.450703,63.75,2.859,2050,ssp245
23.450703,73.75,3.464,2050,ssp245
23.450703,83.75,2.966,2050,ssp245
23.450703,93.75,2.546,2050,ssp245
23.450703,103.75,2.511,2050,ssp245
23.450703,113.75,2.54,2050,ssp245
23.450703,123.75,2.227,2050,ssp245
23.450703,133.75,2.095,2050,ssp245
23.450703,143.75,2.092,2050,ssp245
23.450703,153.75,2.124,2050,ssp245
23.450703,163.75,2.073,2050,ssp245
23.450703,173.75,1.867,2050,ssp245
23.450703,183.75,1.652,2050,ssp245
23.450703,193.75,1.737,2050,ssp245
23.450703,203.75,2.218,2050,ssp245
23.450703,213.75,2.792,2050,ssp245
23.450703,223.75,2.882,2050,ssp245
23.450703,233.75,2.42,2050,ssp245
23.450703,243.75,1.752,2050,ssp245
23.450703,253.75,2.574,2050,ssp245
23.450703,263.75,2.529,2050,ssp245
23.450703,273.75,2.17,2050,ssp245
23.450703,283.75,2.3,2050,ssp245
23.450703,293.75,2.199,2050,ssp245
23.450703,303.75,2.177,2050,ssp245
23.450703,313.75,2.128,2050,ssp245
23.450703,323.75,1.855,2050,ssp245
23.450703,333.75,1.195,2050,ssp245
23.450703,343.75,1.529,2050,ssp245
23.450703,353.75,3.411,2050,ssp245
28.521126,3.75,3.116,2050,ssp245
28.521126,13.75,2.808,2050,ssp245
28.521126,23.75,2.74,2050,ssp245
28.521126,33.75,3.035,2050,ssp245
28.521126,43.75,3.613,2050,ssp245
28.521126,53.75,3.755,2050,ssp245
28.521126,63.75,3.651,2050,ssp245
28.521126,73.75,3.461,2050,ssp245
28.521126,83.75,3.444,2050,ssp245
28.521126,93.75,3.513,2050,ssp245
28.521126,103.75,3.328,2050,ssp245
28.521126,113.75,3.263,2050,ssp245
28.521126,123.75,2.79,2050,ssp245
28.521126,133.75,2.365,2050,ssp245
28.521126,143.75,2.249,2050,ssp245
28.521126,153.75,2.226,2050,ssp245
28.521126,163.75,2.19,2050,ssp245
28.521126,173.75,2.027,2050,ssp245
28.521126,183.75,1.645,2050,ssp245
28.521126,193.75,1.338,2050,ssp245
28.521126,203.75,1.592,2050,ssp245
28.521126,213.75,2.389,2050,ssp245
28.521126,223.75,2.852,2050,ssp245
28.521126,233.75,2.512,2050,ssp245
28.521126,243.75,1.972,2050,ssp245
28.521126,253.75,3.03,2050,ssp245
28.521126,263.75,2.491,2050,ssp245
28.521126,273.75,2.493,2050,ssp245
28.521126,283.75,2.359,2050,ssp245
28.521126,293.75,2.322,2050,ssp245
28.521126,303.75,2.332,2050,ssp245
28.521126,313.75,2.408,2050,ssp245
28.521126,323.75,2.267,2050,ssp245
28.521126,333.75,1.892,2050,ssp245
28.521126,343.75,1.211,2050,ssp245
28.521126,353.75,3.068,2050,ssp245
33.591553,3.75,3.072,2050,ssp245
33.591553,13.75,2.621,2050,ssp245
33.591553,23.75,2.225,2050,ssp245
33.591553,33.75,2.501,2050,ssp245
33.591553,43.75,4.052,2050,ssp245
33.591553,53.75,4.024,2050,ssp245
33.591553,63.75,4.178,2050,ssp245
33.591553,73.75,3.849,2050,ssp245
33.591553,83.75,3.852,2050,ssp245
33.591553,93.75,3.867,2050,ssp245
33.591553,103.75,4.025,2050,ssp245
33.591553,113.75,3.666,2050,ssp245
33.591553,123.75,3.323,2050,ssp245
33.591553,133.75,2.999,2050,ssp245
33.591553,143.75,2.673,2050,ssp245
33.591553,153.75,2.459,2050,ssp245
33.591553,163.75,2.439,2050,ssp245
33.591553,173.75,2.228,2050,ssp245
33.591553,183.75,1.665,2050,ssp245
33.591553,193.75,1.194,2050,ssp245
33.591553,203.75,1.234,2050,ssp245
33.591553,213.75,1.759,2050,ssp245
33.591553,223.75,2.285,2050,ssp245
33.591553,233.75,2.301,2050,ssp245
33.591553,243.75,2.444,2050,ssp245
33.591553,253.75,3.173,2050,ssp245
33.591553,263.75,2.701,2050,ssp245
33.591553,273.75,3.122,2050,ssp245
33.591553,283.75,2.769,2050,ssp245
33.591553,293.75,2.189,2050,ssp245
33.591553,303.75,2.12,2050,ssp245
33.591553,313.75,2.083,2050,ssp245
33.591553,323.75,2.247,2050,ssp245
33.591553,333.75,2.142,2050,ssp245
33.591553,343.75,1.494,2050,ssp245
33.591553,353.75,2.435,2050,ssp245
38.661972,3.75,2.493,2050,ssp245
38.661972,13.75,2.885,2050,ssp245
38.661972,23.75,2.745,2050,ssp245
38.661972,33.75,3.228,2050,ssp245
38.661972,43.75,4.377,2050,ssp245
38.661972,53.75,3.843,2050,ssp245
38.661972,63.75,4.217,2050,ssp245
38.661972,73.75,4.241,2050,ssp245
38.661972,83.75,3.933,2050,ssp245
38.661972,93.75,3.771,2050,ssp245
38.661972,103.75,3.915,2050,ssp245
38.661972,113.75,3.792,2050,ssp245
38.661972,123.75,3.923,2050,ssp245
38.661972,133.75,4.132,2050,ssp245
38.661972,143.75,3.947,2050,ssp245
38.661972,153.75,3.888,2050,ssp245
38.661972,163.75,3.559,2050,ssp245
38.661972,173.75,3.004,2050,ssp245
38.661972,183.75,2.249,2050,ssp245
38.661972,193.75,1.672,2050,ssp245
38.661972,203.75,1.581,2050,ssp245
38.661972,213.75,1.76,2050,ssp245
38.661972,223.75,1.821,2050,ssp245
38.661972,233.75,2.018,2050,ssp245
38.661972,243.75,2.818,2050,ssp245
38.661972,253.75,2.992,2050,ssp245
38.661972,263.75,3.087,2050,ssp245
38.661972,273.75,3.282,2050,ssp245
38.661972,283.75,3.205,2050,ssp245
38.661972,293.75,2.462,2050,ssp245
38.661972,303.75,2.138,2050,ssp245
38.661972,313.75,1.588,2050,ssp245
38.661972,323.75,1.598,2050,ssp245
38.661972,333.75,1.882,2050,ssp245
38.661972,343.75,1.706,2050,ssp245
38.661972,353.75,2.759,2050,ssp245
43.732395,3.75,3.496,2050,ssp245
43.732395,13.75,3.562,2050,ssp245
43.732395,23.75,3.647,2050,ssp245
43.732395,33.75,2.973,2050,ssp245
43.732395,43.75,4.076,2050,ssp245
43.732395,53.75,4.423,2050,ssp245
43.732395,63.75,4.793,2050,ssp245
43.732395,73.75,4.589,2050,ssp245
43.732395,83.75,4.048,2050,ssp245
43.732395,93.75,3.635,2050,ssp245
43.732395,103.75,4.089,2050,ssp245
43.732395,113.75,4.501,2050,ssp245
43.732395,123.75,4.833,2050,ssp245
43.732395,133.75,4.368,2050,ssp245
43.732395,143.75,4.51,2050,ssp245
43.732395,153.75,4.21,2050,ssp245
43.732395,163.75,3.744,2050,ssp245
43.732395,173.75,3.147,2050,ssp245
43.732395,183.75,2.716,2050,ssp245
43.732395,193.75,2.393,2050,ssp245
43.732395,203.75,2.228,2050,ssp245
43.732395,213.75,2.186,2050,ssp245
43.732395,223.75,1.953,2050,ssp245
43.732395,233.75,2.198,2050,ssp245
43.732395,243.75,2.836,2050,ssp245
43.732395,253.75,3.055,2050,ssp245
43.732395,263.75,3.749,2050,ssp245
43.732395,273.75,3.607,2050,ssp245
43.732395,283.75,3.207,2050,ssp245
43.732395,293.75,2.849,2050,ssp245
43.732395,303.75,2.366,2050,ssp245
43.732395,313.75,1.845,2050,ssp245
43.732395,323.75,1.711,2050,ssp245
43.732395,333.75,1.627,2050,ssp245
43.732395,343.75,1.67,2050,ssp245
43.732395,353.75,2.181,2050,ssp245
48.802814,3.75,3.385,2050,ssp245
48.802814,13.75,3.795,2050,ssp245
48.802814,23.75,3.637,2050,ssp245
48.802814,33.75,4.731,2050,ssp245
48.802814,43.75,5.437,2050,ssp245
48.802814,53.75,5.776,2050,ssp245
48.802814,63.75,5.674,2050,ssp245
48.802814,73.75,5.316,2050,ssp245
48.802814,83.75,4.57,2050,ssp245
48.802814,93.75,4.499,2050,ssp245
48.802814,103.75,4.9,2050,ssp245
48.802814,113.75,5.115,2050,ssp245
48.802814,123.75,4.852,2050,ssp245
48.802814,133.75,4.466,2050,ssp245
48.802814,143.75,4.01,2050,ssp245
48.802814,153.75,3.384,2050,ssp245
48.802814,163.75,2.932,2050,ssp245
48.802814,173.75,2.86,2050,ssp245
48.802814,183.75,2.862,2050,ssp245
48.802814,193.75,2.679,2050,ssp245
48.802814,203.75,2.658,2050,ssp245
48.802814,213.75,2.343,2050,ssp245
48.802814,223.75,2.148,2050,ssp245
48.802814,233.75,2.719,2050,ssp245
48.802814,243.75,3.199,2050,ssp245
48.802814,253.75,3.689,2050,ssp245
48.802814,263.75,4.363,2050,ssp245
48.802814,273.75,4.178,2050,ssp245
48.802814,283.75,3.391,2050,ssp245
48.802814,293.75,3.042,2050,ssp245
48.802814,303.75,2.84,2050,ssp245
48.802814,313.75,2.212,2050,ssp245
48.802814,323.75,2.135,2050,ssp245
48.802814,333.75,1.778,2050,ssp245
48.802814,343.75,1.56,2050,ssp245
48.802814,353.75,1.692,2050,ssp245
53.87324,3.75,2.537,2050,ssp245
53.87324,13.75,3.274,2050,ssp245
53.87324,23.75,3.866,2050,ssp245
53.87324,33.75,5.287,2050,ssp245
53.87324,43.75,6.224,2050,ssp245
53.87324,53.75,6.463,2050,ssp245
53.87324,63.75,6.074,2050,ssp245
53.87324,73.75,6.018,2050,ssp245
53.87324,83.75,5.735,2050,ssp245
53.87324,93.75,5.642,2050,ssp245
53.87324,103.75,5.981,2050,ssp245
53.87324,113.75,5.587,2050,ssp245
53.87324,123.75,5.224,2050,ssp245
53.87324,133.75,4.943,2050,ssp245
53.87324,143.75,5.014,2050,ssp245
53.87324,153.75,3.473,2050,ssp245
53.87324,163.75,3.052,2050,ssp245
53.87324,173.75,2.973,2050,ssp245
53.87324,183.75,3.547,2050,ssp245
53.87324,193.75,3.459,2050,ssp245
53.87324,203.75,2.911,2050,ssp245
53.87324,213.75,2.401,2050,ssp245
53.87324,223.75,2.606,2050,ssp245
53.87324,233.75,3.181,2050,ssp245
53.87324,243.75,3.318,2050,ssp245
53.87324,253.75,4.029,2050,ssp245
53.87324,263.75,4.782,2050,ssp245
53.87324,273.75,5.051,2050,ssp245
53.87324,283.75,3.9,2050,ssp245
53.87324,293.75,3.416,2050,ssp245
53.87324,303.75,3.239,2050,ssp245
53.87324,313.75,2.758,2050,ssp245
53.87324,323.75,2.548,2050,ssp245
53.87324,333.75,1.992,2050,ssp245
53.87324,343.75,1.86,2050,ssp245
53.87324,353.75,2.131,2050,ssp245
58.943665,3.75,2.78,2050,ssp245
58.943665,13.75,3.911,2050,ssp245
58.943665,23.75,4.485,2050,ssp245
58.943665,33.75,5.625,2050,ssp245
58.943665,43.75,6.559,2050,ssp245
58.943665,53.75,6.89,2050,ssp245
58.943665,63.75,6.789,2050,ssp245
58.943665,73.75,6.604,2050,ssp245
58.943665,83.75,6.571,2050,ssp245
58.943665,93.75,7.095,2050,ssp245
58.943665,103.75,7.291,2050,ssp245
58.943665,113.75,6.969,2050,ssp245
58.943665,123.75,6.247,2050,ssp245
58.943665,133.75,5.041,2050,ssp245
58.943665,143.75,4.814,2050,ssp245
58.943665,153.75,4.278,2050,ssp245
58.943665,163.75,4.587,2050,ssp245
58.943665,173.75,4.843,2050,ssp245
58.943665,183.75,5.708,2050,ssp245
58.943665,193.75,5.17,2050,ssp245
58.943665,203.75,4.452,2050,ssp245
58.943665,213.75,2.847,2050,ssp245
58.943665,223.75,3.375,2050,ssp245
58.943665,233.75,3.429,2050,ssp245
58.943665,243.75,3.974,2050,ssp245
58.943665,253.75,4.935,2050,ssp245
58.943665,263.75,5.512,2050,ssp245
58.943665,273.75,6.037,2050,ssp245
58.943665,283.75,4.49,2050,ssp245
58.943665,293.75,4.146,2050,ssp245
58.943665,303.75,3.945,2050,ssp245
58.943665,313.75,3.253,2050,ssp245
58.943665,323.75,2.82,2050,ssp245
58.943665,333.75,2.163,2050,ssp245
58.943665,343.75,2.221,2050,ssp245
58.943665,353.75,2.299,2050,ssp245
64.014084,3.75,3.124,2050,ssp245
64.014084,13.75,4.529,2050,ssp245
64.014084,23.75,5.051,2050,ssp245
64.014084,33.75,5.749,2050,ssp245
64.014084,43.75,6.852,2050,ssp245
64.014084,53.75,7.683,2050,ssp245
64.014084,63.75,7.412,2050,ssp245
64.014084,73.75,7.52,2050,ssp245
64.014084,83.75,7.519,2050,ssp245
64.014084,93.75,7.992,2050,ssp245
64.014084,103.75,8.141,2050,ssp245
64.014084,113.75,7.518,2050,ssp245
64.014084,123.75,6.601,2050,ssp245
64.014084,133.75,4.627,2050,ssp245
64.014084,143.75,3.967,2050,ssp245
64.014084,153.75,5.165,2050,ssp245
64.014084,163.75,5.901,2050,ssp245
64.014084,173.75,6.942,2050,ssp245
64.014084,183.75,7.068,2050,ssp245
64.014084,193.75,6.197,2050,ssp245
64.014084,203.75,5.855,2050,ssp245
64.014084,213.75,4.575,2050,ssp245
64.014084,223.75,4.213,2050,ssp245
64.014084,233.75,4.235,2050,ssp245
64.014084,243.75,5.062,2050,ssp245
64.014084,253.75,5.783,2050,ssp245
64.014084,263.75,5.633,2050,ssp245
64.014084,273.75,5.509,2050,ssp245
64.014084,283.75,5.261,2050,ssp245
64.014084,293.75,4.765,2050,ssp245
64.014084,303.75,4.531,2050,ssp245
64.014084,313.75,3.631,2050,ssp245
64.014084,323.75,3.869,2050,ssp245
64.014084,333.75,3.316,2050,ssp245
64.014084,343.75,3.69,2050,ssp245
64.014084,353.75,3.936,2050,ssp245
69.0845,3.75,3.051,2050,ssp245
69.0845,13.75,3.848,2050,ssp245
69.0845,23.75,4.676,2050,ssp245
69.0845,33.75,4.921,2050,ssp245
69.0845,43.75,6.559,2050,ssp245
69.0845,53.75,8.379,2050,ssp245
69.0845,63.75,8.353,2050,ssp245
69.0845,73.75,8.365,2050,ssp245
69.0845,83.75,8.361,2050,ssp245
69.0845,93.75,7.806,2050,ssp245
69.0845,103.75,7.67,2050,ssp245
69.0845,113.75,7.439,2050,ssp245
69.0845,123.75,6.176,2050,ssp245
69.0845,133.75,4.881,2050,ssp245
69.0845,143.75,4.757,2050,ssp245
69.0845,153.75,5.629,2050,ssp245
69.0845,163.75,6.66,2050,ssp245
69.0845,173.75,7.647,2050,ssp245
69.0845,183.75,8.743,2050,ssp245
69.0845,193.75,8.197,2050,ssp245
69.0845,203.75,7.534,2050,ssp245
69.0845,213.75,6.74,2050,ssp245
69.0845,223.75,6.352,2050,ssp245
69.0845,233.75,5.293,2050,ssp245
69.0845,243.75,5.294,2050,ssp245
69.0845,253.75,6.183,2050,ssp245
69.0845,263.75,6.621,2050,ssp245
69.0845,273.75,5.822,2050,ssp245
69.0845,283.75,5.013,2050,ssp245
69.0845,293.75,5.635,2050,ssp245
69.0845,303.75,5.316,2050,ssp245
69.0845,313.75,3.515,2050,ssp245
69.0845,323.75,3.723,2050,ssp245
69.0845,333.75,4.235,2050,ssp245
69.0845,343.75,5.421,2050,ssp245
69.0845,353.75,4.067,2050,ssp245
74.15493,3.75,4.528,2050,ssp245
74.15493,13.75,5.072,2050,ssp245
74.15493,23.75,5.702,2050,ssp245
74.15493,33.75,5.785,2050,ssp245
74.15493,43.75,7.018,2050,ssp245
74.15493,53.75,9.197,2050,ssp245
74.15493,63.75,10.694,2050,ssp245
74.15493,73.75,9.603,2050,ssp245
74.15493,83.75,8.815,2050,ssp245
74.15493,93.75,8.761,2050,ssp245
74.15493,103.75,8.496,2050,ssp245
74.15493,113.75,7.177,2050,ssp245
74.15493,123.75,6.845,2050,ssp245
74.15493,133.75,6.768,2050,ssp245
74.15493,143.75,7.111,2050,ssp245
74.15493,153.75,8.108,2050,ssp245
74.15493,163.75,9.429,2050,ssp245
74.15493,173.75,10.143,2050,ssp245
74.15493,183.75,10.241,2050,ssp245
74.15493,193.75,10.219,2050,ssp245
74.15493,203.75,10.209,2050,ssp245
74.15493,213.75,9.998,2050,ssp245
74.15493,223.75,8.953,2050,ssp245
74.15493,233.75,7.467,2050,ssp245
74.15493,243.75,7.502,2050,ssp245
74.15493,253.75,8.15,2050,ssp245
74.15493,263.75,7.681,2050,ssp245
74.15493,273.75,6.373,2050,ssp245
74.15493,283.75,6.256,2050,ssp245
74.15493,293.75,6.079,2050,ssp245
74.15493,303.75,4.23,2050,ssp245
74.15493,313.75,3.718,2050,ssp245
74.15493,323.75,3.883,2050,ssp245
74.15493,333.75,3.669,2050,ssp245
74.15493,343.75,7.912,2050,ssp245
74.15493,353.75,6.332,2050,ssp245
79.22536,3.75,9.582,2050,ssp245
79.22536,13.75,9.411,2050,ssp245
79.22536,23.75,10.732,2050,ssp245
79.22536,33.75,11.95,2050,ssp245
79.22536,43.75,12.676,2050,ssp245
79.22536,53.75,13.245,2050,ssp245
79.22536,63.75,13.959,2050,ssp245
79.22536,73.75,14.041,2050,ssp245
79.22536,83.75,12.946,2050,ssp245
79.22536,93.75,10.834,2050,ssp245
79.22536,103.75,10.458,2050,ssp245
79.22536,113.75,10.139,2050,ssp245
79.22536,123.75,9.618,2050,ssp245
79.22536,133.75,9.205,2050,ssp245
79.22536,143.75,9.445,2050,ssp245
79.22536,153.75,9.594,2050,ssp245
79.22536,163.75,9.707,2050,ssp245
79.22536,173.75,9.976,2050,ssp245
79.22536,183.75,10.269,2050,ssp245
79.22536,193.75,10.218,2050,ssp245
79.22536,203.75,10.212,2050,ssp245
79.22536,213.75,10.285,2050,ssp245
79.22536,223.75,10.228,2050,ssp245
79.22536,233.75,9.824,2050,ssp245
79.22536,243.75,9.198,2050,ssp245
79.22536,253.75,8.506,2050,ssp245
79.22536,263.75,7.311,2050,ssp245
79.22536,273.75,5.707,2050,ssp245
79.22536,283.75,5.435,2050,ssp245
79.22536,293.75,4.787,2050,ssp245
79.22536,303.75,3.418,2050,ssp245
79.22536,313.75,3.399,2050,ssp245
79.22536,323.75,3.417,2050,ssp245
79.22536,333.75,3.97,2050,ssp245
79.22536,343.75,7.304,2050,ssp245
79.22536,353.75,9.152,2050,ssp245
84.29578,3.75,10.318,2050,ssp245
84.29578,13.75,10.786,2050,ssp245
84.29578,23.75,11.093,2050,ssp245
84.29578,33.75,11.522,2050,ssp245
84.29578,43.75,12.409,2050,ssp245
84.29578,53.75,13.415,2050,ssp245
84.29578,63.75,14.28,2050,ssp245
84.29578,73.75,14.623,2050,ssp245
84.29578,83.75,14.237,2050,ssp245
84.29578,93.75,13.146,2050,ssp245
84.29578,103.75,11.809,2050,ssp245
84.29578,113.75,10.992,2050,ssp245
84.29578,123.75,10.466,2050,ssp245
84.29578,133.75,10.076,2050,ssp245
84.29578,143.75,9.871,2050,ssp245
84.29578,153.75,9.782,2050,ssp245
84.29578,163.75,9.841,2050,ssp245
84.29578,173.75,9.945,2050,ssp245
84.29578,183.75,10.055,2050,ssp245
84.29578,193.75,10.059,2050,ssp245
84.29578,203.75,10.05,2050,ssp245
84.29578,213.75,10.015,2050,ssp245
84.29578,223.75,9.988,2050,ssp245
84.29578,233.75,9.912,2050,ssp245
84.29578,243.75,9.696,2050,ssp245
84.29578,253.75,9.391,2050,ssp245
84.29578,263.75,8.946,2050,ssp245
84.29578,273.75,8.204,2050,ssp245
84.29578,283.75,7.51,2050,ssp245
84.29578,293.75,7.96,2050,ssp245
84.29578,303.75,8.621,2050,ssp245
84.29578,313.75,7.858,2050,ssp245
84.29578,323.75,7.183,2050,ssp245
84.29578,333.75,7.836,2050,ssp245
84.29578,343.75,8.916,2050,ssp245
84.29578,353.75,9.531,2050,ssp245
-88.09859,3.75,1.997,2070,ssp245
-88.09859,13.75,1.981,2070,ssp245
-88.09859,23.75,1.963,2070,ssp245
-88.09859,33.75,1.987,2070,ssp245
-88.09859,43.75,2.041,2070,ssp245
-88.09859,53.75,2.08,2070,ssp245
-88.09859,63.75,2.123,2070,ssp245
-88.09859,73.75,2.159,2070,ssp245
-88.09859,83.75,2.202,2070,ssp245
-88.09859,93.75,2.231,2070,ssp245
-88.09859,103.75,2.293,2070,ssp245
-88.09859,113.75,2.292,2070,ssp245
-88.09859,123.75,2.324,2070,ssp245
-88.09859,133.75,2.351,2070,ssp245
-88.09859,143.75,2.371,2070,ssp245
-88.09859,153.75,2.3,2070,ssp245
-88.09859,163.75,2.25,2070,ssp245
-88.09859,173.75,2.233,2070,ssp245
-88.09859,183.75,2.131,2070,ssp245
-88.09859,193.75,2.043,2070,ssp245
-88.09859,203.75,2.103,2070,ssp245
-88.09859,213.75,2.097,2070,ssp245
-88.09859,223.75,2.085,2070,ssp245
-88.09859,233.75,2.112,2070,ssp245
-88.09859,243.75,2.102,2070,ssp245
-88.09859,253.75,2.066,2070,ssp245
-88.09859,263.75,2.111,2070,ssp245
-88.09859,273.75,2.106,2070,ssp245
-88.09859,283.75,2.073,2070,ssp245
-88.09859,293.75,2.051,2070,ssp245
-88.09859,303.75,2.058,2070,ssp245
-88.09859,313.75,2.055,2070,ssp245
-88.09859,323.75,2.059,2070,ssp245
-88.09859,333.75,2.05,2070,ssp245
-88.09859,343.75,2.019,2070,ssp245
-88.09859,353.75,2.014,2070,ssp245
-83.02817,3.75,1.301,2070,ssp245
-83.02817,13.75,1.327,2070,ssp245
-83.02817,23.75,1.521,2070,ssp245
-83.02817,33.75,1.875,2070,ssp245
-83.02817,43.75,2.256,2070,ssp245
-83.02817,53.75,2.44,2070,ssp245
-83.02817,63.75,2.474,2070,ssp245
-83.02817,73.75,2.391,2070,ssp245
-83.02817,83.75,2.421,2070,ssp245
-83.02817,93.75,2.397,2070,ssp245
-83.02817,103.75,2.281,2070,ssp245
-83.02817,113.75,2.244,2070,ssp245
-83.02817,123.75,2.283,2070,ssp245
-83.02817,133.75,2.377,2070,ssp245
-83.02817,143.75,2.344,2070,ssp245
-83.02817,153.75,2.157,2070,ssp245
-83.02817,163.75,2.261,2070,ssp245
-83.02817,173.75,2.515,2070,ssp245
-83.02817,183.75,2.671,2070,ssp245
-83.02817,193.75,2.723,2070,ssp245
-83.02817,203.75,2.823,2070,ssp245
-83.02817,213.75,2.783,2070,ssp245
-83.02817,223.75,2.621,2070,ssp245
-83.02817,233.75,2.709,2070,ssp245
-83.02817,243.75,2.806,2070,ssp245
-83.02817,253.75,2.891,2070,ssp245
-83.02817,263.75,2.533,2070,ssp245
-83.02817,273.75,2.176,2070,ssp245
-83.02817,283.75,2.136,2070,ssp245
-83.02817,293.75,2.459,2070,ssp245
-83.02817,303.75,2.574,2070,ssp245
-83.02817,313.75,2.271,2070,ssp245
-83.02817,323.75,1.971,2070,ssp245
-83.02817,333.75,1.825,2070,ssp245
-83.02817,343.75,1.64,2070,ssp245
-83.02817,353.75,1.433,2070,ssp245
-77.95775,3.75,1.02,2070,ssp245
-77.95775,13.75,1.348,2070,ssp245
-77.95775,23.75,1.607,2070,ssp245
-77.95775,33.75,1.908,2070,ssp245
-77.95775,43.75,2.114,2070,ssp245
-77.95775,53.75,2.175,2070,ssp245
-77.95775,63.75,2.327,2070,ssp245
-77.95775,73.75,1.96,2070,ssp245
-77.95775,83.75,1.709,2070,ssp245
-77.95775,93.75,1.737,2070,ssp245
-77.95775,103.75,2.17,2070,ssp245
-77.95775,113.75,2.106,2070,ssp245
-77.95775,123.75,1.879,2070,ssp245
-77.95775,133.75,1.797,2070,ssp245
-77.95775,143.75,1.801,2070,ssp245
-77.95775,153.75,1.738,2070,ssp245
-77.95775,163.75,1.985,2070,ssp245
-77.95775,173.75,2.363,2070,ssp245
-77.95775,183.75,1.98,2070,ssp245
-77.95775,193.75,1.855,2070,ssp245
-77.95775,203.75,2.13,2070,ssp245
-77.95775,213.75,1.964,2070,ssp245
-77.95775,223.75,1.76,2070,ssp245
-77.95775,233.75,1.977,2070,ssp245
-77.95775,243.75,2.462,2070,ssp245
-77.95775,253.75,2.895,2070,ssp245
-77.95775,263.75,2.706,2070,ssp245
-77.95775,273.75,2.394,2070,ssp245
-77.95775,283.75,2.798,2070,ssp245
-77.95775,293.75,3.535,2070,ssp245
-77.95775,303.75,3.65,2070,ssp245
-77.95775,313.75,2.543,2070,ssp245
-77.95775,323.75,2.452,2070,ssp245
-77.95775,333.75,1.809,2070,ssp245
-77.95775,343.75,1.415,2070,ssp245
-77.95775,353.75,1.207,2070,ssp245
-72.88733,3.75,1.317,2070,ssp245
-72.88733,13.75,1.836,2070,ssp245
-72.88733,23.75,2.089,2070,ssp245
-72.88733,33.75,2.574,2070,ssp245
-72.88733,43.75,2.607,2070,ssp245
-72.88733,53.75,2.465,2070,ssp245
-72.88733,63.75,2.305,2070,ssp245
-72.88733,73.75,2.076,2070,ssp245
-72.88733,83.75,1.533,2070,ssp245
-72.88733,93.75,1.658,2070,ssp245
-72.88733,103.75,2.156,2070,ssp245
-72.88733,113.75,2.019,2070,ssp245
-72.88733,123.75,1.572,2070,ssp245
-72.88733,133.75,1.479,2070,ssp245
-72.88733,143.75,1.129,2070,ssp245
-72.88733,153.75,0.913,2070,ssp245
-72.88733,163.75,1.117,2070,ssp245
-72.88733,173.75,1.644,2070,ssp245
-72.88733,183.75,0.907,2070,ssp245
-72.88733,193.75,1.288,2070,ssp245
-72.88733,203.75,1.844,2070,ssp245
-72.88733,213.75,2.032,2070,ssp245
-72.88733,223.75,2.345,2070,ssp245
-72.88733,233.75,2.625,2070,ssp245
-72.88733,243.75,3.062,2070,ssp245
-72.88733,253.75,3.672,2070,ssp245
-72.88733,263.75,3.557,2070,ssp245
-72.88733,273.75,3.155,2070,ssp245
-72.88733,283.75,3.381,2070,ssp245
-72.88733,293.75,2.798,2070,ssp245
-72.88733,303.75,3.023,2070,ssp245
-72.88733,313.75,3.003,2070,ssp245
-72.88733,323.75,2.522,2070,ssp245
-72.88733,333.75,2.038,2070,ssp245
-72.88733,343.75,1.428,2070,ssp245
-72.88733,353.75,0.873,2070,ssp245
-67.8169,3.75,0.766,2070,ssp245
-67.8169,13.75,1.446,2070,ssp245
-67.8169,23.75,1.62,2070,ssp245
-67.8169,33.75,1.977,2070,ssp245
-67.8169,43.75,2.356,2070,ssp245
-67.8169,53.75,2.742,2070,ssp245
-67.8169,63.75,2.226,2070,ssp245
-67.8169,73.75,2.647,2070,ssp245
-67.8169,83.75,2.174,2070,ssp245
-67.8169,93.75,1.897,2070,ssp245
-67.8169,103.75,1.878,2070,ssp245
-67.8169,113.75,1.969,2070,ssp245
-67.8169,123.75,1.994,2070,ssp245
-67.8169,133.75,1.436,2070,ssp245
-67.8169,143.75,1.349,2070,ssp245
-67.8169,153.75,1.595,2070,ssp245
-67.8169,163.75,1.382,2070,ssp245
-67.8169,173.75,0.963,2070,ssp245
-67.8169,183.75,1.172,2070,ssp245
-67.8169,193.75,1.38,2070,ssp245
-67.8169,203.75,1.14,2070,ssp245
-67.8169,213.75,0.693,2070,ssp245
-67.8169,223.75,1.009,2070,ssp245
-67.8169,233.75,1.38,2070,ssp245
-67.8169,243.75,1.812,2070,ssp245
-67.8169,253.75,2.1,2070,ssp245
-67.8169,263.75,2.78,2070,ssp245
-67.8169,273.75,3.309,2070,ssp245
-67.8169,283.75,3.873,2070,ssp245
-67.8169,293.75,3.017,2070,ssp245
-67.8169,303.75,3.065,2070,ssp245
-67.8169,313.75,3.696,2070,ssp245
-67.8169,323.75,3.152,2070,ssp245
-67.8169,333.75,2.292,2070,ssp245
-67.8169,343.75,1.3,2070,ssp245
-67.8169,353.75,0.556,2070,ssp245
-62.746475,3.75,0.749,2070,ssp245
-62.746475,13.75,1.285,2070,ssp245
-62.746475,23.75,1.245,2070,ssp245
-62.746475,33.75,1.396,2070,ssp245
-62.746475,43.75,2.141,2070,ssp245
-62.746475,53.75,2.25,2070,ssp245
-62.746475,63.75,2.811,2070,ssp245
-62.746475,73.75,3.384,2070,ssp245
-62.746475,83.75,2.738,2070,ssp245
-62.746475,93.75,3.293,2070,ssp245
-62.746475,103.75,3.376,2070,ssp245
-62.746475,113.75,3.328,2070,ssp245
-62.746475,123.75,2.816,2070,ssp245
-62.746475,133.75,2.471,2070,ssp245
-62.746475,143.75,2.295,2070,ssp245
-62.746475,153.75,1.4,2070,ssp245
-62.746475,163.75,0.449,2070,ssp245
-62.746475,173.75,0.743,2070,ssp245
-62.746475,183.75,0.576,2070,ssp245
-62.746475,193.75,0.684,2070,ssp245
-62.746475,203.75,0.766,2070,ssp245
-62.746475,213.75,0.713,2070,ssp245
-62.746475,223.75,0.751,2070,ssp245
-62.746475,233.75,0.887,2070,ssp245
-62.746475,243.75,1.298,2070,ssp245
-62.746475,253.75,1.404,2070,ssp245
-62.746475,263.75,1.631,2070,ssp245
-62.746475,273.75,2.564,2070,ssp245
-62.746475,283.75,3.382,2070,ssp245
-62.746475,293.75,3.39,2070,ssp245
-62.746475,303.75,2.33,2070,ssp245
-62.746475,313.75,2.884,2070,ssp245
-62.746475,323.75,3.262,2070,ssp245
-62.746475,333.75,2.791,2070,ssp245
-62.746475,343.75,2.07,2070,ssp245
-62.746475,353.75,1.009,2070,ssp245
-57.676056,3.75,1.224,2070,ssp245
-57.676056,13.75,1.076,2070,ssp245
-57.676056,23.75,1.106,2070,ssp245
-57.676056,33.75,1.392,2070,ssp245
-57.676056,43.75,1.83,2070,ssp245
-57.676056,53.75,2.085,2070,ssp245
-57.676056,63.75,2.167,2070,ssp245
-57.676056,73.75,2.534,2070,ssp245
-57.676056,83.75,2.355,2070,ssp245
-57.676056,93.75,2.115,2070,ssp245
-57.676056,103.75,1.924,2070,ssp245
-57.676056,113.75,1.818,2070,ssp245
-57.676056,123.75,1.724,2070,ssp245
-57.676056,133.75,1.506,2070,ssp245
-57.676056,143.75,1.531,2070,ssp245
-57.676056,153.75,1.72,2070,ssp245
-57.676056,163.75,1.342,2070,ssp245
-57.676056,173.75,0.891,2070,ssp245
-57.676056,183.75,0.507,2070,ssp245
-57.676056,193.75,0.2,2070,ssp245
-57.676056,203.75,-0.079,2070,ssp245
-57.676056,213.75,-0.027,2070,ssp245
-57.676056,223.75,0.302,2070,ssp245
-57.676056,233.75,0.791,2070,ssp245
-57.676056,243.75,1.104,2070,ssp245
-57.676056,253.75,1.335,2070,ssp245
-57.676056,263.75,1.46,2070,ssp245
-57.676056,273.75,1.563,2070,ssp245
-57.676056,283.75,1.727,2070,ssp245
-57.676056,293.75,2.151,2070,ssp245
-57.676056,303.75,2.66,2070,ssp245
-57.676056,313.75,2.951,2070,ssp245
-57.676056,323.75,3.464,2070,ssp245
-57.676056,333.75,3.281,2070,ssp245
-57.676056,343.75,2.638,2070,ssp245
-57.676056,353.75,2.007,2070,ssp245
-52.605633,3.75,1.706,2070,ssp245
-52.605633,13.75,1.436,2070,ssp245
-52.605633,23.75,1.429,2070,ssp245
-52.605633,33.75,1.576,2070,ssp245
-52.605633,43.75,1.746,2070,ssp245
-52.605633,53.75,1.893,2070,ssp245
-52.605633,63.75,2.054,2070,ssp245
-52.605633,73.75,2.121,2070,ssp245
-52.605633,83.75,1.962,2070,ssp245
-52.605633,93.75,1.796,2070,ssp245
-52.605633,103.75,1.674,2070,ssp245
-52.605633,113.75,1.664,2070,ssp245
-52.605633,123.75,1.651,2070,ssp245
-52.605633,133.75,1.634,2070,ssp245
-52.605633,143.75,1.757,2070,ssp245
-52.605633,153.75,1.685,2070,ssp245
-52.605633,163.75,1.295,2070,ssp245
-52.605633,173.75,1.089,2070,ssp245
-52.605633,183.75,0.932,2070,ssp245
-52.605633,193.75,0.662,2070,ssp245
-52.605633,203.75,0.537,2070,ssp245
-52.605633,213.75,0.859,2070,ssp245
-52.605633,223.75,1.055,2070,ssp245
-52.605633,233.75,1.216,2070,ssp245
-52.605633,243.75,1.323,2070,ssp245
-52.605633,253.75,1.429,2070,ssp245
-52.605633,263.75,1.453,2070,ssp245
-52.605633,273.75,1.468,2070,ssp245
-52.605633,283.75,1.436,2070,ssp245
-52.605633,293.75,1.72,2070,ssp245
-52.605633,303.75,1.82,2070,ssp245
-52.605633,313.75,2.272,2070,ssp245
-52.605633,323.75,2.744,2070,ssp245
-52.605633,333.75,2.628,2070,ssp245
-52.605633,343.75,2.33,2070,ssp245
-52.605633,353.75,2.062,2070,ssp245
-47.535213,3.75,1.929,2070,ssp245
-47.535213,13.75,1.928,2070,ssp245
-47.535213,23.75,1.847,2070,ssp245
-47.535213,33.75,2.014,2070,ssp245
-47.535213,43.75,2.302,2070,ssp245
-47.535213,53.75,2.514,2070,ssp245
-47.535213,63.75,2.643,2070,ssp245
-47.535213,73.75,2.67,2070,ssp245
-47.535213,83.75,2.336,2070,ssp245
-47.535213,93.75,1.926,2070,ssp245
-47.535213,103.75,1.87,2070,ssp245
-47.535213,113.75,1.793,2070,ssp245
-47.535213,123.75,1.668,2070,ssp245
-47.535213,133.75,1.696,2070,ssp245
-47.535213,143.75,1.765,2070,ssp245
-47.535213,153.75,1.807,2070,ssp245
-47.535213,163.75,1.67,2070,ssp245
-47.535213,173.75,1.545,2070,ssp245
-47.535213,183.75,1.43,2070,ssp245
-47.535213,193.75,1.271,2070,ssp245
-47.535213,203.75,1.41,2070,ssp245
-47.535213,213.75,1.514,2070,ssp245
-47.535213,223.75,1.452,2070,ssp245
-47.535213,233.75,1.4,2070,ssp245
-47.535213,243.75,1.626,2070,ssp245
-47.535213,253.75,1.717,2070,ssp245
-47.535213,263.75,1.618,2070,ssp245
-47.535213,273.75,1.466,2070,ssp245
-47.535213,283.75,1.746,2070,ssp245
-47.535213,293.75,2.061,2070,ssp245
-47.535213,303.75,1.872,2070,ssp245
-47.535213,313.75,2.324,2070,ssp245
-47.535213,323.75,2.516,2070,ssp245
-47.535213,333.75,2.361,2070,ssp245
-47.535213,343.75,2.106,2070,ssp245
-47.535213,353.75,1.962,2070,ssp245
-42.46479,3.75,2.036,2070,ssp245
-42.46479,13.75,2.059,2070,ssp245
-42.46479,23.75,2.119,2070,ssp245
-42.46479,33.75,2.526,2070,ssp245
-42.46479,43.75,2.767,2070,ssp245
-42.46479,53.75,2.913,2070,ssp245
-42.46479,63.75,3.034,2070,ssp245
-42.46479,73.75,2.883,2070,ssp245
-42.46479,83.75,2.385,2070,ssp245
-42.46479,93.75,1.721,2070,ssp245
-42.46479,103.75,1.431,2070,ssp245
-42.46479,113.75,1.352,2070,ssp245
-42.46479,123.75,1.384,2070,ssp245
-42.46479,133.75,1.642,2070,ssp245
-42.46479,143.75,2.041,2070,ssp245
-42.46479,153.75,2.574,2070,ssp245
-42.46479,163.75,2.301,2070,ssp245
-42.46479,173.75,2.3,2070,ssp245
-42.46479,183.75,1.928,2070,ssp245
-42.46479,193.75,1.72,2070,ssp245
-42.46479,203.75,1.72,2070,ssp245
-42.46479,213.75,1.781,2070,ssp245
-42.46479,223.75,1.639,2070,ssp245
-42.46479,233.75,1.692,2070,ssp245
-42.46479,243.75,2.131,2070,ssp245
-42.46479,253.75,2.16,2070,ssp245
-42.46479,263.75,1.848,2070,ssp245
-42.46479,273.75,1.61,2070,ssp245
-42.46479,283.75,1.71,2070,ssp245
-42.46479,293.75,2.296,2070,ssp245
-42.46479,303.75,2.828,2070,ssp245
-42.46479,313.75,3.041,2070,ssp245
-42.46479,323.75,2.957,2070,ssp245
-42.46479,333.75,2.651,2070,ssp245
-42.46479,343.75,2.511,2070,ssp245
-42.46479,353.75,2.115,2070,ssp245
-37.394363,3.75,1.922,2070,ssp245
-37.394363,13.75,1.84,2070,ssp245
-37.394363,23.75,1.79,2070,ssp245
-37.394363,33.75,1.934,2070,ssp245
-37.394363,43.75,2.115,2070,ssp245
-37.394363,53.75,2.399,2070,ssp245
-37.394363,63.75,2.457,2070,ssp245
-37.394363,73.75,2.459,2070,ssp245
-37.394363,83.75,2.23,2070,ssp245
-37.394363,93.75,1.873,2070,ssp245
-37.394363,103.75,1.472,2070,ssp245
-37.394363,113.75,1.332,2070,ssp245
-37.394363,123.75,1.382,2070,ssp245
-37.394363,133.75,1.615,2070,ssp245
-37.394363,143.75,2.606,2070,ssp245
-37.394363,153.75,3.176,2070,ssp245
-37.394363,163.75,2.737,2070,ssp245
-37.394363,173.75,2.434,2070,ssp245
-37.394363,183.75,2.144,2070,ssp245
-37.394363,193.75,2.121,2070,ssp245
-37.394363,203.75,1.99,2070,ssp245
-37.394363,213.75,2.07,2070,ssp245
-37.394363,223.75,2.002,2070,ssp245
-37.394363,233.75,2.218,2070,ssp245
-37.394363,243.75,2.493,2070,ssp245
-37.394363,253.75,2.323,2070,ssp245
-37.394363,263.75,1.966,2070,ssp245
-37.394363,273.75,1.604,2070,ssp245
-37.394363,283.75,1.334,2070,ssp245
-37.394363,293.75,2.167,2070,ssp245
-37.394363,303.75,2.406,2070,ssp245
-37.394363,313.75,2.529,2070,ssp245
-37.394363,323.75,2.846,2070,ssp245
-37.394363,333.75,2.841,2070,ssp245
-37.394363,343.75,2.6,2070,ssp245
-37.394363,353.75,2.153,2070,ssp245
-32.323944,3.75,1.524,2070,ssp245
-32.323944,13.75,1.554,2070,ssp245
-32.323944,23.75,2.999,2070,ssp245
-32.323944,33.75,2.081,2070,ssp245
-32.323944,43.75,2.302,2070,ssp245
-32.323944,53.75,2.351,2070,ssp245
-32.323944,63.75,2.271,2070,ssp245
-32.323944,73.75,2.117,2070,ssp245
-32.323944,83.75,1.808,2070,ssp245
-32.323944,93.75,1.676,2070,ssp245
-32.323944,103.75,1.411,2070,ssp245
-32.323944,113.75,1.675,2070,ssp245
-32.323944,123.75,1.711,2070,ssp245
-32.323944,133.75,1.939,2070,ssp245
-32.323944,143.75,2.851,2070,ssp245
-32.323944,153.75,2.631,2070,ssp245
-32.323944,163.75,2.401,2070,ssp245
-32.323944,173.75,2.281,2070,ssp245
-32.323944,183.75,2.206,2070,ssp245
-32.323944,193.75,2.185,2070,ssp245
-32.323944,203.75,2.244,2070,ssp245
-32.323944,213.75,2.311,2070,ssp245
-32.323944,223.75,2.349,2070,ssp245
-32.323944,233.75,2.434,2070,ssp245
-32.323944,243.75,2.227,2070,ssp245
-32.323944,253.75,2.065,2070,ssp245
-32.323944,263.75,1.841,2070,ssp245
-32.323944,273.75,1.319,2070,ssp245
-32.323944,283.75,1.013,2070,ssp245
-32.323944,293.75,2.16,2070,ssp245
-32.323944,303.75,2.572,2070,ssp245
-32.323944,313.75,2.401,2070,ssp245
-32.323944,323.75,2.629,2070,ssp245
-32.323944,333.75,2.678,2070,ssp245
-32.323944,343.75,2.395,2070,ssp245
-32.323944,353.75,1.912,2070,ssp245
-27.253521,3.75,1.369,2070,ssp245
-27.253521,13.75,2.042,2070,ssp245
-27.253521,23.75,3.813,2070,ssp245
-27.253521,33.75,2.55,2070,ssp245
-27.253521,43.75,2.174,2070,ssp245
-27.253521,53.75,1.901,2070,ssp245
-27.253521,63.75,1.791,2070,ssp245
-27.253521,73.75,1.414,2070,ssp245
-27.253521,83.75,1.095,2070,ssp245
-27.253521,93.75,1.192,2070,ssp245
-27.253521,103.75,1.468,2070,ssp245
-27.253521,113.75,1.912,2070,ssp245
-27.253521,123.75,2.249,2070,ssp245
-27.253521,133.75,2.359,2070,ssp245
-27.253521,143.75,2.696,2070,ssp245
-27.253521,153.75,2.649,2070,ssp245
-27.253521,163.75,2.355,2070,ssp245
-27.253521,173.75,2.198,2070,ssp245
-27.253521,183.75,2.132,2070,ssp245
-27.253521,193.75,2.172,2070,ssp245
-27.253521,203.75,2.306,2070,ssp245
-27.253521,213.75,2.444,2070,ssp245
-27.253521,223.75,2.508,2070,ssp245
-27.253521,233.75,2.059,2070,ssp245
-27.253521,243.75,1.864,2070,ssp245
-27.253521,253.75,1.86,2070,ssp245
-27.253521,263.75,1.463,2070,ssp245
-27.253521,273.75,1.019,2070,ssp245
-27.253521,283.75,0.826,2070,ssp245
-27.253521,293.75,2.821,2070,ssp245
-27.253521,303.75,3.047,2070,ssp245
-27.253521,313.75,2.29,2070,ssp245
-27.253521,323.75,2.087,2070,ssp245
-27.253521,333.75,1.992,2070,ssp245
-27.253521,343.75,1.637,2070,ssp245
-27.253521,353.75,1.351,2070,ssp245
-22.1831,3.75,1.583,2070,ssp245
-22.1831,13.75,2.658,2070,ssp245
-22.1831,23.75,3.725,2070,ssp245
-22.1831,33.75,2.538,2070,ssp245
-22.1831,43.75,2.516,2070,ssp245
-22.1831,53.75,1.758,2070,ssp245
-22.1831,63.75,1.633,2070,ssp245
-22.1831,73.75,1.462,2070,ssp245
-22.1831,83.75,1.302,2070,ssp245
-22.1831,93.75,1.323,2070,ssp245
-22.1831,103.75,1.527,2070,ssp245
-22.1831,113.75,1.765,2070,ssp245
-22.1831,123.75,2.299,2070,ssp245
-22.1831,133.75,2.23,2070,ssp245
-22.1831,143.75,2.482,2070,ssp245
-22.1831,153.75,2.45,2070,ssp245
-22.1831,163.75,2.222,2070,ssp245
-22.1831,173.75,1.999,2070,ssp245
-22.1831,183.75,2.083,2070,ssp245
-22.1831,193.75,2.39,2070,ssp245
-22.1831,203.75,2.665,2070,ssp245
-22.1831,213.75,2.615,2070,ssp245
-22.1831,223.75,2.192,2070,ssp245
-22.1831,233.75,1.804,2070,ssp245
-22.1831,243.75,1.726,2070,ssp245
-22.1831,253.75,1.485,2070,ssp245
-22.1831,263.75,1.213,2070,ssp245
-22.1831,273.75,0.985,2070,ssp245
-22.1831,283.75,0.918,2070,ssp245
-22.1831,293.75,3.229,2070,ssp245
-22.1831,303.75,3.445,2070,ssp245
-22.1831,313.75,2.896,2070,ssp245
-22.1831,323.75,1.668,2070,ssp245
-22.1831,333.75,1.37,2070,ssp245
-22.1831,343.75,1.124,2070,ssp245
-22.1831,353.75,1.213,2070,ssp245
-17.112675,3.75,2.165,2070,ssp245
-17.112675,13.75,2.763,2070,ssp245
-17.112675,23.75,3.423,2070,ssp245
-17.112675,33.75,2.848,2070,ssp245
-17.112675,43.75,2.445,2070,ssp245
-17.112675,53.75,2.022,2070,ssp245
-17.112675,63.75,1.978,2070,ssp245
-17.112675,73.75,1.863,2070,ssp245
-17.112675,83.75,1.856,2070,ssp245
-17.112675,93.75,1.773,2070,ssp245
-17.112675,103.75,1.718,2070,ssp245
-17.112675,113.75,1.659,2070,ssp245
-17.112675,123.75,2.246,2070,ssp245
-17.112675,133.75,2.582,2070,ssp245
-17.112675,143.75,2.538,2070,ssp245
-17.112675,153.75,2.379,2070,ssp245
-17.112675,163.75,2.095,2070,ssp245
-17.112675,173.75,2.028,2070,ssp245
-17.112675,183.75,2.213,2070,ssp245
-17.112675,193.75,2.39,2070,ssp245
-17.112675,203.75,2.378,2070,ssp245
-17.112675,213.75,2.22,2070,ssp245
-17.112675,223.75,1.905,2070,ssp245
-17.112675,233.75,1.695,2070,ssp245
-17.112675,243.75,1.602,2070,ssp245
-17.112675,253.75,1.415,2070,ssp245
-17.112675,263.75,1.26,2070,ssp245
-17.112675,273.75,1.107,2070,ssp245
-17.112675,283.75,1.72,2070,ssp245
-17.112675,293.75,3.576,2070,ssp245
-17.112675,303.75,3.422,2070,ssp245
-17.112675,313.75,3.01,2070,ssp245
-17.112675,323.75,1.696,2070,ssp245
-17.112675,333.75,1.363,2070,ssp245
-17.112675,343.75,1.463,2070,ssp245
-17.112675,353.75,1.764,2070,ssp245
-12.0422535,3.75,2.268,2070,ssp245
-12.0422535,13.75,2.444,2070,ssp245
-12.0422535,23.75,2.876,2070,ssp245
-12.0422535,33.75,3.0,2070,ssp245
-12.0422535,43.75,2.206,2070,ssp245
-12.0422535,53.75,2.152,2070,ssp245
-12.0422535,63.75,2.214,2070,ssp245
-12.0422535,73.75,2.066,2070,ssp245
-12.0422535,83.75,1.939,2070,ssp245
-12.0422535,93.75,1.736,2070,ssp245
-12.0422535,103.75,1.846,2070,ssp245
-12.0422535,113.75,2.121,2070,ssp245
-12.0422535,123.75,2.393,2070,ssp245
-12.0422535,133.75,2.495,2070,ssp245
-12.0422535,143.75,2.431,2070,ssp245
-12.0422535,153.75,2.238,2070,ssp245
-12.0422535,163.75,2.046,2070,ssp245
-12.0422535,173.75,2.105,2070,ssp245
-12.0422535,183.75,2.216,2070,ssp245
-12.0422535,193.75,2.111,2070,ssp245
-12.0422535,203.75,1.963,2070,ssp245
-12.0422535,213.75,1.849,2070,ssp245
-12.0422535,223.75,1.777,2070,ssp245
-12.0422535,233.75,1.831,2070,ssp245
-12.0422535,243.75,1.791,2070,ssp245
-12.0422535,253.75,1.701,2070,ssp245
-12.0422535,263.75,1.771,2070,ssp245
-12.0422535,273.75,2.118,2070,ssp245
-12.0422535,283.75,2.996,2070,ssp245
-12.0422535,293.75,3.55,2070,ssp245
-12.0422535,303.75,3.387,2070,ssp245
-12.0422535,313.75,2.917,2070,ssp245
-12.0422535,323.75,1.997,2070,ssp245
-12.0422535,333.75,1.77,2070,ssp245
-12.0422535,343.75,1.923,2070,ssp245
-12.0422535,353.75,2.084,2070,ssp245
-6.9718313,3.75,2.232,2070,ssp245
-6.9718313,13.75,2.546,2070,ssp245
-6.9718313,23.75,3.071,2070,ssp245
-6.9718313,33.75,3.065,2070,ssp245
-6.9718313,43.75,2.178,2070,ssp245
-6.9718313,53.75,2.354,2070,ssp245
-6.9718313,63.75,2.425,2070,ssp245
-6.9718313,73.75,2.336,2070,ssp245
-6.9718313,83.75,2.19,2070,ssp245
-6.9718313,93.75,2.05,2070,ssp245
-6.9718313,103.75,1.991,2070,ssp245
-6.9718313,113.75,2.319,2070,ssp245
-6.9718313,123.75,2.536,2070,ssp245
-6.9718313,133.75,2.497,2070,ssp245
-6.9718313,143.75,2.459,2070,ssp245
-6.9718313,153.75,2.17,2070,ssp245
-6.9718313,163.75,2.095,2070,ssp245
-6.9718313,173.75,2.103,2070,ssp245
-6.9718313,183.75,2.054,2070,ssp245
-6.9718313,193.75,2.007,2070,ssp245
-6.9718313,203.75,1.919,2070,ssp245
-6.9718313,213.75,1.964,2070,ssp245
-6.9718313,223.75,2.056,2070,ssp245
-6.9718313,233.75,2.255,2070,ssp245
-6.9718313,243.75,2.243,2070,ssp245
-6.9718313,253.75,2.253,2070,ssp245
-6.9718313,263.75,2.433,2070,ssp245
-6.9718313,273.75,2.712,2070,ssp245
-6.9718313,283.75,3.056,2070,ssp245
-6.9718313,293.75,3.31,2070,ssp245
-6.9718313,303.75,3.328,2070,ssp245
-6.9718313,313.75,3.328,2070,ssp245
-6.9718313,323.75,2.509,2070,ssp245
-6.9718313,333.75,2.059,2070,ssp245
-6.9718313,343.75,2.09,2070,ssp245
-6.9718313,353.75,2.156,2070,ssp245
-1.9014084,3.75,2.273,2070,ssp245
-1.9014084,13.75,2.676,2070,ssp245
-1.9014084,23.75,2.961,2070,ssp245
-1.9014084,33.75,2.83,2070,ssp245
-1.9014084,43.75,2.475,2070,ssp245
-1.9014084,53.75,2.557,2070,ssp245
-1.9014084,63.75,2.517,2070,ssp245
-1.9014084,73.75,2.417,2070,ssp245
-1.9014084,83.75,2.298,2070,ssp245
-1.9014084,93.75,2.072,2070,ssp245
-1.9014084,103.75,2.297,2070,ssp245
-1.9014084,113.75,2.449,2070,ssp245
-1.9014084,123.75,2.588,2070,ssp245
-1.9014084,133.75,2.419,2070,ssp245
-1.9014084,143.75,2.152,2070,ssp245
-1.9014084,153.75,1.95,2070,ssp245
-1.9014084,163.75,1.884,2070,ssp245
-1.9014084,173.75,1.899,2070,ssp245
-1.9014084,183.75,1.969,2070,ssp245
-1.9014084,193.75,2.065,2070,ssp245
-1.9014084,203.75,2.064,2070,ssp245
-1.9014084,213.75,2.254,2070,ssp245
-1.9014084,223.75,2.381,2070,ssp245
-1.9014084,233.75,2.708,2070,ssp245
-1.9014084,243.75,2.845,2070,ssp245
-1.9014084,253.75,2.951,2070,ssp245
-1.9014084,263.75,2.921,2070,ssp245
-1.9014084,273.75,2.688,2070,ssp245
-1.9014084,283.75,2.844,2070,ssp245
-1.9014084,293.75,3.169,2070,ssp245
-1.9014084,303.75,3.311,2070,ssp245
-1.9014084,313.75,2.461,2070,ssp245
-1.9014084,323.75,2.173,2070,ssp245
-1.9014084,333.75,2.214,2070,ssp245
-1.9014084,343.75,2.236,2070,ssp245
-1.9014084,353.75,2.312,2070,ssp245
3.169014,3.75,2.124,2070,ssp245
3.169014,13.75,2.769,2070,ssp245
3.169014,23.75,3.012,2070,ssp245
3.169014,33.75,2.454,2070,ssp245
3.169014,43.75,2.493,2070,ssp245
3.169014,53.75,2.612,2070,ssp245
3.169014,63.75,2.529,2070,ssp245
3.169014,73.75,2.419,2070,ssp245
3.169014,83.75,2.364,2070,ssp245
3.169014,93.75,2.316,2070,ssp245
3.169014,103.75,2.271,2070,ssp245
3.169014,113.75,2.4,2070,ssp245
3.169014,123.75,2.248,2070,ssp245
3.169014,133.75,1.952,2070,ssp245
3.169014,143.75,2.009,2070,ssp245
3.169014,153.75,2.033,2070,ssp245
3.169014,163.75,2.007,2070,ssp245
3.169014,173.75,2.019,2070,ssp245
3.169014,183.75,2.103,2070,ssp245
3.169014,193.75,2.181,2070,ssp245
3.169014,203.75,2.179,2070,ssp245
3.169014,213.75,2.278,2070,ssp245
3.169014,223.75,2.414,2070,ssp245
3.169014,233.75,2.665,2070,ssp245
3.169014,243.75,2.762,2070,ssp245
3.169014,253.75,2.81,2070,ssp245
3.169014,263.75,2.614,2070,ssp245
3.169014,273.75,2.477,2070,ssp245
3.169014,283.75,2.789,2070,ssp245
3.169014,293.75,3.356,2070,ssp245
3.169014,303.75,3.046,2070,ssp245
3.169014,313.75,2.035,2070,ssp245
3.169014,323.75,2.052,2070,ssp245
3.169014,333.75,2.222,2070,ssp245
3.169014,343.75,2.177,2070,ssp245
3.169014,353.75,2.163,2070,ssp245
8.239437,3.75,2.866,2070,ssp245
8.239437,13.75,2.696,2070,ssp245
8.239437,23.75,2.736,2070,ssp245
8.239437,33.75,2.695,2070,ssp245
8.239437,43.75,2.815,2070,ssp245
8.239437,53.75,2.825,2070,ssp245
8.239437,63.75,2.658,2070,ssp245
8.239437,73.75,2.424,2070,ssp245
8.239437,83.75,2.274,2070,ssp245
8.239437,93.75,2.361,2070,ssp245
8.239437,103.75,2.227,2070,ssp245
8.239437,113.75,2.193,2070,ssp245
8.239437,123.75,2.328,2070,ssp245
8.239437,133.75,2.28,2070,ssp245
8.239437,143.75,2.274,2070,ssp245
8.239437,153.75,2.332,2070,ssp245
8.239437,163.75,2.358,2070,ssp245
8.239437,173.75,2.372,2070,ssp245
8.239437,183.75,2.28,2070,ssp245
8.239437,193.75,2.211,2070,ssp245
8.239437,203.75,2.156,2070,ssp245
8.239437,213.75,2.123,2070,ssp245
8.239437,223.75,2.183,2070,ssp245
8.239437,233.75,2.261,2070,ssp245
8.239437,243.75,2.294,2070,ssp245
8.239437,253.75,2.289,2070,ssp245
8.239437,263.75,2.287,2070,ssp245
8.239437,273.75,2.515,2070,ssp245
8.239437,283.75,2.612,2070,ssp245
8.239437,293.75,2.995,2070,ssp245
8.239437,303.75,2.064,2070,ssp245
8.239437,313.75,1.937,2070,ssp245
8.239437,323.75,1.882,2070,ssp245
8.239437,333.75,2.03,2070,ssp245
8.239437,343.75,1.982,2070,ssp245
8.239437,353.75,2.895,2070,ssp245
13.309858,3.75,2.946,2070,ssp245
13.309858,13.75,2.737,2070,ssp245
13.309858,23.75,2.331,2070,ssp245
13.309858,33.75,2.43,2070,ssp245
13.309858,43.75,2.905,2070,ssp245
13.309858,53.75,2.795,2070,ssp245
13.309858,63.75,2.596,2070,ssp245
13.309858,73.75,2.564,2070,ssp245
13.309858,83.75,2.215,2070,ssp245
13.309858,93.75,2.29,2070,ssp245
13.309858,103.75,2.433,2070,ssp245
13.309858,113.75,2.149,2070,ssp245
13.309858,123.75,2.252,2070,ssp245
13.309858,133.75,2.403,2070,ssp245
13.309858,143.75,2.473,2070,ssp245
13.309858,153.75,2.532,2070,ssp245
13.309858,163.75,2.615,2070,ssp245
13.309858,173.75,2.608,2070,ssp245
13.309858,183.75,2.468,2070,ssp245
13.309858,193.75,2.29,2070,ssp245
13.309858,203.75,2.172,2070,ssp245
13.309858,213.75,2.154,2070,ssp245
13.309858,223.75,2.179,2070,ssp245
13.309858,233.75,2.226,2070,ssp245
13.309858,243.75,2.394,2070,ssp245
13.309858,253.75,2.536,2070,ssp245
13.309858,263.75,2.468,2070,ssp245
13.309858,273.75,2.593,2070,ssp245
13.309858,283.75,1.899,2070,ssp245
13.309858,293.75,1.913,2070,ssp245
13.309858,303.75,1.868,2070,ssp245
13.309858,313.75,1.81,2070,ssp245
13.309858,323.75,2.008,2070,ssp245
13.309858,333.75,2.035,2070,ssp245
13.309858,343.75,2.453,2070,ssp245
13.309858,353.75,3.387,2070,ssp245
18.380281,3.75,3.691,2070,ssp245
18.380281,13.75,3.923,2070,ssp245
18.380281,23.75,3.339,2070,ssp245
18.380281,33.75,2.716,2070,ssp245
18.380281,43.75,3.406,2070,ssp245
18.380281,53.75,3.19,2070,ssp245
18.380281,63.75,2.558,2070,ssp245
18.380281,73.75,2.865,2070,ssp245
18.380281,83.75,2.492,2070,ssp245
18.380281,93.75,2.527,2070,ssp245
18.380281,103.75,2.29,2070,ssp245
18.380281,113.75,2.144,2070,ssp245
18.380281,123.75,2.229,2070,ssp245
18.380281,133.75,2.37,2070,ssp245
18.380281,143.75,2.483,2070,ssp245
18.380281,153.75,2.561,2070,ssp245
18.380281,163.75,2.702,2070,ssp245
18.380281,173.75,2.822,2070,ssp245
18.380281,183.75,2.786,2070,ssp245
18.380281,193.75,2.515,2070,ssp245
18.380281,203.75,2.267,2070,ssp245
18.380281,213.75,2.053,2070,ssp245
18.380281,223.75,2.091,2070,ssp245
18.380281,233.75,2.165,2070,ssp245
18.380281,243.75,2.248,2070,ssp245
18.380281,253.75,2.575,2070,ssp245
18.380281,263.75,2.43,2070,ssp245
18.380281,273.75,2.304,2070,ssp245
18.380281,283.75,2.361,2070,ssp245
18.380281,293.75,2.167,2070,ssp245
18.380281,303.75,1.89,2070,ssp245
18.380281,313.75,1.535,2070,ssp245
18.380281,323.75,1.592,2070,ssp245
18.380281,333.75,1.834,2070,ssp245
18.380281,343.75,2.445,2070,ssp245
18.380281,353.75,3.831,2070,ssp245
23.450703,3.75,4.054,2070,ssp245
23.450703,13.75,4.05,2070,ssp245
23.450703,23.75,3.709,2070,ssp245
23.450703,33.75,3.056,2070,ssp245
23.450703,43.75,3.689,2070,ssp245
23.450703,53.75,3.033,2070,ssp245
23.450703,63.75,2.73,2070,ssp245
23.450703,73.75,3.296,2070,ssp245
23.450703,83.75,2.981,2070,ssp245
23.450703,93.75,2.936,2070,ssp245
23.450703,103.75,2.308,2070,ssp245
23.450703,113.75,2.524,2070,ssp245
23.450703,123.75,2.276,2070,ssp245
23.450703,133.75,2.44,2070,ssp245
23.450703,143.75,2.295,2070,ssp245
23.450703,153.75,2.248,2070,ssp245
23.450703,163.75,2.46,2070,ssp245
23.450703,173.75,2.889,2070,ssp245
23.450703,183.75,3.229,2070,ssp245
23.450703,193.75,3.201,2070,ssp245
23.450703,203.75,2.849,2070,ssp245
23.450703,213.75,2.557,2070,ssp245
23.450703,223.75,2.237,2070,ssp245
23.450703,233.75,2.141,2070,ssp245
23.450703,243.75,2.024,2070,ssp245
23.450703,253.75,2.921,2070,ssp245
23.450703,263.75,2.328,2070,ssp245
23.450703,273.75,2.267,2070,ssp245
23.450703,283.75,2.488,2070,ssp245
23.450703,293.75,2.599,2070,ssp245
23.450703,303.75,2.486,2070,ssp245
23.450703,313.75,2.316,2070,ssp245
23.450703,323.75,2.09,2070,ssp245
23.450703,333.75,1.965,2070,ssp245
23.450703,343.75,2.183,2070,ssp245
23.450703,353.75,3.819,2070,ssp245
28.521126,3.75,4.048,2070,ssp245
28.521126,13.75,3.835,2070,ssp245
28.521126,23.75,3.452,2070,ssp245
28.521126,33.75,3.229,2070,ssp245
28.521126,43.75,3.468,2070,ssp245
28.521126,53.75,3.108,2070,ssp245
28.521126,63.75,3.421,2070,ssp245
28.521126,73.75,3.319,2070,ssp245
28.521126,83.75,3.432,2070,ssp245
28.521126,93.75,3.037,2070,ssp245
28.521126,103.75,3.01,2070,ssp245
28.521126,113.75,3.478,2070,ssp245
28.521126,123.75,3.128,2070,ssp245
28.521126,133.75,2.675,2070,ssp245
28.521126,143.75,2.464,2070,ssp245
28.521126,153.75,2.256,2070,ssp245
28.521126,163.75,2.199,2070,ssp245
28.521126,173.75,2.439,2070,ssp245
28.521126,183.75,2.979,2070,ssp245
28.521126,193.75,3.221,2070,ssp245
28.521126,203.75,3.043,2070,ssp245
28.521126,213.75,2.696,2070,ssp245
28.521126,223.75,2.616,2070,ssp245
28.521126,233.75,2.126,2070,ssp245
28.521126,243.75,2.477,2070,ssp245
28.521126,253.75,4.141,2070,ssp245
28.521126,263.75,3.038,2070,ssp245
28.521126,273.75,2.714,2070,ssp245
28.521126,283.75,2.568,2070,ssp245
28.521126,293.75,2.625,2070,ssp245
28.521126,303.75,2.696,2070,ssp245
28.521126,313.75,2.651,2070,ssp245
28.521126,323.75,2.541,2070,ssp245
28.521126,333.75,2.723,2070,ssp245
28.521126,343.75,2.256,2070,ssp245
28.521126,353.75,3.474,2070,ssp245
33.591553,3.75,3.639,2070,ssp245
33.591553,13.75,3.048,2070,ssp245
33.591553,23.75,2.737,2070,ssp245
33.591553,33.75,2.754,2070,ssp245
33.591553,43.75,3.457,2070,ssp245
33.591553,53.75,3.262,2070,ssp245
33.591553,63.75,3.9,2070,ssp245
33.591553,73.75,3.871,2070,ssp245
33.591553,83.75,4.321,2070,ssp245
33.591553,93.75,3.82,2070,ssp245
33.591553,103.75,3.903,2070,ssp245
33.591553,113.75,4.048,2070,ssp245
33.591553,123.75,3.999,2070,ssp245
33.591553,133.75,3.538,2070,ssp245
33.591553,143.75,2.925,2070,ssp245
33.591553,153.75,2.707,2070,ssp245
33.591553,163.75,2.698,2070,ssp245
33.591553,173.75,2.433,2070,ssp245
33.591553,183.75,2.447,2070,ssp245
33.591553,193.75,2.766,2070,ssp245
33.591553,203.75,2.835,2070,ssp245
33.591553,213.75,2.625,2070,ssp245
33.591553,223.75,2.721,2070,ssp245
33.591553,233.75,2.348,2070,ssp245
33.591553,243.75,3.838,2070,ssp245
33.591553,253.75,4.638,2070,ssp245
33.591553,263.75,4.248,2070,ssp245
33.591553,273.75,3.905,2070,ssp245
33.591553,283.75,3.131,2070,ssp245
33.591553,293.75,2.549,2070,ssp245
33.591553,303.75,2.583,2070,ssp245
33.591553,313.75,2.743,2070,ssp245
33.591553,323.75,2.745,2070,ssp245
33.591553,333.75,2.949,2070,ssp245
33.591553,343.75,2.871,2070,ssp245
33.591553,353.75,3.117,2070,ssp245
38.661972,3.75,3.206,2070,ssp245
38.661972,13.75,3.246,2070,ssp245
38.661972,23.75,3.188,2070,ssp245
38.661972,33.75,3.336,2070,ssp245
38.661972,43.75,3.331,2070,ssp245
38.661972,53.75,3.189,2070,ssp245
38.661972,63.75,3.856,2070,ssp245
38.661972,73.75,4.337,2070,ssp245
38.661972,83.75,4.861,2070,ssp245
38.661972,93.75,4.839,2070,ssp245
38.661972,103.75,4.578,2070,ssp245
38.661972,113.75,4.971,2070,ssp245
38.661972,123.75,4.946,2070,ssp245
38.661972,133.75,4.506,2070,ssp245
38.661972,143.75,3.941,2070,ssp245
38.661972,153.75,3.465,2070,ssp245
38.661972,163.75,3.32,2070,ssp245
38.661972,173.75,3.162,2070,ssp245
38.661972,183.75,2.851,2070,ssp245
38.661972,193.75,2.926,2070,ssp245
38.661972,203.75,2.986,2070,ssp245
38.661972,213.75,2.797,2070,ssp245
38.661972,223.75,2.659,2070,ssp245
38.661972,233.75,2.567,2070,ssp245
38.661972,243.75,4.496,2070,ssp245
38.661972,253.75,4.528,2070,ssp245
38.661972,263.75,5.225,2070,ssp245
38.661972,273.75,5.059,2070,ssp245
38.661972,283.75,4.442,2070,ssp245
38.661972,293.75,3.158,2070,ssp245
38.661972,303.75,2.762,2070,ssp245
38.661972,313.75,2.707,2070,ssp245
38.661972,323.75,2.814,2070,ssp245
38.661972,333.75,3.388,2070,ssp245
38.661972,343.75,3.395,2070,ssp245
38.661972,353.75,3.56,2070,ssp245
43.732395,3.75,4.353,2070,ssp245
43.732395,13.75,4.269,2070,ssp245
43.732395,23.75,3.948,2070,ssp245
43.732395,33.75,2.742,2070,ssp245
43.732395,43.75,3.022,2070,ssp245
43.732395,53.75,4.049,2070,ssp245
43.732395,63.75,5.056,2070,ssp245
43.732395,73.75,5.586,2070,ssp245
43.732395,83.75,5.845,2070,ssp245
43.732395,93.75,6.238,2070,ssp245
43.732395,103.75,6.008,2070,ssp245
43.732395,113.75,6.352,2070,ssp245
43.732395,123.75,6.071,2070,ssp245
43.732395,133.75,5.476,2070,ssp245
43.732395,143.75,5.315,2070,ssp245
43.732395,153.75,4.58,2070,ssp245
43.732395,163.75,4.084,2070,ssp245
43.732395,173.75,3.825,2070,ssp245
43.732395,183.75,3.624,2070,ssp245
43.732395,193.75,3.464,2070,ssp245
43.732395,203.75,3.433,2070,ssp245
43.732395,213.75,3.137,2070,ssp245
43.732395,223.75,2.816,2070,ssp245
43.732395,233.75,2.748,2070,ssp245
43.732395,243.75,4.17,2070,ssp245
43.732395,253.75,5.058,2070,ssp245
43.732395,263.75,6.079,2070,ssp245
43.732395,273.75,5.565,2070,ssp245
43.732395,283.75,5.226,2070,ssp245
43.732395,293.75,4.176,2070,ssp245
43.732395,303.75,3.772,2070,ssp245
43.732395,313.75,3.191,2070,ssp245
43.732395,323.75,3.271,2070,ssp245
43.732395,333.75,3.485,2070,ssp245
43.732395,343.75,3.596,2070,ssp245
43.732395,353.75,3.649,2070,ssp245
48.802814,3.75,4.797,2070,ssp245
48.802814,13.75,5.266,2070,ssp245
48.802814,23.75,4.642,2070,ssp245
48.802814,33.75,4.181,2070,ssp245
48.802814,43.75,4.362,2070,ssp245
48.802814,53.75,5.091,2070,ssp245
48.802814,63.75,6.222,2070,ssp245
48.802814,73.75,7.083,2070,ssp245
48.802814,83.75,7.599,2070,ssp245
48.802814,93.75,7.466,2070,ssp245
48.802814,103.75,7.395,2070,ssp245
48.802814,113.75,7.294,2070,ssp245
48.802814,123.75,6.635,2070,ssp245
48.802814,133.75,6.959,2070,ssp245
48.802814,143.75,6.525,2070,ssp245
48.802814,153.75,4.912,2070,ssp245
48.802814,163.75,4.454,2070,ssp245
48.802814,173.75,4.069,2070,ssp245
48.802814,183.75,3.917,2070,ssp245
48.802814,193.75,3.915,2070,ssp245
48.802814,203.75,3.889,2070,ssp245
48.802814,213.75,3.455,2070,ssp245
48.802814,223.75,3.207,2070,ssp245
48.802814,233.75,3.187,2070,ssp245
48.802814,243.75,4.52,2070,ssp245
48.802814,253.75,6.26,2070,ssp245
48.802814,263.75,7.011,2070,ssp245
48.802814,273.75,6.428,2070,ssp245
48.802814,283.75,5.969,2070,ssp245
48.802814,293.75,5.015,2070,ssp245
48.802814,303.75,4.222,2070,ssp245
48.802814,313.75,3.315,2070,ssp245
48.802814,323.75,2.913,2070,ssp245
48.802814,333.75,3.023,2070,ssp245
48.802814,343.75,3.294,2070,ssp245
48.802814,353.75,3.549,2070,ssp245
53.87324,3.75,4.263,2070,ssp245
53.87324,13.75,5.105,2070,ssp245
53.87324,23.75,5.169,2070,ssp245
53.87324,33.75,5.128,2070,ssp245
53.87324,43.75,5.702,2070,ssp245
53.87324,53.75,5.891,2070,ssp245
53.87324,63.75,6.435,2070,ssp245
53.87324,73.75,7.492,2070,ssp245
53.87324,83.75,8.275,2070,ssp245
53.87324,93.75,8.01,2070,ssp245
53.87324,103.75,8.355,2070,ssp245
53.87324,113.75,7.357,2070,ssp245
53.87324,123.75,7.129,2070,ssp245
53.87324,133.75,7.673,2070,ssp245
53.87324,143.75,7.683,2070,ssp245
53.87324,153.75,5.455,2070,ssp245
53.87324,163.75,4.773,2070,ssp245
53.87324,173.75,3.87,2070,ssp245
53.87324,183.75,3.989,2070,ssp245
53.87324,193.75,4.159,2070,ssp245
53.87324,203.75,4.092,2070,ssp245
53.87324,213.75,3.877,2070,ssp245
53.87324,223.75,3.736,2070,ssp245
53.87324,233.75,4.452,2070,ssp245
53.87324,243.75,5.446,2070,ssp245
53.87324,253.75,6.762,2070,ssp245
53.87324,263.75,7.429,2070,ssp245
53.87324,273.75,7.583,2070,ssp245
53.87324,283.75,7.089,2070,ssp245
53.87324,293.75,5.146,2070,ssp245
53.87324,303.75,4.732,2070,ssp245
53.87324,313.75,3.411,2070,ssp245
53.87324,323.75,2.433,2070,ssp245
53.87324,333.75,2.135,2070,ssp245
53.87324,343.75,2.564,2070,ssp245
53.87324,353.75,3.773,2070,ssp245
58.943665,3.75,4.227,2070,ssp245
58.943665,13.75,5.636,2070,ssp245
58.943665,23.75,5.425,2070,ssp245
58.943665,33.75,5.752,2070,ssp245
58.943665,43.75,5.955,2070,ssp245
58.943665,53.75,6.13,2070,ssp245
58.943665,63.75,6.451,2070,ssp245
58.943665,73.75,7.188,2070,ssp245
58.943665,83.75,7.761,2070,ssp245
58.943665,93.75,8.34,2070,ssp245
58.943665,103.75,8.555,2070,ssp245
58.943665,113.75,7.96,2070,ssp245
58.943665,123.75,7.635,2070,ssp245
58.943665,133.75,7.157,2070,ssp245
58.943665,143.75,6.953,2070,ssp245
58.943665,153.75,5.883,2070,ssp245
58.943665,163.75,5.576,2070,ssp245
58.943665,173.75,5.203,2070,ssp245
58.943665,183.75,5.105,2070,ssp245
58.943665,193.75,4.689,2070,ssp245
58.943665,203.75,5.151,2070,ssp245
58.943665,213.75,4.168,2070,ssp245
58.943665,223.75,5.119,2070,ssp245
58.943665,233.75,5.874,2070,ssp245
58.943665,243.75,6.694,2070,ssp245
58.943665,253.75,7.228,2070,ssp245
58.943665,263.75,7.675,2070,ssp245
58.943665,273.75,7.745,2070,ssp245
58.943665,283.75,6.391,2070,ssp245
58.943665,293.75,5.35,2070,ssp245
58.943665,303.75,5.18,2070,ssp245
58.943665,313.75,2.696,2070,ssp245
58.943665,323.75,2.206,2070,ssp245
58.943665,333.75,1.923,2070,ssp245
58.943665,343.75,2.407,2070,ssp245
58.943665,353.75,3.203,2070,ssp245
64.014084,3.75,3.662,2070,ssp245
64.014084,13.75,5.723,2070,ssp245
64.014084,23.75,5.868,2070,ssp245
64.014084,33.75,5.907,2070,ssp245
64.014084,43.75,6.056,2070,ssp245
64.014084,53.75,6.403,2070,ssp245
64.014084,63.75,6.487,2070,ssp245
64.014084,73.75,6.827,2070,ssp245
64.014084,83.75,7.358,2070,ssp245
64.014084,93.75,7.978,2070,ssp245
64.014084,103.75,7.95,2070,ssp245
64.014084,113.75,7.695,2070,ssp245
64.014084,123.75,7.317,2070,ssp245
64.014084,133.75,6.556,2070,ssp245
64.014084,143.75,6.35,2070,ssp245
64.014084,153.75,7.127,2070,ssp245
64.014084,163.75,6.383,2070,ssp245
64.014084,173.75,6.873,2070,ssp245
64.014084,183.75,6.037,2070,ssp245
64.014084,193.75,5.08,2070,ssp245
64.014084,203.75,5.84,2070,ssp245
64.014084,213.75,5.837,2070,ssp245
64.014084,223.75,6.144,2070,ssp245
64.014084,233.75,6.84,2070,ssp245
64.014084,243.75,8.056,2070,ssp245
64.014084,253.75,8.528,2070,ssp245
64.014084,263.75,8.636,2070,ssp245
64.014084,273.75,7.116,2070,ssp245
64.014084,283.75,6.425,2070,ssp245
64.014084,293.75,5.345,2070,ssp245
64.014084,303.75,5.917,2070,ssp245
64.014084,313.75,3.1,2070,ssp245
64.014084,323.75,3.34,2070,ssp245
64.014084,333.75,3.307,2070,ssp245
64.014084,343.75,3.356,2070,ssp245
64.014084,353.75,3.39,2070,ssp245
69.0845,3.75,3.014,2070,ssp245
69.0845,13.75,4.067,2070,ssp245
69.0845,23.75,5.328,2070,ssp245
69.0845,33.75,5.279,2070,ssp245
69.0845,43.75,6.22,2070,ssp245
69.0845,53.75,7.711,2070,ssp245
69.0845,63.75,7.783,2070,ssp245
69.0845,73.75,7.455,2070,ssp245
69.0845,83.75,7.256,2070,ssp245
69.0845,93.75,6.519,2070,ssp245
69.0845,103.75,6.69,2070,ssp245
69.0845,113.75,7.082,2070,ssp245
69.0845,123.75,6.667,2070,ssp245
69.0845,133.75,7.054,2070,ssp245
69.0845,143.75,7.634,2070,ssp245
69.0845,153.75,8.414,2070,ssp245
69.0845,163.75,8.425,2070,ssp245
69.0845,173.75,8.396,2070,ssp245
69.0845,183.75,9.041,2070,ssp245
69.0845,193.75,7.512,2070,ssp245
69.0845,203.75,7.013,2070,ssp245
69.0845,213.75,7.071,2070,ssp245
69.0845,223.75,8.267,2070,ssp245
69.0845,233.75,9.004,2070,ssp245
69.0845,243.75,9.773,2070,ssp245
69.0845,253.75,10.451,2070,ssp245
69.0845,263.75,10.622,2070,ssp245
69.0845,273.75,8.597,2070,ssp245
69.0845,283.75,5.898,2070,ssp245
69.0845,293.75,6.518,2070,ssp245
69.0845,303.75,7.066,2070,ssp245
69.0845,313.75,4.197,2070,ssp245
69.0845,323.75,4.881,2070,ssp245
69.0845,333.75,5.009,2070,ssp245
69.0845,343.75,3.981,2070,ssp245
69.0845,353.75,2.381,2070,ssp245
74.15493,3.75,4.493,2070,ssp245
74.15493,13.75,5.491,2070,ssp245
74.15493,23.75,6.095,2070,ssp245
74.15493,33.75,5.991,2070,ssp245
74.15493,43.75,6.863,2070,ssp245
74.15493,53.75,8.645,2070,ssp245
74.15493,63.75,9.743,2070,ssp245
74.15493,73.75,8.527,2070,ssp245
74.15493,83.75,7.578,2070,ssp245
74.15493,93.75,7.365,2070,ssp245
74.15493,103.75,7.803,2070,ssp245
74.15493,113.75,8.765,2070,ssp245
74.15493,123.75,9.009,2070,ssp245
74.15493,133.75,9.744,2070,ssp245
74.15493,143.75,10.545,2070,ssp245
74.15493,153.75,11.777,2070,ssp245
74.15493,163.75,12.31,2070,ssp245
74.15493,173.75,12.295,2070,ssp245
74.15493,183.75,11.972,2070,ssp245
74.15493,193.75,11.486,2070,ssp245
74.15493,203.75,11.402,2070,ssp245
74.15493,213.75,11.46,2070,ssp245
74.15493,223.75,11.454,2070,ssp245
74.15493,233.75,11.271,2070,ssp245
74.15493,243.75,12.075,2070,ssp245
74.15493,253.75,12.094,2070,ssp245
74.15493,263.75,10.693,2070,ssp245
74.15493,273.75,7.937,2070,ssp245
74.15493,283.75,8.231,2070,ssp245
74.15493,293.75,8.311,2070,ssp245
74.15493,303.75,5.514,2070,ssp245
74.15493,313.75,5.173,2070,ssp245
74.15493,323.75,5.414,2070,ssp245
74.15493,333.75,5.003,2070,ssp245
74.15493,343.75,8.054,2070,ssp245
74.15493,353.75,6.172,2070,ssp245
79.22536,3.75,10.86,2070,ssp245
79.22536,13.75,11.344,2070,ssp245
79.22536,23.75,12.355,2070,ssp245
79.22536,33.75,12.983,2070,ssp245
79.22536,43.75,12.956,2070,ssp245
79.22536,53.75,13.176,2070,ssp245
79.22536,63.75,13.84,2070,ssp245
79.22536,73.75,13.879,2070,ssp245
79.22536,83.75,13.229,2070,ssp245
79.22536,93.75,12.154,2070,ssp245
79.22536,103.75,12.067,2070,ssp245
79.22536,113.75,12.359,2070,ssp245
79.22536,123.75,12.308,2070,ssp245
79.22536,133.75,12.297,2070,ssp245
79.22536,143.75,12.672,2070,ssp245
79.22536,153.75,13.143,2070,ssp245
79.22536,163.75,13.39,2070,ssp245
79.22536,173.75,13.311,2070,ssp245
79.22536,183.75,12.863,2070,ssp245
79.22536,193.75,12.494,2070,ssp245
79.22536,203.75,12.459,2070,ssp245
79.22536,213.75,12.335,2070,ssp245
79.22536,223.75,12.317,2070,ssp245
79.22536,233.75,12.216,2070,ssp245
79.22536,243.75,12.052,2070,ssp245
79.22536,253.75,11.45,2070,ssp245
79.22536,263.75,10.049,2070,ssp245
79.22536,273.75,6.874,2070,ssp245
79.22536,283.75,6.899,2070,ssp245
79.22536,293.75,6.0,2070,ssp245
79.22536,303.75,4.355,2070,ssp245
79.22536,313.75,4.533,2070,ssp245
79.22536,323.75,4.516,2070,ssp245
79.22536,333.75,5.194,2070,ssp245
79.22536,343.75,8.19,2070,ssp245
79.22536,353.75,10.176,2070,ssp245
84.29578,3.75,12.02,2070,ssp245
84.29578,13.75,12.698,2070,ssp245
84.29578,23.75,13.275,2070,ssp245
84.29578,33.75,13.739,2070,ssp245
84.29578,43.75,14.482,2070,ssp245
84.29578,53.75,15.546,2070,ssp245
84.29578,63.75,16.064,2070,ssp245
84.29578,73.75,16.125,2070,ssp245
84.29578,83.75,15.788,2070,ssp245
84.29578,93.75,15.154,2070,ssp245
84.29578,103.75,14.254,2070,ssp245
84.29578,113.75,13.521,2070,ssp245
84.29578,123.75,13.18,2070,ssp245
84.29578,133.75,13.099,2070,ssp245
84.29578,143.75,13.155,2070,ssp245
84.29578,153.75,13.253,2070,ssp245
84.29578,163.75,13.323,2070,ssp245
84.29578,173.75,13.197,2070,ssp245
84.29578,183.75,12.9,2070,ssp245
84.29578,193.75,12.686,2070,ssp245
84.29578,203.75,12.455,2070,ssp245
84.29578,213.75,12.174,2070,ssp245
84.29578,223.75,11.881,2070,ssp245
84.29578,233.75,11.665,2070,ssp245
84.29578,243.75,11.563,2070,ssp245
84.29578,253.75,11.435,2070,ssp245
84.29578,263.75,11.066,2070,ssp245
84.29578,273.75,10.082,2070,ssp245
84.29578,283.75,9.17,2070,ssp245
84.29578,293.75,9.413,2070,ssp245
84.29578,303.75,9.768,2070,ssp245
84.29578,313.75,9.137,2070,ssp245
84.29578,323.75,8.564,2070,ssp245
84.29578,333.75,9.56,2070,ssp245
84.29578,343.75,10.93,2070,ssp245
84.29578,353.75,11.425,2070,ssp245
-88.09859,3.75,3.216,2100,ssp245
-88.09859,13.75,3.192,2100,ssp245
-88.09859,23.75,3.198,2100,ssp245
-88.09859,33.75,3.217,2100,ssp245
-88.09859,43.75,3.237,2100,ssp245
-88.09859,53.75,3.269,2100,ssp245
-88.09859,63.75,3.283,2100,ssp245
-88.09859,73.75,3.303,2100,ssp245
-88.09859,83.75,3.361,2100,ssp245
-88.09859,93.75,3.404,2100,ssp245
-88.09859,103.75,3.434,2100,ssp245
-88.09859,113.75,3.457,2100,ssp245
-88.09859,123.75,3.499,2100,ssp245
-88.09859,133.75,3.437,2100,ssp245
-88.09859,143.75,3.314,2100,ssp245
-88.09859,153.75,3.246,2100,ssp245
-88.09859,163.75,3.165,2100,ssp245
-88.09859,173.75,3.181,2100,ssp245
-88.09859,183.75,3.185,2100,ssp245
-88.09859,193.75,3.105,2100,ssp245
-88.09859,203.75,3.055,2100,ssp245
-88.09859,213.75,3.103,2100,ssp245
-88.09859,223.75,3.102,2100,ssp245
-88.09859,233.75,3.166,2100,ssp245
-88.09859,243.75,3.211,2100,ssp245
-88.09859,253.75,3.24,2100,ssp245
-88.09859,263.75,3.256,2100,ssp245
-88.09859,273.75,3.323,2100,ssp245
-88.09859,283.75,3.348,2100,ssp245
-88.09859,293.75,3.36,2100,ssp245
-88.09859,303.75,3.37,2100,ssp245
-88.09859,313.75,3.339,2100,ssp245
-88.09859,323.75,3.323,2100,ssp245
-88.09859,333.75,3.31,2100,ssp245
-88.09859,343.75,3.308,2100,ssp245
-88.09859,353.75,3.27,2100,ssp245
-83.02817,3.75,3.135,2100,ssp245
-83.02817,13.75,3.165,2100,ssp245
-83.02817,23.75,3.218,2100,ssp245
-83.02817,33.75,3.364,2100,ssp245
-83.02817,43.75,3.6,2100,ssp245
-83.02817,53.75,3.802,2100,ssp245
-83.02817,63.75,3.706,2100,ssp245
-83.02817,73.75,3.606,2100,ssp245
-83.02817,83.75,3.651,2100,ssp245
-83.02817,93.75,3.548,2100,ssp245
-83.02817,103.75,3.347,2100,ssp245
-83.02817,113.75,3.314,2100,ssp245
-83.02817,123.75,3.439,2100,ssp245
-83.02817,133.75,3.478,2100,ssp245
-83.02817,143.75,3.284,2100,ssp245
-83.02817,153.75,2.946,2100,ssp245
-83.02817,163.75,2.568,2100,ssp245
-83.02817,173.75,2.128,2100,ssp245
-83.02817,183.75,2.085,2100,ssp245
-83.02817,193.75,2.213,2100,ssp245
-83.02817,203.75,2.424,2100,ssp245
-83.02817,213.75,2.574,2100,ssp245
-83.02817,223.75,2.675,2100,ssp245
-83.02817,233.75,3.125,2100,ssp245
-83.02817,243.75,3.654,2100,ssp245
-83.02817,253.75,3.98,2100,ssp245
-83.02817,263.75,4.015,2100,ssp245
-83.02817,273.75,3.879,2100,ssp245
-83.02817,283.75,3.843,2100,ssp245
-83.02817,293.75,4.208,2100,ssp245
-83.02817,303.75,4.192,2100,ssp245
-83.02817,313.75,3.886,2100,ssp245
-83.02817,323.75,3.488,2100,ssp245
-83.02817,333.75,3.359,2100,ssp245
-83.02817,343.75,3.313,2100,ssp245
-83.02817,353.75,3.231,2100,ssp245
-77.95775,3.75,3.057,2100,ssp245
-77.95775,13.75,3.048,2100,ssp245
-77.95775,23.75,3.329,2100,ssp245
-77.95775,33.75,3.844,2100,ssp245
-77.95775,43.75,3.984,2100,ssp245
-77.95775,53.75,3.65,2100,ssp245
-77.95775,63.75,3.218,2100,ssp245
-77.95775,73.75,3.043,2100,ssp245
-77.95775,83.75,3.461,2100,ssp245
-77.95775,93.75,3.654,2100,ssp245
-77.95775,103.75,3.627,2100,ssp245
-77.95775,113.75,3.564,2100,ssp245
-77.95775,123.75,3.415,2100,ssp245
-77.95775,133.75,3.335,2100,ssp245
-77.95775,143.75,3.419,2100,ssp245
-77.95775,153.75,3.222,2100,ssp245
-77.95775,163.75,2.408,2100,ssp245
-77.95775,173.75,2.403,2100,ssp245
-77.95775,183.75,2.713,2100,ssp245
-77.95775,193.75,3.006,2100,ssp245
-77.95775,203.75,3.395,2100,ssp245
-77.95775,213.75,3.008,2100,ssp245
-77.95775,223.75,2.918,2100,ssp245
-77.95775,233.75,3.366,2100,ssp245
-77.95775,243.75,3.698,2100,ssp245
-77.95775,253.75,3.779,2100,ssp245
-77.95775,263.75,4.087,2100,ssp245
-77.95775,273.75,4.477,2100,ssp245
-77.95775,283.75,5.124,2100,ssp245
-77.95775,293.75,6.012,2100,ssp245
-77.95775,303.75,6.059,2100,ssp245
-77.95775,313.75,4.563,2100,ssp245
-77.95775,323.75,4.331,2100,ssp245
-77.95775,333.75,3.286,2100,ssp245
-77.95775,343.75,3.048,2100,ssp245
-77.95775,353.75,3.253,2100,ssp245
-72.88733,3.75,3.194,2100,ssp245
-72.88733,13.75,3.076,2100,ssp245
-72.88733,23.75,3.225,2100,ssp245
-72.88733,33.75,3.569,2100,ssp245
-72.88733,43.75,3.889,2100,ssp245
-72.88733,53.75,3.739,2100,ssp245
-72.88733,63.75,3.276,2100,ssp245
-72.88733,73.75,3.332,2100,ssp245
-72.88733,83.75,3.341,2100,ssp245
-72.88733,93.75,3.759,2100,ssp245
-72.88733,103.75,4.253,2100,ssp245
-72.88733,113.75,4.248,2100,ssp245
-72.88733,123.75,3.634,2100,ssp245
-72.88733,133.75,3.173,2100,ssp245
-72.88733,143.75,3.418,2100,ssp245
-72.88733,153.75,3.444,2100,ssp245
-72.88733,163.75,2.961,2100,ssp245
-72.88733,173.75,2.996,2100,ssp245
-72.88733,183.75,3.158,2100,ssp245
-72.88733,193.75,3.249,2100,ssp245
-72.88733,203.75,3.484,2100,ssp245
-72.88733,213.75,3.596,2100,ssp245
-72.88733,223.75,3.845,2100,ssp245
-72.88733,233.75,4.033,2100,ssp245
-72.88733,243.75,4.309,2100,ssp245
-72.88733,253.75,4.467,2100,ssp245
-72.88733,263.75,4.438,2100,ssp245
-72.88733,273.75,4.463,2100,ssp245
-72.88733,283.75,4.819,2100,ssp245
-72.88733,293.75,4.854,2100,ssp245
-72.88733,303.75,4.983,2100,ssp245
-72.88733,313.75,5.122,2100,ssp245
-72.88733,323.75,4.697,2100,ssp245
-72.88733,333.75,4.04,2100,ssp245
-72.88733,343.75,3.41,2100,ssp245
-72.88733,353.75,3.095,2100,ssp245
-67.8169,3.75,3.999,2100,ssp245
-67.8169,13.75,4.067,2100,ssp245
-67.8169,23.75,4.309,2100,ssp245
-67.8169,33.75,4.613,2100,ssp245
-67.8169,43.75,4.302,2100,ssp245
-67.8169,53.75,3.809,2100,ssp245
-67.8169,63.75,2.968,2100,ssp245
-67.8169,73.75,3.602,2100,ssp245
-67.8169,83.75,2.94,2100,ssp245
-67.8169,93.75,2.654,2100,ssp245
-67.8169,103.75,2.725,2100,ssp245
-67.8169,113.75,2.962,2100,ssp245
-67.8169,123.75,3.3,2100,ssp245
-67.8169,133.75,3.486,2100,ssp245
-67.8169,143.75,3.793,2100,ssp245
-67.8169,153.75,4.371,2100,ssp245
-67.8169,163.75,3.968,2100,ssp245
-67.8169,173.75,3.877,2100,ssp245
-67.8169,183.75,3.539,2100,ssp245
-67.8169,193.75,3.108,2100,ssp245
-67.8169,203.75,2.428,2100,ssp245
-67.8169,213.75,1.7,2100,ssp245
-67.8169,223.75,1.34,2100,ssp245
-67.8169,233.75,2.247,2100,ssp245
-67.8169,243.75,3.389,2100,ssp245
-67.8169,253.75,4.104,2100,ssp245
-67.8169,263.75,4.904,2100,ssp245
-67.8169,273.75,5.488,2100,ssp245
-67.8169,283.75,5.877,2100,ssp245
-67.8169,293.75,4.937,2100,ssp245
-67.8169,303.75,5.424,2100,ssp245
-67.8169,313.75,5.316,2100,ssp245
-67.8169,323.75,4.548,2100,ssp245
-67.8169,333.75,3.909,2100,ssp245
-67.8169,343.75,3.341,2100,ssp245
-67.8169,353.75,3.382,2100,ssp245
-62.746475,3.75,3.134,2100,ssp245
-62.746475,13.75,3.219,2100,ssp245
-62.746475,23.75,3.132,2100,ssp245
-62.746475,33.75,3.02,2100,ssp245
-62.746475,43.75,3.583,2100,ssp245
-62.746475,53.75,4.482,2100,ssp245
-62.746475,63.75,5.371,2100,ssp245
-62.746475,73.75,4.628,2100,ssp245
-62.746475,83.75,3.806,2100,ssp245
-62.746475,93.75,3.58,2100,ssp245
-62.746475,103.75,3.05,2100,ssp245
-62.746475,113.75,3.292,2100,ssp245
-62.746475,123.75,3.495,2100,ssp245
-62.746475,133.75,3.364,2100,ssp245
-62.746475,143.75,3.979,2100,ssp245
-62.746475,153.75,3.893,2100,ssp245
-62.746475,163.75,3.296,2100,ssp245
-62.746475,173.75,3.314,2100,ssp245
-62.746475,183.75,2.577,2100,ssp245
-62.746475,193.75,2.066,2100,ssp245
-62.746475,203.75,1.6,2100,ssp245
-62.746475,213.75,1.304,2100,ssp245
-62.746475,223.75,0.999,2100,ssp245
-62.746475,233.75,0.884,2100,ssp245
-62.746475,243.75,1.401,2100,ssp245
-62.746475,253.75,1.972,2100,ssp245
-62.746475,263.75,2.642,2100,ssp245
-62.746475,273.75,3.444,2100,ssp245
-62.746475,283.75,4.372,2100,ssp245
-62.746475,293.75,4.909,2100,ssp245
-62.746475,303.75,4.874,2100,ssp245
-62.746475,313.75,4.308,2100,ssp245
-62.746475,323.75,3.863,2100,ssp245
-62.746475,333.75,3.263,2100,ssp245
-62.746475,343.75,2.808,2100,ssp245
-62.746475,353.75,2.643,2100,ssp245
-57.676056,3.75,1.93,2100,ssp245
-57.676056,13.75,1.937,2100,ssp245
-57.676056,23.75,1.884,2100,ssp245
-57.676056,33.75,1.801,2100,ssp245
-57.676056,43.75,1.946,2100,ssp245
-57.676056,53.75,2.389,2100,ssp245
-57.676056,63.75,2.917,2100,ssp245
-57.676056,73.75,3.511,2100,ssp245
-57.676056,83.75,3.317,2100,ssp245
-57.676056,93.75,2.822,2100,ssp245
-57.676056,103.75,2.372,2100,ssp245
-57.676056,113.75,2.145,2100,ssp245
-57.676056,123.75,1.907,2100,ssp245
-57.676056,133.75,1.716,2100,ssp245
-57.676056,143.75,2.024,2100,ssp245
-57.676056,153.75,2.525,2100,ssp245
-57.676056,163.75,2.478,2100,ssp245
-57.676056,173.75,2.181,2100,ssp245
-57.676056,183.75,1.973,2100,ssp245
-57.676056,193.75,1.64,2100,ssp245
-57.676056,203.75,0.868,2100,ssp245
-57.676056,213.75,0.726,2100,ssp245
-57.676056,223.75,0.904,2100,ssp245
-57.676056,233.75,1.081,2100,ssp245
-57.676056,243.75,1.187,2100,ssp245
-57.676056,253.75,1.491,2100,ssp245
-57.676056,263.75,1.807,2100,ssp245
-57.676056,273.75,2.217,2100,ssp245
-57.676056,283.75,2.509,2100,ssp245
-57.676056,293.75,3.038,2100,ssp245
-57.676056,303.75,3.712,2100,ssp245
-57.676056,313.75,3.691,2100,ssp245
-57.676056,323.75,3.425,2100,ssp245
-57.676056,333.75,3.148,2100,ssp245
-57.676056,343.75,2.491,2100,ssp245
-57.676056,353.75,2.195,2100,ssp245
-52.605633,3.75,1.641,2100,ssp245
-52.605633,13.75,1.535,2100,ssp245
-52.605633,23.75,1.577,2100,ssp245
-52.605633,33.75,1.703,2100,ssp245
-52.605633,43.75,1.79,2100,ssp245
-52.605633,53.75,1.942,2100,ssp245
-52.605633,63.75,2.289,2100,ssp245
-52.605633,73.75,2.617,2100,ssp245
-52.605633,83.75,2.587,2100,ssp245
-52.605633,93.75,2.371,2100,ssp245
-52.605633,103.75,2.18,2100,ssp245
-52.605633,113.75,2.011,2100,ssp245
-52.605633,123.75,1.826,2100,ssp245
-52.605633,133.75,1.705,2100,ssp245
-52.605633,143.75,1.922,2100,ssp245
-52.605633,153.75,2.094,2100,ssp245
-52.605633,163.75,2.058,2100,ssp245
-52.605633,173.75,2.149,2100,ssp245
-52.605633,183.75,2.187,2100,ssp245
-52.605633,193.75,2.096,2100,ssp245
-52.605633,203.75,1.794,2100,ssp245
-52.605633,213.75,1.983,2100,ssp245
-52.605633,223.75,1.964,2100,ssp245
-52.605633,233.75,1.783,2100,ssp245
-52.605633,243.75,1.584,2100,ssp245
-52.605633,253.75,1.693,2100,ssp245
-52.605633,263.75,1.902,2100,ssp245
-52.605633,273.75,2.149,2100,ssp245
-52.605633,283.75,2.624,2100,ssp245
-52.605633,293.75,3.221,2100,ssp245
-52.605633,303.75,2.748,2100,ssp245
-52.605633,313.75,2.624,2100,ssp245
-52.605633,323.75,2.884,2100,ssp245
-52.605633,333.75,2.881,2100,ssp245
-52.605633,343.75,2.405,2100,ssp245
-52.605633,353.75,1.87,2100,ssp245
-47.535213,3.75,2.131,2100,ssp245
-47.535213,13.75,2.258,2100,ssp245
-47.535213,23.75,2.091,2100,ssp245
-47.535213,33.75,2.153,2100,ssp245
-47.535213,43.75,2.235,2100,ssp245
-47.535213,53.75,2.289,2100,ssp245
-47.535213,63.75,2.435,2100,ssp245
-47.535213,73.75,2.63,2100,ssp245
-47.535213,83.75,2.605,2100,ssp245
-47.535213,93.75,2.58,2100,ssp245
-47.535213,103.75,2.535,2100,ssp245
-47.535213,113.75,2.236,2100,ssp245
-47.535213,123.75,1.902,2100,ssp245
-47.535213,133.75,1.858,2100,ssp245
-47.535213,143.75,2.058,2100,ssp245
-47.535213,153.75,2.254,2100,ssp245
-47.535213,163.75,2.342,2100,ssp245
-47.535213,173.75,2.395,2100,ssp245
-47.535213,183.75,2.549,2100,ssp245
-47.535213,193.75,2.687,2100,ssp245
-47.535213,203.75,3.017,2100,ssp245
-47.535213,213.75,3.25,2100,ssp245
-47.535213,223.75,2.902,2100,ssp245
-47.535213,233.75,2.457,2100,ssp245
-47.535213,243.75,2.055,2100,ssp245
-47.535213,253.75,1.92,2100,ssp245
-47.535213,263.75,2.076,2100,ssp245
-47.535213,273.75,2.426,2100,ssp245
-47.535213,283.75,3.311,2100,ssp245
-47.535213,293.75,3.944,2100,ssp245
-47.535213,303.75,2.912,2100,ssp245
-47.535213,313.75,2.958,2100,ssp245
-47.535213,323.75,2.799,2100,ssp245
-47.535213,333.75,2.634,2100,ssp245
-47.535213,343.75,2.351,2100,ssp245
-47.535213,353.75,2.101,2100,ssp245
-42.46479,3.75,2.929,2100,ssp245
-42.46479,13.75,2.854,2100,ssp245
-42.46479,23.75,2.573,2100,ssp245
-42.46479,33.75,2.577,2100,ssp245
-42.46479,43.75,2.52,2100,ssp245
-42.46479,53.75,2.352,2100,ssp245
-42.46479,63.75,2.383,2100,ssp245
-42.46479,73.75,2.55,2100,ssp245
-42.46479,83.75,2.619,2100,ssp245
-42.46479,93.75,2.652,2100,ssp245
-42.46479,103.75,2.488,2100,ssp245
-42.46479,113.75,2.171,2100,ssp245
-42.46479,123.75,1.869,2100,ssp245
-42.46479,133.75,1.863,2100,ssp245
-42.46479,143.75,2.273,2100,ssp245
-42.46479,153.75,3.168,2100,ssp245
-42.46479,163.75,2.786,2100,ssp245
-42.46479,173.75,2.892,2100,ssp245
-42.46479,183.75,2.98,2100,ssp245
-42.46479,193.75,3.236,2100,ssp245
-42.46479,203.75,3.383,2100,ssp245
-42.46479,213.75,3.3,2100,ssp245
-42.46479,223.75,3.067,2100,ssp245
-42.46479,233.75,2.742,2100,ssp245
-42.46479,243.75,2.313,2100,ssp245
-42.46479,253.75,2.121,2100,ssp245
-42.46479,263.75,2.32,2100,ssp245
-42.46479,273.75,2.713,2100,ssp245
-42.46479,283.75,3.348,2100,ssp245
-42.46479,293.75,3.822,2100,ssp245
-42.46479,303.75,3.602,2100,ssp245
-42.46479,313.75,3.187,2100,ssp245
-42.46479,323.75,2.919,2100,ssp245
-42.46479,333.75,2.891,2100,ssp245
-42.46479,343.75,3.065,2100,ssp245
-42.46479,353.75,2.943,2100,ssp245
-37.394363,3.75,2.617,2100,ssp245
-37.394363,13.75,2.432,2100,ssp245
-37.394363,23.75,2.337,2100,ssp245
-37.394363,33.75,2.124,2100,ssp245
-37.394363,43.75,2.167,2100,ssp245
-37.394363,53.75,2.135,2100,ssp245
-37.394363,63.75,2.386,2100,ssp245
-37.394363,73.75,2.545,2100,ssp245
-37.394363,83.75,2.816,2100,ssp245
-37.394363,93.75,2.642,2100,ssp245
-37.394363,103.75,2.376,2100,ssp245
-37.394363,113.75,2.012,2100,ssp245
-37.394363,123.75,1.888,2100,ssp245
-37.394363,133.75,1.99,2100,ssp245
-37.394363,143.75,3.063,2100,ssp245
-37.394363,153.75,3.755,2100,ssp245
-37.394363,163.75,3.006,2100,ssp245
-37.394363,173.75,2.822,2100,ssp245
-37.394363,183.75,2.646,2100,ssp245
-37.394363,193.75,2.747,2100,ssp245
-37.394363,203.75,2.784,2100,ssp245
-37.394363,213.75,2.813,2100,ssp245
-37.394363,223.75,2.672,2100,ssp245
-37.394363,233.75,2.515,2100,ssp245
-37.394363,243.75,2.287,2100,ssp245
-37.394363,253.75,2.03,2100,ssp245
-37.394363,263.75,2.187,2100,ssp245
-37.394363,273.75,2.546,2100,ssp245
-37.394363,283.75,2.957,2100,ssp245
-37.394363,293.75,3.238,2100,ssp245
-37.394363,303.75,3.32,2100,ssp245
-37.394363,313.75,2.777,2100,ssp245
-37.394363,323.75,2.745,2100,ssp245
-37.394363,333.75,2.848,2100,ssp245
-37.394363,343.75,2.898,2100,ssp245
-37.394363,353.75,2.753,2100,ssp245
-32.323944,3.75,2.333,2100,ssp245
-32.323944,13.75,2.189,2100,ssp245
-32.323944,23.75,4.009,2100,ssp245
-32.323944,33.75,2.782,2100,ssp245
-32.323944,43.75,3.035,2100,ssp245
-32.323944,53.75,3.086,2100,ssp245
-32.323944,63.75,3.04,2100,ssp245
-32.323944,73.75,2.87,2100,ssp245
-32.323944,83.75,2.756,2100,ssp245
-32.323944,93.75,2.527,2100,ssp245
-32.323944,103.75,2.348,2100,ssp245
-32.323944,113.75,2.274,2100,ssp245
-32.323944,123.75,2.786,2100,ssp245
-32.323944,133.75,2.853,2100,ssp245
-32.323944,143.75,3.964,2100,ssp245
-32.323944,153.75,3.325,2100,ssp245
-32.323944,163.75,2.64,2100,ssp245
-32.323944,173.75,2.357,2100,ssp245
-32.323944,183.75,2.366,2100,ssp245
-32.323944,193.75,2.4,2100,ssp245
-32.323944,203.75,2.367,2100,ssp245
-32.323944,213.75,2.332,2100,ssp245
-32.323944,223.75,2.166,2100,ssp245
-32.323944,233.75,2.088,2100,ssp245
-32.323944,243.75,1.819,2100,ssp245
-32.323944,253.75,1.531,2100,ssp245
-32.323944,263.75,1.781,2100,ssp245
-32.323944,273.75,2.276,2100,ssp245
-32.323944,283.75,2.591,2100,ssp245
-32.323944,293.75,3.092,2100,ssp245
-32.323944,303.75,3.649,2100,ssp245
-32.323944,313.75,2.564,2100,ssp245
-32.323944,323.75,2.492,2100,ssp245
-32.323944,333.75,2.504,2100,ssp245
-32.323944,343.75,2.474,2100,ssp245
-32.323944,353.75,2.357,2100,ssp245
-27.253521,3.75,2.322,2100,ssp245
-27.253521,13.75,2.772,2100,ssp245
-27.253521,23.75,5.042,2100,ssp245
-27.253521,33.75,3.92,2100,ssp245
-27.253521,43.75,3.422,2100,ssp245
-27.253521,53.75,3.367,2100,ssp245
-27.253521,63.75,3.047,2100,ssp245
-27.253521,73.75,2.65,2100,ssp245
-27.253521,83.75,2.499,2100,ssp245
-27.253521,93.75,2.495,2100,ssp245
-27.253521,103.75,2.304,2100,ssp245
-27.253521,113.75,2.785,2100,ssp245
-27.253521,123.75,4.028,2100,ssp245
-27.253521,133.75,4.004,2100,ssp245
-27.253521,143.75,4.411,2100,ssp245
-27.253521,153.75,3.23,2100,ssp245
-27.253521,163.75,2.483,2100,ssp245
-27.253521,173.75,2.388,2100,ssp245
-27.253521,183.75,2.43,2100,ssp245
-27.253521,193.75,2.318,2100,ssp245
-27.253521,203.75,2.25,2100,ssp245
-27.253521,213.75,2.159,2100,ssp245
-27.253521,223.75,1.948,2100,ssp245
-27.253521,233.75,1.538,2100,ssp245
-27.253521,243.75,1.305,2100,ssp245
-27.253521,253.75,1.639,2100,ssp245
-27.253521,263.75,2.099,2100,ssp245
-27.253521,273.75,2.475,2100,ssp245
-27.253521,283.75,2.441,2100,ssp245
-27.253521,293.75,4.478,2100,ssp245
-27.253521,303.75,4.356,2100,ssp245
-27.253521,313.75,2.501,2100,ssp245
-27.253521,323.75,2.187,2100,ssp245
-27.253521,333.75,2.299,2100,ssp245
-27.253521,343.75,2.191,2100,ssp245
-27.253521,353.75,2.259,2100,ssp245
-22.1831,3.75,2.425,2100,ssp245
-22.1831,13.75,3.563,2100,ssp245
-22.1831,23.75,5.034,2100,ssp245
-22.1831,33.75,3.955,2100,ssp245
-22.1831,43.75,3.714,2100,ssp245
-22.1831,53.75,3.015,2100,ssp245
-22.1831,63.75,2.807,2100,ssp245
-22.1831,73.75,2.491,2100,ssp245
-22.1831,83.75,2.483,2100,ssp245
-22.1831,93.75,2.46,2100,ssp245
-22.1831,103.75,2.085,2100,ssp245
-22.1831,113.75,2.919,2100,ssp245
-22.1831,123.75,4.091,2100,ssp245
-22.1831,133.75,4.356,2100,ssp245
-22.1831,143.75,4.907,2100,ssp245
-22.1831,153.75,2.685,2100,ssp245
-22.1831,163.75,2.429,2100,ssp245
-22.1831,173.75,2.382,2100,ssp245
-22.1831,183.75,2.257,2100,ssp245
-22.1831,193.75,2.196,2100,ssp245
-22.1831,203.75,2.271,2100,ssp245
-22.1831,213.75,2.208,2100,ssp245
-22.1831,223.75,1.885,2100,ssp245
-22.1831,233.75,1.661,2100,ssp245
-22.1831,243.75,2.037,2100,ssp245
-22.1831,253.75,2.431,2100,ssp245
-22.1831,263.75,2.616,2100,ssp245
-22.1831,273.75,2.523,2100,ssp245
-22.1831,283.75,2.536,2100,ssp245
-22.1831,293.75,5.067,2100,ssp245
-22.1831,303.75,4.919,2100,ssp245
-22.1831,313.75,3.6,2100,ssp245
-22.1831,323.75,2.471,2100,ssp245
-22.1831,333.75,2.367,2100,ssp245
-22.1831,343.75,2.273,2100,ssp245
-22.1831,353.75,2.406,2100,ssp245
-17.112675,3.75,2.786,2100,ssp245
-17.112675,13.75,4.012,2100,ssp245
-17.112675,23.75,4.644,2100,ssp245
-17.112675,33.75,4.223,2100,ssp245
-17.112675,43.75,3.555,2100,ssp245
-17.112675,53.75,2.9,2100,ssp245
-17.112675,63.75,2.771,2100,ssp245
-17.112675,73.75,2.794,2100,ssp245
-17.112675,83.75,2.69,2100,ssp245
-17.112675,93.75,2.407,2100,ssp245
-17.112675,103.75,2.223,2100,ssp245
-17.112675,113.75,2.729,2100,ssp245
-17.112675,123.75,4.018,2100,ssp245
-17.112675,133.75,4.605,2100,ssp245
-17.112675,143.75,3.591,2100,ssp245
-17.112675,153.75,2.547,2100,ssp245
-17.112675,163.75,2.547,2100,ssp245
-17.112675,173.75,2.526,2100,ssp245
-17.112675,183.75,2.503,2100,ssp245
-17.112675,193.75,2.573,2100,ssp245
-17.112675,203.75,2.628,2100,ssp245
-17.112675,213.75,2.602,2100,ssp245
-17.112675,223.75,2.511,2100,ssp245
-17.112675,233.75,2.856,2100,ssp245
-17.112675,243.75,3.097,2100,ssp245
-17.112675,253.75,2.876,2100,ssp245
-17.112675,263.75,2.734,2100,ssp245
-17.112675,273.75,2.635,2100,ssp245
-17.112675,283.75,3.619,2100,ssp245
-17.112675,293.75,5.126,2100,ssp245
-17.112675,303.75,4.86,2100,ssp245
-17.112675,313.75,4.73,2100,ssp245
-17.112675,323.75,3.027,2100,ssp245
-17.112675,333.75,2.735,2100,ssp245
-17.112675,343.75,2.839,2100,ssp245
-17.112675,353.75,2.912,2100,ssp245
-12.0422535,3.75,3.103,2100,ssp245
-12.0422535,13.75,3.752,2100,ssp245
-12.0422535,23.75,4.4,2100,ssp245
-12.0422535,33.75,4.164,2100,ssp245
-12.0422535,43.75,3.191,2100,ssp245
-12.0422535,53.75,3.112,2100,ssp245
-12.0422535,63.75,3.054,2100,ssp245
-12.0422535,73.75,2.938,2100,ssp245
-12.0422535,83.75,2.735,2100,ssp245
-12.0422535,93.75,2.614,2100,ssp245
-12.0422535,103.75,2.751,2100,ssp245
-12.0422535,113.75,2.993,2100,ssp245
-12.0422535,123.75,3.266,2100,ssp245
-12.0422535,133.75,3.37,2100,ssp245
-12.0422535,143.75,2.773,2100,ssp245
-12.0422535,153.75,2.964,2100,ssp245
-12.0422535,163.75,3.101,2100,ssp245
-12.0422535,173.75,3.129,2100,ssp245
-12.0422535,183.75,3.125,2100,ssp245
-12.0422535,193.75,3.218,2100,ssp245
-12.0422535,203.75,3.25,2100,ssp245
-12.0422535,213.75,3.294,2100,ssp245
-12.0422535,223.75,3.406,2100,ssp245
-12.0422535,233.75,3.592,2100,ssp245
-12.0422535,243.75,3.478,2100,ssp245
-12.0422535,253.75,3.396,2100,ssp245
-12.0422535,263.75,3.457,2100,ssp245
-12.0422535,273.75,3.935,2100,ssp245
-12.0422535,283.75,4.939,2100,ssp245
-12.0422535,293.75,4.924,2100,ssp245
-12.0422535,303.75,5.047,2100,ssp245
-12.0422535,313.75,5.037,2100,ssp245
-12.0422535,323.75,3.546,2100,ssp245
-12.0422535,333.75,3.205,2100,ssp245
-12.0422535,343.75,3.153,2100,ssp245
-12.0422535,353.75,3.182,2100,ssp245
-6.9718313,3.75,3.21,2100,ssp245
-6.9718313,13.75,3.809,2100,ssp245
-6.9718313,23.75,4.562,2100,ssp245
-6.9718313,33.75,4.248,2100,ssp245
-6.9718313,43.75,3.315,2100,ssp245
-6.9718313,53.75,3.481,2100,ssp245
-6.9718313,63.75,3.419,2100,ssp245
-6.9718313,73.75,3.259,2100,ssp245
-6.9718313,83.75,3.073,2100,ssp245
-6.9718313,93.75,2.922,2100,ssp245
-6.9718313,103.75,2.991,2100,ssp245
-6.9718313,113.75,3.207,2100,ssp245
-6.9718313,123.75,3.208,2100,ssp245
-6.9718313,133.75,3.024,2100,ssp245
-6.9718313,143.75,3.151,2100,ssp245
-6.9718313,153.75,3.262,2100,ssp245
-6.9718313,163.75,3.504,2100,ssp245
-6.9718313,173.75,3.583,2100,ssp245
-6.9718313,183.75,3.618,2100,ssp245
-6.9718313,193.75,3.675,2100,ssp245
-6.9718313,203.75,3.779,2100,ssp245
-6.9718313,213.75,3.839,2100,ssp245
-6.9718313,223.75,3.88,2100,ssp245
-6.9718313,233.75,3.907,2100,ssp245
-6.9718313,243.75,3.882,2100,ssp245
-6.9718313,253.75,3.985,2100,ssp245
-6.9718313,263.75,4.182,2100,ssp245
-6.9718313,273.75,4.62,2100,ssp245
-6.9718313,283.75,4.662,2100,ssp245
-6.9718313,293.75,4.709,2100,ssp245
-6.9718313,303.75,4.853,2100,ssp245
-6.9718313,313.75,4.73,2100,ssp245
-6.9718313,323.75,3.931,2100,ssp245
-6.9718313,333.75,3.414,2100,ssp245
-6.9718313,343.75,3.285,2100,ssp245
-6.9718313,353.75,3.272,2100,ssp245
-1.9014084,3.75,3.326,2100,ssp245
-1.9014084,13.75,3.942,2100,ssp245
-1.9014084,23.75,4.35,2100,ssp245
-1.9014084,33.75,4.234,2100,ssp245
-1.9014084,43.75,3.569,2100,ssp245
-1.9014084,53.75,3.533,2100,ssp245
-1.9014084,63.75,3.354,2100,ssp245
-1.9014084,73.75,3.201,2100,ssp245
-1.9014084,83.75,2.996,2100,ssp245
-1.9014084,93.75,2.914,2100,ssp245
-1.9014084,103.75,3.359,2100,ssp245
-1.9014084,113.75,3.398,2100,ssp245
-1.9014084,123.75,3.151,2100,ssp245
-1.9014084,133.75,3.27,2100,ssp245
-1.9014084,143.75,3.597,2100,ssp245
-1.9014084,153.75,3.938,2100,ssp245
-1.9014084,163.75,4.145,2100,ssp245
-1.9014084,173.75,4.258,2100,ssp245
-1.9014084,183.75,4.366,2100,ssp245
-1.9014084,193.75,4.439,2100,ssp245
-1.9014084,203.75,4.535,2100,ssp245
-1.9014084,213.75,4.63,2100,ssp245
-1.9014084,223.75,4.717,2100,ssp245
-1.9014084,233.75,4.872,2100,ssp245
-1.9014084,243.75,4.978,2100,ssp245
-1.9014084,253.75,4.966,2100,ssp245
-1.9014084,263.75,4.73,2100,ssp245
-1.9014084,273.75,4.538,2100,ssp245
-1.9014084,283.75,4.338,2100,ssp245
-1.9014084,293.75,4.661,2100,ssp245
-1.9014084,303.75,4.83,2100,ssp245
-1.9014084,313.75,3.709,2100,ssp245
-1.9014084,323.75,3.466,2100,ssp245
-1.9014084,333.75,3.348,2100,ssp245
-1.9014084,343.75,3.221,2100,ssp245
-1.9014084,353.75,3.29,2100,ssp245
3.169014,3.75,3.214,2100,ssp245
3.169014,13.75,4.102,2100,ssp245
3.169014,23.75,4.426,2100,ssp245
3.169014,33.75,4.476,2100,ssp245
3.169014,43.75,3.597,2100,ssp245
3.169014,53.75,3.693,2100,ssp245
3.169014,63.75,3.498,2100,ssp245
3.169014,73.75,3.424,2100,ssp245
3.169014,83.75,3.31,2100,ssp245
3.169014,93.75,3.305,2100,ssp245
3.169014,103.75,3.343,2100,ssp245
3.169014,113.75,3.378,2100,ssp245
3.169014,123.75,3.065,2100,ssp245
3.169014,133.75,3.427,2100,ssp245
3.169014,143.75,3.653,2100,ssp245
3.169014,153.75,3.816,2100,ssp245
3.169014,163.75,3.963,2100,ssp245
3.169014,173.75,4.08,2100,ssp245
3.169014,183.75,4.179,2100,ssp245
3.169014,193.75,4.307,2100,ssp245
3.169014,203.75,4.391,2100,ssp245
3.169014,213.75,4.464,2100,ssp245
3.169014,223.75,4.553,2100,ssp245
3.169014,233.75,4.636,2100,ssp245
3.169014,243.75,4.67,2100,ssp245
3.169014,253.75,4.616,2100,ssp245
3.169014,263.75,4.301,2100,ssp245
3.169014,273.75,4.051,2100,ssp245
3.169014,283.75,4.264,2100,ssp245
3.169014,293.75,4.811,2100,ssp245
3.169014,303.75,4.435,2100,ssp245
3.169014,313.75,3.343,2100,ssp245
3.169014,323.75,3.325,2100,ssp245
3.169014,333.75,3.323,2100,ssp245
3.169014,343.75,3.167,2100,ssp245
3.169014,353.75,3.257,2100,ssp245
8.239437,3.75,4.5,2100,ssp245
8.239437,13.75,4.586,2100,ssp245
8.239437,23.75,4.669,2100,ssp245
8.239437,33.75,4.681,2100,ssp245
8.239437,43.75,4.139,2100,ssp245
8.239437,53.75,3.706,2100,ssp245
8.239437,63.75,3.599,2100,ssp245
8.239437,73.75,3.464,2100,ssp245
8.239437,83.75,3.27,2100,ssp245
8.239437,93.75,3.458,2100,ssp245
8.239437,103.75,3.302,2100,ssp245
8.239437,113.75,3.084,2100,ssp245
8.239437,123.75,3.258,2100,ssp245
8.239437,133.75,3.136,2100,ssp245
8.239437,143.75,3.204,2100,ssp245
8.239437,153.75,3.305,2100,ssp245
8.239437,163.75,3.409,2100,ssp245
8.239437,173.75,3.519,2100,ssp245
8.239437,183.75,3.561,2100,ssp245
8.239437,193.75,3.598,2100,ssp245
8.239437,203.75,3.668,2100,ssp245
8.239437,213.75,3.649,2100,ssp245
8.239437,223.75,3.602,2100,ssp245
8.239437,233.75,3.609,2100,ssp245
8.239437,243.75,3.753,2100,ssp245
8.239437,253.75,3.823,2100,ssp245
8.239437,263.75,3.759,2100,ssp245
8.239437,273.75,3.673,2100,ssp245
8.239437,283.75,3.894,2100,ssp245
8.239437,293.75,4.47,2100,ssp245
8.239437,303.75,3.405,2100,ssp245
8.239437,313.75,3.303,2100,ssp245
8.239437,323.75,3.235,2100,ssp245
8.239437,333.75,3.124,2100,ssp245
8.239437,343.75,2.705,2100,ssp245
8.239437,353.75,4.422,2100,ssp245
13.309858,3.75,4.814,2100,ssp245
13.309858,13.75,4.941,2100,ssp245
13.309858,23.75,4.868,2100,ssp245
13.309858,33.75,4.646,2100,ssp245
13.309858,43.75,4.113,2100,ssp245
13.309858,53.75,3.608,2100,ssp245
13.309858,63.75,3.586,2100,ssp245
13.309858,73.75,3.676,2100,ssp245
13.309858,83.75,3.258,2100,ssp245
13.309858,93.75,3.492,2100,ssp245
13.309858,103.75,4.188,2100,ssp245
13.309858,113.75,3.084,2100,ssp245
13.309858,123.75,3.218,2100,ssp245
13.309858,133.75,3.084,2100,ssp245
13.309858,143.75,3.165,2100,ssp245
13.309858,153.75,3.278,2100,ssp245
13.309858,163.75,3.361,2100,ssp245
13.309858,173.75,3.315,2100,ssp245
13.309858,183.75,3.297,2100,ssp245
13.309858,193.75,3.375,2100,ssp245
13.309858,203.75,3.429,2100,ssp245
13.309858,213.75,3.349,2100,ssp245
13.309858,223.75,3.133,2100,ssp245
13.309858,233.75,2.987,2100,ssp245
13.309858,243.75,3.169,2100,ssp245
13.309858,253.75,3.543,2100,ssp245
13.309858,263.75,3.708,2100,ssp245
13.309858,273.75,3.704,2100,ssp245
13.309858,283.75,2.979,2100,ssp245
13.309858,293.75,3.127,2100,ssp245
13.309858,303.75,3.291,2100,ssp245
13.309858,313.75,3.226,2100,ssp245
13.309858,323.75,3.293,2100,ssp245
13.309858,333.75,3.123,2100,ssp245
13.309858,343.75,3.594,2100,ssp245
13.309858,353.75,5.246,2100,ssp245
18.380281,3.75,5.431,2100,ssp245
18.380281,13.75,5.887,2100,ssp245
18.380281,23.75,5.646,2100,ssp245
18.380281,33.75,5.076,2100,ssp245
18.380281,43.75,5.027,2100,ssp245
18.380281,53.75,4.636,2100,ssp245
18.380281,63.75,3.281,2100,ssp245
18.380281,73.75,3.875,2100,ssp245
18.380281,83.75,3.756,2100,ssp245
18.380281,93.75,3.837,2100,ssp245
18.380281,103.75,4.339,2100,ssp245
18.380281,113.75,3.316,2100,ssp245
18.380281,123.75,3.09,2100,ssp245
18.380281,133.75,2.92,2100,ssp245
18.380281,143.75,2.974,2100,ssp245
18.380281,153.75,3.073,2100,ssp245
18.380281,163.75,3.193,2100,ssp245
18.380281,173.75,3.333,2100,ssp245
18.380281,183.75,3.432,2100,ssp245
18.380281,193.75,3.399,2100,ssp245
18.380281,203.75,3.352,2100,ssp245
18.380281,213.75,3.328,2100,ssp245
18.380281,223.75,3.236,2100,ssp245
18.380281,233.75,2.778,2100,ssp245
18.380281,243.75,2.359,2100,ssp245
18.380281,253.75,3.05,2100,ssp245
18.380281,263.75,3.75,2100,ssp245
18.380281,273.75,3.373,2100,ssp245
18.380281,283.75,3.291,2100,ssp245
18.380281,293.75,3.156,2100,ssp245
18.380281,303.75,3.175,2100,ssp245
18.380281,313.75,3.079,2100,ssp245
18.380281,323.75,2.975,2100,ssp245
18.380281,333.75,2.966,2100,ssp245
18.380281,343.75,3.672,2100,ssp245
18.380281,353.75,5.83,2100,ssp245
23.450703,3.75,5.355,2100,ssp245
23.450703,13.75,5.426,2100,ssp245
23.450703,23.75,5.226,2100,ssp245
23.450703,33.75,4.891,2100,ssp245
23.450703,43.75,5.538,2100,ssp245
23.450703,53.75,4.914,2100,ssp245
23.450703,63.75,3.51,2100,ssp245
23.450703,73.75,4.245,2100,ssp245
23.450703,83.75,4.522,2100,ssp245
23.450703,93.75,4.543,2100,ssp245
23.450703,103.75,4.53,2100,ssp245
23.450703,113.75,3.948,2100,ssp245
23.450703,123.75,3.047,2100,ssp245
23.450703,133.75,2.803,2100,ssp245
23.450703,143.75,2.671,2100,ssp245
23.450703,153.75,2.696,2100,ssp245
23.450703,163.75,2.828,2100,ssp245
23.450703,173.75,3.074,2100,ssp245
23.450703,183.75,3.364,2100,ssp245
23.450703,193.75,3.525,2100,ssp245
23.450703,203.75,3.558,2100,ssp245
23.450703,213.75,3.656,2100,ssp245
23.450703,223.75,3.561,2100,ssp245
23.450703,233.75,3.029,2100,ssp245
23.450703,243.75,2.481,2100,ssp245
23.450703,253.75,3.369,2100,ssp245
23.450703,263.75,3.161,2100,ssp245
23.450703,273.75,3.052,2100,ssp245
23.450703,283.75,3.214,2100,ssp245
23.450703,293.75,3.165,2100,ssp245
23.450703,303.75,3.13,2100,ssp245
23.450703,313.75,3.231,2100,ssp245
23.450703,323.75,3.031,2100,ssp245
23.450703,333.75,2.887,2100,ssp245
23.450703,343.75,3.326,2100,ssp245
23.450703,353.75,5.252,2100,ssp245
28.521126,3.75,4.955,2100,ssp245
28.521126,13.75,4.912,2100,ssp245
28.521126,23.75,4.678,2100,ssp245
28.521126,33.75,4.833,2100,ssp245
28.521126,43.75,5.066,2100,ssp245
28.521126,53.75,4.815,2100,ssp245
28.521126,63.75,4.858,2100,ssp245
28.521126,73.75,4.134,2100,ssp245
28.521126,83.75,4.199,2100,ssp245
28.521126,93.75,5.019,2100,ssp245
28.521126,103.75,5.291,2100,ssp245
28.521126,113.75,4.345,2100,ssp245
28.521126,123.75,3.519,2100,ssp245
28.521126,133.75,2.905,2100,ssp245
28.521126,143.75,2.63,2100,ssp245
28.521126,153.75,2.493,2100,ssp245
28.521126,163.75,2.438,2100,ssp245
28.521126,173.75,2.638,2100,ssp245
28.521126,183.75,2.861,2100,ssp245
28.521126,193.75,3.235,2100,ssp245
28.521126,203.75,3.505,2100,ssp245
28.521126,213.75,3.726,2100,ssp245
28.521126,223.75,3.935,2100,ssp245
28.521126,233.75,3.392,2100,ssp245
28.521126,243.75,2.979,2100,ssp245
28.521126,253.75,4.114,2100,ssp245
28.521126,263.75,3.558,2100,ssp245
28.521126,273.75,3.06,2100,ssp245
28.521126,283.75,3.137,2100,ssp245
28.521126,293.75,3.121,2100,ssp245
28.521126,303.75,3.092,2100,ssp245
28.521126,313.75,3.148,2100,ssp245
28.521126,323.75,3.175,2100,ssp245
28.521126,333.75,2.991,2100,ssp245
28.521126,343.75,2.738,2100,ssp245
28.521126,353.75,4.625,2100,ssp245
33.591553,3.75,4.66,2100,ssp245
33.591553,13.75,3.744,2100,ssp245
33.591553,23.75,3.529,2100,ssp245
33.591553,33.75,3.8,2100,ssp245
33.591553,43.75,5.14,2100,ssp245
33.591553,53.75,5.143,2100,ssp245
33.591553,63.75,5.399,2100,ssp245
33.591553,73.75,4.85,2100,ssp245
33.591553,83.75,5.019,2100,ssp245
33.591553,93.75,5.745,2100,ssp245
33.591553,103.75,5.351,2100,ssp245
33.591553,113.75,4.522,2100,ssp245
33.591553,123.75,3.762,2100,ssp245
33.591553,133.75,3.6,2100,ssp245
33.591553,143.75,3.035,2100,ssp245
33.591553,153.75,2.83,2100,ssp245
33.591553,163.75,2.508,2100,ssp245
33.591553,173.75,2.646,2100,ssp245
33.591553,183.75,2.755,2100,ssp245
33.591553,193.75,2.814,2100,ssp245
33.591553,203.75,3.146,2100,ssp245
33.591553,213.75,3.339,2100,ssp245
33.591553,223.75,3.717,2100,ssp245
33.591553,233.75,3.526,2100,ssp245
33.591553,243.75,3.8,2100,ssp245
33.591553,253.75,4.423,2100,ssp245
33.591553,263.75,4.468,2100,ssp245
33.591553,273.75,3.825,2100,ssp245
33.591553,283.75,3.408,2100,ssp245
33.591553,293.75,2.955,2100,ssp245
33.591553,303.75,3.024,2100,ssp245
33.591553,313.75,3.01,2100,ssp245
33.591553,323.75,3.233,2100,ssp245
33.591553,333.75,3.368,2100,ssp245
33.591553,343.75,2.904,2100,ssp245
33.591553,353.75,3.788,2100,ssp245
38.661972,3.75,3.482,2100,ssp245
38.661972,13.75,3.653,2100,ssp245
38.661972,23.75,3.984,2100,ssp245
38.661972,33.75,4.693,2100,ssp245
38.661972,43.75,5.338,2100,ssp245
38.661972,53.75,4.732,2100,ssp245
38.661972,63.75,5.354,2100,ssp245
38.661972,73.75,5.015,2100,ssp245
38.661972,83.75,4.914,2100,ssp245
38.661972,93.75,5.18,2100,ssp245
38.661972,103.75,5.262,2100,ssp245
38.661972,113.75,4.851,2100,ssp245
38.661972,123.75,4.496,2100,ssp245
38.661972,133.75,4.487,2100,ssp245
38.661972,143.75,3.487,2100,ssp245
38.661972,153.75,3.333,2100,ssp245
38.661972,163.75,2.812,2100,ssp245
38.661972,173.75,2.785,2100,ssp245
38.661972,183.75,3.19,2100,ssp245
38.661972,193.75,3.25,2100,ssp245
38.661972,203.75,3.244,2100,ssp245
38.661972,213.75,3.342,2100,ssp245
38.661972,223.75,3.482,2100,ssp245
38.661972,233.75,3.679,2100,ssp245
38.661972,243.75,4.351,2100,ssp245
38.661972,253.75,4.456,2100,ssp245
38.661972,263.75,4.772,2100,ssp245
38.661972,273.75,4.659,2100,ssp245
38.661972,283.75,4.271,2100,ssp245
38.661972,293.75,3.405,2100,ssp245
38.661972,303.75,3.203,2100,ssp245
38.661972,313.75,3.089,2100,ssp245
38.661972,323.75,3.353,2100,ssp245
38.661972,333.75,3.8,2100,ssp245
38.661972,343.75,3.489,2100,ssp245
38.661972,353.75,3.914,2100,ssp245
43.732395,3.75,4.291,2100,ssp245
43.732395,13.75,4.45,2100,ssp245
43.732395,23.75,4.864,2100,ssp245
43.732395,33.75,3.995,2100,ssp245
43.732395,43.75,4.866,2100,ssp245
43.732395,53.75,4.606,2100,ssp245
43.732395,63.75,4.99,2100,ssp245
43.732395,73.75,5.341,2100,ssp245
43.732395,83.75,5.501,2100,ssp245
43.732395,93.75,5.302,2100,ssp245
43.732395,103.75,5.194,2100,ssp245
43.732395,113.75,4.768,2100,ssp245
43.732395,123.75,5.143,2100,ssp245
43.732395,133.75,4.93,2100,ssp245
43.732395,143.75,5.044,2100,ssp245
43.732395,153.75,4.568,2100,ssp245
43.732395,163.75,3.677,2100,ssp245
43.732395,173.75,3.121,2100,ssp245
43.732395,183.75,3.489,2100,ssp245
43.732395,193.75,4.018,2100,ssp245
43.732395,203.75,3.976,2100,ssp245
43.732395,213.75,3.883,2100,ssp245
43.732395,223.75,3.776,2100,ssp245
43.732395,233.75,3.933,2100,ssp245
43.732395,243.75,4.639,2100,ssp245
43.732395,253.75,4.647,2100,ssp245
43.732395,263.75,4.939,2100,ssp245
43.732395,273.75,5.0,2100,ssp245
43.732395,283.75,5.148,2100,ssp245
43.732395,293.75,4.99,2100,ssp245
43.732395,303.75,4.444,2100,ssp245
43.732395,313.75,4.294,2100,ssp245
43.732395,323.75,4.281,2100,ssp245
43.732395,333.75,4.017,2100,ssp245
43.732395,343.75,3.64,2100,ssp245
43.732395,353.75,3.511,2100,ssp245
48.802814,3.75,4.306,2100,ssp245
48.802814,13.75,4.781,2100,ssp245
48.802814,23.75,5.043,2100,ssp245
48.802814,33.75,5.025,2100,ssp245
48.802814,43.75,5.287,2100,ssp245
48.802814,53.75,5.223,2100,ssp245
48.802814,63.75,5.29,2100,ssp245
48.802814,73.75,5.707,2100,ssp245
48.802814,83.75,5.946,2100,ssp245
48.802814,93.75,5.668,2100,ssp245
48.802814,103.75,4.938,2100,ssp245
48.802814,113.75,4.696,2100,ssp245
48.802814,123.75,5.416,2100,ssp245
48.802814,133.75,6.691,2100,ssp245
48.802814,143.75,6.707,2100,ssp245
48.802814,153.75,5.279,2100,ssp245
48.802814,163.75,4.215,2100,ssp245
48.802814,173.75,3.739,2100,ssp245
48.802814,183.75,4.078,2100,ssp245
48.802814,193.75,4.738,2100,ssp245
48.802814,203.75,4.766,2100,ssp245
48.802814,213.75,4.771,2100,ssp245
48.802814,223.75,4.281,2100,ssp245
48.802814,233.75,4.728,2100,ssp245
48.802814,243.75,5.043,2100,ssp245
48.802814,253.75,4.678,2100,ssp245
48.802814,263.75,5.078,2100,ssp245
48.802814,273.75,5.981,2100,ssp245
48.802814,283.75,6.171,2100,ssp245
48.802814,293.75,6.083,2100,ssp245
48.802814,303.75,5.605,2100,ssp245
48.802814,313.75,5.202,2100,ssp245
48.802814,323.75,4.99,2100,ssp245
48.802814,333.75,4.319,2100,ssp245
48.802814,343.75,3.634,2100,ssp245
48.802814,353.75,3.193,2100,ssp245
53.87324,3.75,3.425,2100,ssp245
53.87324,13.75,4.141,2100,ssp245
53.87324,23.75,4.729,2100,ssp245
53.87324,33.75,5.244,2100,ssp245
53.87324,43.75,5.964,2100,ssp245
53.87324,53.75,6.11,2100,ssp245
53.87324,63.75,6.104,2100,ssp245
53.87324,73.75,6.3,2100,ssp245
53.87324,83.75,5.996,2100,ssp245
53.87324,93.75,5.148,2100,ssp245
53.87324,103.75,5.027,2100,ssp245
53.87324,113.75,5.494,2100,ssp245
53.87324,123.75,6.491,2100,ssp245
53.87324,133.75,8.072,2100,ssp245
53.87324,143.75,8.493,2100,ssp245
53.87324,153.75,6.164,2100,ssp245
53.87324,163.75,4.783,2100,ssp245
53.87324,173.75,4.169,2100,ssp245
53.87324,183.75,4.751,2100,ssp245
53.87324,193.75,5.419,2100,ssp245
53.87324,203.75,5.207,2100,ssp245
53.87324,213.75,5.061,2100,ssp245
53.87324,223.75,4.822,2100,ssp245
53.87324,233.75,6.002,2100,ssp245
53.87324,243.75,5.442,2100,ssp245
53.87324,253.75,5.742,2100,ssp245
53.87324,263.75,6.828,2100,ssp245
53.87324,273.75,7.472,2100,ssp245
53.87324,283.75,8.037,2100,ssp245
53.87324,293.75,7.059,2100,ssp245
53.87324,303.75,6.574,2100,ssp245
53.87324,313.75,5.21,2100,ssp245
53.87324,323.75,4.428,2100,ssp245
53.87324,333.75,3.913,2100,ssp245
53.87324,343.75,3.292,2100,ssp245
53.87324,353.75,3.297,2100,ssp245
58.943665,3.75,3.571,2100,ssp245
58.943665,13.75,4.32,2100,ssp245
58.943665,23.75,4.462,2100,ssp245
58.943665,33.75,5.275,2100,ssp245
58.943665,43.75,6.47,2100,ssp245
58.943665,53.75,7.126,2100,ssp245
58.943665,63.75,7.184,2100,ssp245
58.943665,73.75,6.888,2100,ssp245
58.943665,83.75,6.416,2100,ssp245
58.943665,93.75,6.177,2100,ssp245
58.943665,103.75,6.219,2100,ssp245
58.943665,113.75,6.166,2100,ssp245
58.943665,123.75,7.215,2100,ssp245
58.943665,133.75,8.577,2100,ssp245
58.943665,143.75,8.671,2100,ssp245
58.943665,153.75,7.477,2100,ssp245
58.943665,163.75,6.675,2100,ssp245
58.943665,173.75,6.177,2100,ssp245
58.943665,183.75,7.123,2100,ssp245
58.943665,193.75,7.362,2100,ssp245
58.943665,203.75,7.115,2100,ssp245
58.943665,213.75,5.602,2100,ssp245
58.943665,223.75,6.807,2100,ssp245
58.943665,233.75,7.125,2100,ssp245
58.943665,243.75,7.222,2100,ssp245
58.943665,253.75,7.424,2100,ssp245
58.943665,263.75,8.625,2100,ssp245
58.943665,273.75,9.557,2100,ssp245
58.943665,283.75,9.0,2100,ssp245
58.943665,293.75,8.154,2100,ssp245
58.943665,303.75,7.36,2100,ssp245
58.943665,313.75,4.887,2100,ssp245
58.943665,323.75,4.2,2100,ssp245
58.943665,333.75,3.631,2100,ssp245
58.943665,343.75,3.109,2100,ssp245
58.943665,353.75,3.16,2100,ssp245
64.014084,3.75,3.763,2100,ssp245
64.014084,13.75,4.333,2100,ssp245
64.014084,23.75,4.816,2100,ssp245
64.014084,33.75,5.142,2100,ssp245
64.014084,43.75,5.946,2100,ssp245
64.014084,53.75,7.069,2100,ssp245
64.014084,63.75,7.464,2100,ssp245
64.014084,73.75,7.719,2100,ssp245
64.014084,83.75,7.489,2100,ssp245
64.014084,93.75,7.141,2100,ssp245
64.014084,103.75,7.098,2100,ssp245
64.014084,113.75,7.108,2100,ssp245
64.014084,123.75,7.669,2100,ssp245
64.014084,133.75,8.426,2100,ssp245
64.014084,143.75,8.356,2100,ssp245
64.014084,153.75,8.709,2100,ssp245
64.014084,163.75,8.798,2100,ssp245
64.014084,173.75,9.029,2100,ssp245
64.014084,183.75,9.46,2100,ssp245
64.014084,193.75,9.418,2100,ssp245
64.014084,203.75,9.234,2100,ssp245
64.014084,213.75,8.618,2100,ssp245
64.014084,223.75,8.444,2100,ssp245
64.014084,233.75,8.353,2100,ssp245
64.014084,243.75,9.057,2100,ssp245
64.014084,253.75,9.068,2100,ssp245
64.014084,263.75,9.846,2100,ssp245
64.014084,273.75,9.637,2100,ssp245
64.014084,283.75,9.329,2100,ssp245
64.014084,293.75,8.813,2100,ssp245
64.014084,303.75,8.625,2100,ssp245
64.014084,313.75,5.914,2100,ssp245
64.014084,323.75,5.163,2100,ssp245
64.014084,333.75,4.71,2100,ssp245
64.014084,343.75,4.153,2100,ssp245
64.014084,353.75,4.221,2100,ssp245
69.0845,3.75,3.996,2100,ssp245
69.0845,13.75,3.777,2100,ssp245
69.0845,23.75,4.207,2100,ssp245
69.0845,33.75,4.398,2100,ssp245
69.0845,43.75,5.453,2100,ssp245
69.0845,53.75,7.388,2100,ssp245
69.0845,63.75,8.385,2100,ssp245
69.0845,73.75,8.871,2100,ssp245
69.0845,83.75,8.41,2100,ssp245
69.0845,93.75,7.553,2100,ssp245
69.0845,103.75,8.088,2100,ssp245
69.0845,113.75,8.001,2100,ssp245
69.0845,123.75,8.079,2100,ssp245
69.0845,133.75,8.642,2100,ssp245
69.0845,143.75,9.607,2100,ssp245
69.0845,153.75,10.344,2100,ssp245
69.0845,163.75,10.359,2100,ssp245
69.0845,173.75,10.941,2100,ssp245
69.0845,183.75,12.359,2100,ssp245
69.0845,193.75,12.269,2100,ssp245
69.0845,203.75,11.324,2100,ssp245
69.0845,213.75,10.964,2100,ssp245
69.0845,223.75,11.638,2100,ssp245
69.0845,233.75,11.526,2100,ssp245
69.0845,243.75,11.463,2100,ssp245
69.0845,253.75,11.276,2100,ssp245
69.0845,263.75,11.809,2100,ssp245
69.0845,273.75,10.836,2100,ssp245
69.0845,283.75,9.556,2100,ssp245
69.0845,293.75,9.428,2100,ssp245
69.0845,303.75,10.002,2100,ssp245
69.0845,313.75,6.53,2100,ssp245
69.0845,323.75,6.191,2100,ssp245
69.0845,333.75,6.857,2100,ssp245
69.0845,343.75,6.399,2100,ssp245
69.0845,353.75,4.279,2100,ssp245
74.15493,3.75,5.546,2100,ssp245
74.15493,13.75,5.758,2100,ssp245
74.15493,23.75,6.13,2100,ssp245
74.15493,33.75,6.01,2100,ssp245
74.15493,43.75,7.107,2100,ssp245
74.15493,53.75,9.538,2100,ssp245
74.15493,63.75,11.565,2100,ssp245
74.15493,73.75,11.037,2100,ssp245
74.15493,83.75,10.034,2100,ssp245
74.15493,93.75,10.173,2100,ssp245
74.15493,103.75,10.245,2100,ssp245
74.15493,113.75,9.867,2100,ssp245
74.15493,123.75,10.067,2100,ssp245
74.15493,133.75,10.929,2100,ssp245
74.15493,143.75,11.607,2100,ssp245
74.15493,153.75,12.646,2100,ssp245
74.15493,163.75,13.658,2100,ssp245
74.15493,173.75,14.225,2100,ssp245
74.15493,183.75,14.851,2100,ssp245
74.15493,193.75,15.116,2100,ssp245
74.15493,203.75,14.853,2100,ssp245
74.15493,213.75,14.592,2100,ssp245
74.15493,223.75,14.355,2100,ssp245
74.15493,233.75,13.575,2100,ssp245
74.15493,243.75,13.897,2100,ssp245
74.15493,253.75,14.482,2100,ssp245
74.15493,263.75,13.685,2100,ssp245
74.15493,273.75,11.117,2100,ssp245
74.15493,283.75,10.477,2100,ssp245
74.15493,293.75,9.895,2100,ssp245
74.15493,303.75,7.982,2100,ssp245
74.15493,313.75,7.124,2100,ssp245
74.15493,323.75,6.78,2100,ssp245
74.15493,333.75,6.367,2100,ssp245
74.15493,343.75,10.665,2100,ssp245
74.15493,353.75,8.203,2100,ssp245
79.22536,3.75,12.83,2100,ssp245
79.22536,13.75,12.343,2100,ssp245
79.22536,23.75,13.387,2100,ssp245
79.22536,33.75,14.135,2100,ssp245
79.22536,43.75,14.097,2100,ssp245
79.22536,53.75,14.475,2100,ssp245
79.22536,63.75,15.337,2100,ssp245
79.22536,73.75,15.733,2100,ssp245
79.22536,83.75,15.368,2100,ssp245
79.22536,93.75,14.664,2100,ssp245
79.22536,103.75,14.632,2100,ssp245
79.22536,113.75,14.943,2100,ssp245
79.22536,123.75,14.779,2100,ssp245
79.22536,133.75,14.317,2100,ssp245
79.22536,143.75,14.528,2100,ssp245
79.22536,153.75,15.031,2100,ssp245
79.22536,163.75,15.067,2100,ssp245
79.22536,173.75,15.066,2100,ssp245
79.22536,183.75,15.174,2100,ssp245
79.22536,193.75,15.207,2100,ssp245
79.22536,203.75,15.287,2100,ssp245
79.22536,213.75,15.318,2100,ssp245
79.22536,223.75,15.384,2100,ssp245
79.22536,233.75,15.23,2100,ssp245
79.22536,243.75,15.002,2100,ssp245
79.22536,253.75,14.588,2100,ssp245
79.22536,263.75,12.841,2100,ssp245
79.22536,273.75,9.792,2100,ssp245
79.22536,283.75,9.1,2100,ssp245
79.22536,293.75,8.452,2100,ssp245
79.22536,303.75,7.096,2100,ssp245
79.22536,313.75,7.096,2100,ssp245
79.22536,323.75,7.165,2100,ssp245
79.22536,333.75,7.512,2100,ssp245
79.22536,343.75,10.412,2100,ssp245
79.22536,353.75,12.951,2100,ssp245
84.29578,3.75,15.503,2100,ssp245
84.29578,13.75,15.997,2100,ssp245
84.29578,23.75,16.572,2100,ssp245
84.29578,33.75,16.982,2100,ssp245
84.29578,43.75,17.298,2100,ssp245
84.29578,53.75,17.618,2100,ssp245
84.29578,63.75,18.03,2100,ssp245
84.29578,73.75,18.408,2100,ssp245
84.29578,83.75,18.591,2100,ssp245
84.29578,93.75,18.638,2100,ssp245
84.29578,103.75,18.573,2100,ssp245
84.29578,113.75,18.286,2100,ssp245
84.29578,123.75,17.545,2100,ssp245
84.29578,133.75,16.78,2100,ssp245
84.29578,143.75,16.391,2100,ssp245
84.29578,153.75,16.126,2100,ssp245
84.29578,163.75,15.921,2100,ssp245
84.29578,173.75,15.811,2100,ssp245
84.29578,183.75,15.746,2100,ssp245
84.29578,193.75,15.712,2100,ssp245
84.29578,203.75,15.646,2100,ssp245
84.29578,213.75,15.575,2100,ssp245
84.29578,223.75,15.574,2100,ssp245
84.29578,233.75,15.517,2100,ssp245
84.29578,243.75,15.322,2100,ssp245
84.29578,253.75,15.057,2100,ssp245
84.29578,263.75,14.6,2100,ssp245
84.29578,273.75,13.612,2100,ssp245
84.29578,283.75,12.623,2100,ssp245
84.29578,293.75,12.909,2100,ssp245
84.29578,303.75,13.49,2100,ssp245
84.29578,313.75,12.729,2100,ssp245
84.29578,323.75,11.955,2100,ssp245
84.29578,333.75,12.784,2100,ssp245
84.29578,343.75,14.215,2100,ssp245
84.29578,353.75,14.875,2100,ssp245
-88.09859,3.75,2.481,2030,ssp585
-88.09859,13.75,2.49,2030,ssp585
-88.09859,23.75,2.5,2030,ssp585
-88.09859,33.75,2.528,2030,ssp585
-88.09859,43.75,2.567,2030,ssp585
-88.09859,53.75,2.605,2030,ssp585
-88.09859,63.75,2.607,2030,ssp585
-88.09859,73.75,2.551,2030,ssp585
-88.09859,83.75,2.472,2030,ssp585
-88.09859,93.75,2.382,2030,ssp585
-88.09859,103.75,2.288,2030,ssp585
-88.09859,113.75,2.141,2030,ssp585
-88.09859,123.75,2.007,2030,ssp585
-88.09859,133.75,1.843,2030,ssp585
-88.09859,143.75,1.827,2030,ssp585
-88.09859,153.75,1.785,2030,ssp585
-88.09859,163.75,1.793,2030,ssp585
-88.09859,173.75,1.805,2030,ssp585
-88.09859,183.75,1.835,2030,ssp585
-88.09859,193.75,1.837,2030,ssp585
-88.09859,203.75,1.902,2030,ssp585
-88.09859,213.75,1.929,2030,ssp585
-88.09859,223.75,1.958,2030,ssp585
-88.09859,233.75,2.027,2030,ssp585
-88.09859,243.75,2.098,2030,ssp585
-88.09859,253.75,2.132,2030,ssp585
-88.09859,263.75,2.179,2030,ssp585
-88.09859,273.75,2.142,2030,ssp585
-88.09859,283.75,2.117,2030,ssp585
-88.09859,293.75,2.19,2030,ssp585
-88.09859,303.75,2.243,2030,ssp585
-88.09859,313.75,2.273,2030,ssp585
-88.09859,323.75,2.336,2030,ssp585
-88.09859,333.75,2.396,2030,ssp585
-88.09859,343.75,2.432,2030,ssp585
-88.09859,353.75,2.466,2030,ssp585
-83.02817,3.75,2.971,2030,ssp585
-83.02817,13.75,2.965,2030,ssp585
-83.02817,23.75,2.86,2030,ssp585
-83.02817,33.75,2.707,2030,ssp585
-83.02817,43.75,2.611,2030,ssp585
-83.02817,53.75,2.588,2030,ssp585
-83.02817,63.75,2.58,2030,ssp585
-83.02817,73.75,2.624,2030,ssp585
-83.02817,83.75,2.756,2030,ssp585
-83.02817,93.75,2.673,2030,ssp585
-83.02817,103.75,2.507,2030,ssp585
-83.02817,113.75,2.255,2030,ssp585
-83.02817,123.75,1.96,2030,ssp585
-83.02817,133.75,1.548,2030,ssp585
-83.02817,143.75,1.289,2030,ssp585
-83.02817,153.75,1.207,2030,ssp585
-83.02817,163.75,1.092,2030,ssp585
-83.02817,173.75,1.012,2030,ssp585
-83.02817,183.75,1.142,2030,ssp585
-83.02817,193.75,1.38,2030,ssp585
-83.02817,203.75,1.586,2030,ssp585
-83.02817,213.75,1.668,2030,ssp585
-83.02817,223.75,1.874,2030,ssp585
-83.02817,233.75,2.242,2030,ssp585
-83.02817,243.75,2.844,2030,ssp585
-83.02817,253.75,3.186,2030,ssp585
-83.02817,263.75,2.953,2030,ssp585
-83.02817,273.75,2.372,2030,ssp585
-83.02817,283.75,2.121,2030,ssp585
-83.02817,293.75,2.323,2030,ssp585
-83.02817,303.75,2.319,2030,ssp585
-83.02817,313.75,2.352,2030,ssp585
-83.02817,323.75,2.398,2030,ssp585
-83.02817,333.75,2.643,2030,ssp585
-83.02817,343.75,2.837,2030,ssp585
-83.02817,353.75,2.961,2030,ssp585
-77.95775,3.75,3.012,2030,ssp585
-77.95775,13.75,3.226,2030,ssp585
-77.95775,23.75,3.068,2030,ssp585
-77.95775,33.75,2.628,2030,ssp585
-77.95775,43.75,2.563,2030,ssp585
-77.95775,53.75,2.294,2030,ssp585
-77.95775,63.75,2.141,2030,ssp585
-77.95775,73.75,2.221,2030,ssp585
-77.95775,83.75,2.618,2030,ssp585
-77.95775,93.75,2.886,2030,ssp585
-77.95775,103.75,2.992,2030,ssp585
-77.95775,113.75,2.86,2030,ssp585
-77.95775,123.75,2.632,2030,ssp585
-77.95775,133.75,2.317,2030,ssp585
-77.95775,143.75,1.97,2030,ssp585
-77.95775,153.75,1.602,2030,ssp585
-77.95775,163.75,1.414,2030,ssp585
-77.95775,173.75,1.607,2030,ssp585
-77.95775,183.75,1.669,2030,ssp585
-77.95775,193.75,1.632,2030,ssp585
-77.95775,203.75,1.566,2030,ssp585
-77.95775,213.75,1.645,2030,ssp585
-77.95775,223.75,2.068,2030,ssp585
-77.95775,233.75,2.559,2030,ssp585
-77.95775,243.75,3.18,2030,ssp585
-77.95775,253.75,3.621,2030,ssp585
-77.95775,263.75,3.664,2030,ssp585
-77.95775,273.75,3.183,2030,ssp585
-77.95775,283.75,2.982,2030,ssp585
-77.95775,293.75,3.072,2030,ssp585
-77.95775,303.75,2.954,2030,ssp585
-77.95775,313.75,2.826,2030,ssp585
-77.95775,323.75,3.082,2030,ssp585
-77.95775,333.75,2.536,2030,ssp585
-77.95775,343.75,2.663,2030,ssp585
-77.95775,353.75,2.818,2030,ssp585
-72.88733,3.75,2.426,2030,ssp585
-72.88733,13.75,2.475,2030,ssp585
-72.88733,23.75,2.351,2030,ssp585
-72.88733,33.75,2.24,2030,ssp585
-72.88733,43.75,2.256,2030,ssp585
-72.88733,53.75,2.24,2030,ssp585
-72.88733,63.75,2.083,2030,ssp585
-72.88733,73.75,2.288,2030,ssp585
-72.88733,83.75,2.203,2030,ssp585
-72.88733,93.75,2.601,2030,ssp585
-72.88733,103.75,2.764,2030,ssp585
-72.88733,113.75,3.104,2030,ssp585
-72.88733,123.75,2.945,2030,ssp585
-72.88733,133.75,2.51,2030,ssp585
-72.88733,143.75,2.364,2030,ssp585
-72.88733,153.75,2.545,2030,ssp585
-72.88733,163.75,2.056,2030,ssp585
-72.88733,173.75,1.155,2030,ssp585
-72.88733,183.75,1.207,2030,ssp585
-72.88733,193.75,1.159,2030,ssp585
-72.88733,203.75,1.019,2030,ssp585
-72.88733,213.75,1.442,2030,ssp585
-72.88733,223.75,2.071,2030,ssp585
-72.88733,233.75,2.74,2030,ssp585
-72.88733,243.75,3.129,2030,ssp585
-72.88733,253.75,3.319,2030,ssp585
-72.88733,263.75,4.064,2030,ssp585
-72.88733,273.75,3.56,2030,ssp585
-72.88733,283.75,3.17,2030,ssp585
-72.88733,293.75,3.203,2030,ssp585
-72.88733,303.75,2.93,2030,ssp585
-72.88733,313.75,2.944,2030,ssp585
-72.88733,323.75,3.01,2030,ssp585
-72.88733,333.75,2.759,2030,ssp585
-72.88733,343.75,2.242,2030,ssp585
-72.88733,353.75,2.248,2030,ssp585
-67.8169,3.75,2.042,2030,ssp585
-67.8169,13.75,1.925,2030,ssp585
-67.8169,23.75,2.11,2030,ssp585
-67.8169,33.75,2.182,2030,ssp585
-67.8169,43.75,2.349,2030,ssp585
-67.8169,53.75,2.421,2030,ssp585
-67.8169,63.75,1.955,2030,ssp585
-67.8169,73.75,1.865,2030,ssp585
-67.8169,83.75,1.836,2030,ssp585
-67.8169,93.75,2.185,2030,ssp585
-67.8169,103.75,2.542,2030,ssp585
-67.8169,113.75,2.716,2030,ssp585
-67.8169,123.75,2.549,2030,ssp585
-67.8169,133.75,2.329,2030,ssp585
-67.8169,143.75,2.256,2030,ssp585
-67.8169,153.75,2.008,2030,ssp585
-67.8169,163.75,1.334,2030,ssp585
-67.8169,173.75,1.346,2030,ssp585
-67.8169,183.75,0.94,2030,ssp585
-67.8169,193.75,0.63,2030,ssp585
-67.8169,203.75,0.494,2030,ssp585
-67.8169,213.75,1.309,2030,ssp585
-67.8169,223.75,2.274,2030,ssp585
-67.8169,233.75,2.568,2030,ssp585
-67.8169,243.75,2.909,2030,ssp585
-67.8169,253.75,3.143,2030,ssp585
-67.8169,263.75,3.456,2030,ssp585
-67.8169,273.75,3.81,2030,ssp585
-67.8169,283.75,3.636,2030,ssp585
-67.8169,293.75,3.356,2030,ssp585
-67.8169,303.75,3.91,2030,ssp585
-67.8169,313.75,3.438,2030,ssp585
-67.8169,323.75,2.728,2030,ssp585
-67.8169,333.75,2.637,2030,ssp585
-67.8169,343.75,1.948,2030,ssp585
-67.8169,353.75,1.88,2030,ssp585
-62.746475,3.75,2.007,2030,ssp585
-62.746475,13.75,2.053,2030,ssp585
-62.746475,23.75,2.09,2030,ssp585
-62.746475,33.75,1.741,2030,ssp585
-62.746475,43.75,1.803,2030,ssp585
-62.746475,53.75,1.941,2030,ssp585
-62.746475,63.75,1.591,2030,ssp585
-62.746475,73.75,1.264,2030,ssp585
-62.746475,83.75,0.938,2030,ssp585
-62.746475,93.75,1.211,2030,ssp585
-62.746475,103.75,1.636,2030,ssp585
-62.746475,113.75,2.522,2030,ssp585
-62.746475,123.75,2.173,2030,ssp585
-62.746475,133.75,1.338,2030,ssp585
-62.746475,143.75,1.065,2030,ssp585
-62.746475,153.75,1.016,2030,ssp585
-62.746475,163.75,1.549,2030,ssp585
-62.746475,173.75,1.993,2030,ssp585
-62.746475,183.75,1.31,2030,ssp585
-62.746475,193.75,0.694,2030,ssp585
-62.746475,203.75,0.515,2030,ssp585
-62.746475,213.75,1.317,2030,ssp585
-62.746475,223.75,1.917,2030,ssp585
-62.746475,233.75,2.104,2030,ssp585
-62.746475,243.75,2.213,2030,ssp585
-62.746475,253.75,2.286,2030,ssp585
-62.746475,263.75,2.607,2030,ssp585
-62.746475,273.75,3.093,2030,ssp585
-62.746475,283.75,3.314,2030,ssp585
-62.746475,293.75,2.965,2030,ssp585
-62.746475,303.75,3.31,2030,ssp585
-62.746475,313.75,3.297,2030,ssp585
-62.746475,323.75,2.616,2030,ssp585
-62.746475,333.75,2.21,2030,ssp585
-62.746475,343.75,1.852,2030,ssp585
-62.746475,353.75,1.869,2030,ssp585
-57.676056,3.75,1.757,2030,ssp585
-57.676056,13.75,1.716,2030,ssp585
-57.676056,23.75,1.893,2030,ssp585
-57.676056,33.75,1.671,2030,ssp585
-57.676056,43.75,1.525,2030,ssp585
-57.676056,53.75,1.405,2030,ssp585
-57.676056,63.75,1.077,2030,ssp585
-57.676056,73.75,0.653,2030,ssp585
-57.676056,83.75,0.596,2030,ssp585
-57.676056,93.75,0.378,2030,ssp585
-57.676056,103.75,0.976,2030,ssp585
-57.676056,113.75,1.167,2030,ssp585
-57.676056,123.75,1.055,2030,ssp585
-57.676056,133.75,0.868,2030,ssp585
-57.676056,143.75,0.692,2030,ssp585
-57.676056,153.75,0.69,2030,ssp585
-57.676056,163.75,0.943,2030,ssp585
-57.676056,173.75,1.079,2030,ssp585
-57.676056,183.75,1.078,2030,ssp585
-57.676056,193.75,0.874,2030,ssp585
-57.676056,203.75,0.68,2030,ssp585
-57.676056,213.75,0.743,2030,ssp585
-57.676056,223.75,1.224,2030,ssp585
-57.676056,233.75,1.688,2030,ssp585
-57.676056,243.75,1.694,2030,ssp585
-57.676056,253.75,1.626,2030,ssp585
-57.676056,263.75,1.697,2030,ssp585
-57.676056,273.75,1.865,2030,ssp585
-57.676056,283.75,1.885,2030,ssp585
-57.676056,293.75,1.986,2030,ssp585
-57.676056,303.75,2.211,2030,ssp585
-57.676056,313.75,2.617,2030,ssp585
-57.676056,323.75,2.776,2030,ssp585
-57.676056,333.75,2.294,2030,ssp585
-57.676056,343.75,1.862,2030,ssp585
-57.676056,353.75,1.695,2030,ssp585
-52.605633,3.75,1.187,2030,ssp585
-52.605633,13.75,1.09,2030,ssp585
-52.605633,23.75,1.182,2030,ssp585
-52.605633,33.75,1.094,2030,ssp585
-52.605633,43.75,1.022,2030,ssp585
-52.605633,53.75,0.965,2030,ssp585
-52.605633,63.75,0.871,2030,ssp585
-52.605633,73.75,0.72,2030,ssp585
-52.605633,83.75,0.612,2030,ssp585
-52.605633,93.75,0.626,2030,ssp585
-52.605633,103.75,0.582,2030,ssp585
-52.605633,113.75,0.537,2030,ssp585
-52.605633,123.75,0.494,2030,ssp585
-52.605633,133.75,0.373,2030,ssp585
-52.605633,143.75,0.32,2030,ssp585
-52.605633,153.75,0.435,2030,ssp585
-52.605633,163.75,0.736,2030,ssp585
-52.605633,173.75,0.854,2030,ssp585
-52.605633,183.75,0.925,2030,ssp585
-52.605633,193.75,0.917,2030,ssp585
-52.605633,203.75,1.004,2030,ssp585
-52.605633,213.75,1.291,2030,ssp585
-52.605633,223.75,1.275,2030,ssp585
-52.605633,233.75,1.521,2030,ssp585
-52.605633,243.75,1.676,2030,ssp585
-52.605633,253.75,1.411,2030,ssp585
-52.605633,263.75,1.437,2030,ssp585
-52.605633,273.75,1.546,2030,ssp585
-52.605633,283.75,1.53,2030,ssp585
-52.605633,293.75,1.675,2030,ssp585
-52.605633,303.75,1.613,2030,ssp585
-52.605633,313.75,1.827,2030,ssp585
-52.605633,323.75,2.069,2030,ssp585
-52.605633,333.75,1.941,2030,ssp585
-52.605633,343.75,1.589,2030,ssp585
-52.605633,353.75,1.313,2030,ssp585
-47.535213,3.75,1.231,2030,ssp585
-47.535213,13.75,1.087,2030,ssp585
-47.535213,23.75,0.966,2030,ssp585
-47.535213,33.75,0.882,2030,ssp585
-47.535213,43.75,0.897,2030,ssp585
-47.535213,53.75,0.905,2030,ssp585
-47.535213,63.75,0.748,2030,ssp585
-47.535213,73.75,0.797,2030,ssp585
-47.535213,83.75,0.871,2030,ssp585
-47.535213,93.75,0.848,2030,ssp585
-47.535213,103.75,0.661,2030,ssp585
-47.535213,113.75,0.382,2030,ssp585
-47.535213,123.75,0.307,2030,ssp585
-47.535213,133.75,0.404,2030,ssp585
-47.535213,143.75,0.518,2030,ssp585
-47.535213,153.75,0.653,2030,ssp585
-47.535213,163.75,0.765,2030,ssp585
-47.535213,173.75,0.899,2030,ssp585
-47.535213,183.75,0.856,2030,ssp585
-47.535213,193.75,0.875,2030,ssp585
-47.535213,203.75,1.199,2030,ssp585
-47.535213,213.75,1.305,2030,ssp585
-47.535213,223.75,1.266,2030,ssp585
-47.535213,233.75,1.389,2030,ssp585
-47.535213,243.75,1.495,2030,ssp585
-47.535213,253.75,1.285,2030,ssp585
-47.535213,263.75,1.253,2030,ssp585
-47.535213,273.75,1.282,2030,ssp585
-47.535213,283.75,1.554,2030,ssp585
-47.535213,293.75,1.531,2030,ssp585
-47.535213,303.75,1.598,2030,ssp585
-47.535213,313.75,1.812,2030,ssp585
-47.535213,323.75,1.802,2030,ssp585
-47.535213,333.75,1.633,2030,ssp585
-47.535213,343.75,1.445,2030,ssp585
-47.535213,353.75,1.297,2030,ssp585
-42.46479,3.75,1.119,2030,ssp585
-42.46479,13.75,0.852,2030,ssp585
-42.46479,23.75,0.67,2030,ssp585
-42.46479,33.75,0.686,2030,ssp585
-42.46479,43.75,0.814,2030,ssp585
-42.46479,53.75,0.911,2030,ssp585
-42.46479,63.75,0.921,2030,ssp585
-42.46479,73.75,1.068,2030,ssp585
-42.46479,83.75,1.07,2030,ssp585
-42.46479,93.75,0.786,2030,ssp585
-42.46479,103.75,0.476,2030,ssp585
-42.46479,113.75,0.39,2030,ssp585
-42.46479,123.75,0.498,2030,ssp585
-42.46479,133.75,0.583,2030,ssp585
-42.46479,143.75,0.679,2030,ssp585
-42.46479,153.75,1.252,2030,ssp585
-42.46479,163.75,0.959,2030,ssp585
-42.46479,173.75,1.176,2030,ssp585
-42.46479,183.75,0.866,2030,ssp585
-42.46479,193.75,0.792,2030,ssp585
-42.46479,203.75,1.035,2030,ssp585
-42.46479,213.75,1.133,2030,ssp585
-42.46479,223.75,1.1,2030,ssp585
-42.46479,233.75,1.064,2030,ssp585
-42.46479,243.75,1.066,2030,ssp585
-42.46479,253.75,1.044,2030,ssp585
-42.46479,263.75,0.988,2030,ssp585
-42.46479,273.75,1.116,2030,ssp585
-42.46479,283.75,1.411,2030,ssp585
-42.46479,293.75,1.006,2030,ssp585
-42.46479,303.75,1.61,2030,ssp585
-42.46479,313.75,1.65,2030,ssp585
-42.46479,323.75,1.75,2030,ssp585
-42.46479,333.75,1.716,2030,ssp585
-42.46479,343.75,1.635,2030,ssp585
-42.46479,353.75,1.375,2030,ssp585
-37.394363,3.75,1.014,2030,ssp585
-37.394363,13.75,0.836,2030,ssp585
-37.394363,23.75,0.696,2030,ssp585
-37.394363,33.75,0.449,2030,ssp585
-37.394363,43.75,0.719,2030,ssp585
-37.394363,53.75,0.859,2030,ssp585
-37.394363,63.75,0.962,2030,ssp585
-37.394363,73.75,1.135,2030,ssp585
-37.394363,83.75,1.188,2030,ssp585
-37.394363,93.75,1.149,2030,ssp585
-37.394363,103.75,0.92,2030,ssp585
-37.394363,113.75,0.423,2030,ssp585
-37.394363,123.75,0.481,2030,ssp585
-37.394363,133.75,0.667,2030,ssp585
-37.394363,143.75,1.19,2030,ssp585
-37.394363,153.75,1.862,2030,ssp585
-37.394363,163.75,1.285,2030,ssp585
-37.394363,173.75,1.135,2030,ssp585
-37.394363,183.75,0.916,2030,ssp585
-37.394363,193.75,0.853,2030,ssp585
-37.394363,203.75,0.771,2030,ssp585
-37.394363,213.75,0.797,2030,ssp585
-37.394363,223.75,0.704,2030,ssp585
-37.394363,233.75,0.598,2030,ssp585
-37.394363,243.75,0.486,2030,ssp585
-37.394363,253.75,0.467,2030,ssp585
-37.394363,263.75,0.694,2030,ssp585
-37.394363,273.75,0.87,2030,ssp585
-37.394363,283.75,0.991,2030,ssp585
-37.394363,293.75,0.563,2030,ssp585
-37.394363,303.75,1.109,2030,ssp585
-37.394363,313.75,1.339,2030,ssp585
-37.394363,323.75,1.498,2030,ssp585
-37.394363,333.75,1.495,2030,ssp585
-37.394363,343.75,1.329,2030,ssp585
-37.394363,353.75,1.162,2030,ssp585
-32.323944,3.75,0.925,2030,ssp585
-32.323944,13.75,0.737,2030,ssp585
-32.323944,23.75,1.799,2030,ssp585
-32.323944,33.75,1.028,2030,ssp585
-32.323944,43.75,1.136,2030,ssp585
-32.323944,53.75,1.211,2030,ssp585
-32.323944,63.75,1.36,2030,ssp585
-32.323944,73.75,1.392,2030,ssp585
-32.323944,83.75,1.461,2030,ssp585
-32.323944,93.75,1.57,2030,ssp585
-32.323944,103.75,1.072,2030,ssp585
-32.323944,113.75,0.516,2030,ssp585
-32.323944,123.75,0.923,2030,ssp585
-32.323944,133.75,1.264,2030,ssp585
-32.323944,143.75,1.751,2030,ssp585
-32.323944,153.75,1.27,2030,ssp585
-32.323944,163.75,1.083,2030,ssp585
-32.323944,173.75,1.049,2030,ssp585
-32.323944,183.75,0.988,2030,ssp585
-32.323944,193.75,0.901,2030,ssp585
-32.323944,203.75,0.732,2030,ssp585
-32.323944,213.75,0.495,2030,ssp585
-32.323944,223.75,0.214,2030,ssp585
-32.323944,233.75,-0.015,2030,ssp585
-32.323944,243.75,0.043,2030,ssp585
-32.323944,253.75,0.338,2030,ssp585
-32.323944,263.75,0.531,2030,ssp585
-32.323944,273.75,0.755,2030,ssp585
-32.323944,283.75,0.97,2030,ssp585
-32.323944,293.75,1.506,2030,ssp585
-32.323944,303.75,1.371,2030,ssp585
-32.323944,313.75,1.327,2030,ssp585
-32.323944,323.75,1.391,2030,ssp585
-32.323944,333.75,1.201,2030,ssp585
-32.323944,343.75,1.105,2030,ssp585
-32.323944,353.75,1.012,2030,ssp585
-27.253521,3.75,0.839,2030,ssp585
-27.253521,13.75,1.048,2030,ssp585
-27.253521,23.75,2.578,2030,ssp585
-27.253521,33.75,1.882,2030,ssp585
-27.253521,43.75,1.539,2030,ssp585
-27.253521,53.75,1.684,2030,ssp585
-27.253521,63.75,1.782,2030,ssp585
-27.253521,73.75,1.743,2030,ssp585
-27.253521,83.75,1.722,2030,ssp585
-27.253521,93.75,1.449,2030,ssp585
-27.253521,103.75,0.8,2030,ssp585
-27.253521,113.75,0.552,2030,ssp585
-27.253521,123.75,1.728,2030,ssp585
-27.253521,133.75,1.888,2030,ssp585
-27.253521,143.75,2.138,2030,ssp585
-27.253521,153.75,1.24,2030,ssp585
-27.253521,163.75,1.024,2030,ssp585
-27.253521,173.75,1.053,2030,ssp585
-27.253521,183.75,0.998,2030,ssp585
-27.253521,193.75,0.791,2030,ssp585
-27.253521,203.75,0.576,2030,ssp585
-27.253521,213.75,0.338,2030,ssp585
-27.253521,223.75,0.091,2030,ssp585
-27.253521,233.75,0.15,2030,ssp585
-27.253521,243.75,0.353,2030,ssp585
-27.253521,253.75,0.778,2030,ssp585
-27.253521,263.75,1.078,2030,ssp585
-27.253521,273.75,1.119,2030,ssp585
-27.253521,283.75,1.081,2030,ssp585
-27.253521,293.75,2.571,2030,ssp585
-27.253521,303.75,2.787,2030,ssp585
-27.253521,313.75,1.624,2030,ssp585
-27.253521,323.75,1.287,2030,ssp585
-27.253521,333.75,1.107,2030,ssp585
-27.253521,343.75,0.991,2030,ssp585
-27.253521,353.75,0.854,2030,ssp585
-22.1831,3.75,0.866,2030,ssp585
-22.1831,13.75,1.642,2030,ssp585
-22.1831,23.75,2.363,2030,ssp585
-22.1831,33.75,2.153,2030,ssp585
-22.1831,43.75,1.924,2030,ssp585
-22.1831,53.75,1.712,2030,ssp585
-22.1831,63.75,1.836,2030,ssp585
-22.1831,73.75,1.789,2030,ssp585
-22.1831,83.75,1.586,2030,ssp585
-22.1831,93.75,1.04,2030,ssp585
-22.1831,103.75,0.492,2030,ssp585
-22.1831,113.75,0.709,2030,ssp585
-22.1831,123.75,1.938,2030,ssp585
-22.1831,133.75,2.21,2030,ssp585
-22.1831,143.75,2.221,2030,ssp585
-22.1831,153.75,1.16,2030,ssp585
-22.1831,163.75,1.059,2030,ssp585
-22.1831,173.75,1.064,2030,ssp585
-22.1831,183.75,0.801,2030,ssp585
-22.1831,193.75,0.579,2030,ssp585
-22.1831,203.75,0.571,2030,ssp585
-22.1831,213.75,0.545,2030,ssp585
-22.1831,223.75,0.641,2030,ssp585
-22.1831,233.75,1.024,2030,ssp585
-22.1831,243.75,1.348,2030,ssp585
-22.1831,253.75,1.593,2030,ssp585
-22.1831,263.75,1.537,2030,ssp585
-22.1831,273.75,1.398,2030,ssp585
-22.1831,283.75,1.114,2030,ssp585
-22.1831,293.75,3.134,2030,ssp585
-22.1831,303.75,3.624,2030,ssp585
-22.1831,313.75,2.917,2030,ssp585
-22.1831,323.75,1.242,2030,ssp585
-22.1831,333.75,1.203,2030,ssp585
-22.1831,343.75,1.101,2030,ssp585
-22.1831,353.75,0.819,2030,ssp585
-17.112675,3.75,1.07,2030,ssp585
-17.112675,13.75,2.052,2030,ssp585
-17.112675,23.75,2.52,2030,ssp585
-17.112675,33.75,2.544,2030,ssp585
-17.112675,43.75,2.144,2030,ssp585
-17.112675,53.75,1.997,2030,ssp585
-17.112675,63.75,1.82,2030,ssp585
-17.112675,73.75,1.531,2030,ssp585
-17.112675,83.75,1.217,2030,ssp585
-17.112675,93.75,0.776,2030,ssp585
-17.112675,103.75,0.546,2030,ssp585
-17.112675,113.75,0.812,2030,ssp585
-17.112675,123.75,1.829,2030,ssp585
-17.112675,133.75,2.263,2030,ssp585
-17.112675,143.75,1.679,2030,ssp585
-17.112675,153.75,1.114,2030,ssp585
-17.112675,163.75,1.119,2030,ssp585
-17.112675,173.75,1.222,2030,ssp585
-17.112675,183.75,1.102,2030,ssp585
-17.112675,193.75,1.095,2030,ssp585
-17.112675,203.75,1.339,2030,ssp585
-17.112675,213.75,1.53,2030,ssp585
-17.112675,223.75,1.825,2030,ssp585
-17.112675,233.75,1.999,2030,ssp585
-17.112675,243.75,2.085,2030,ssp585
-17.112675,253.75,1.995,2030,ssp585
-17.112675,263.75,1.776,2030,ssp585
-17.112675,273.75,1.455,2030,ssp585
-17.112675,283.75,1.798,2030,ssp585
-17.112675,293.75,3.328,2030,ssp585
-17.112675,303.75,3.451,2030,ssp585
-17.112675,313.75,3.009,2030,ssp585
-17.112675,323.75,1.481,2030,ssp585
-17.112675,333.75,1.255,2030,ssp585
-17.112675,343.75,1.113,2030,ssp585
-17.112675,353.75,1.072,2030,ssp585
-12.0422535,3.75,1.463,2030,ssp585
-12.0422535,13.75,2.134,2030,ssp585
-12.0422535,23.75,2.631,2030,ssp585
-12.0422535,33.75,2.579,2030,ssp585
-12.0422535,43.75,2.131,2030,ssp585
-12.0422535,53.75,2.059,2030,ssp585
-12.0422535,63.75,1.786,2030,ssp585
-12.0422535,73.75,1.459,2030,ssp585
-12.0422535,83.75,1.193,2030,ssp585
-12.0422535,93.75,1.063,2030,ssp585
-12.0422535,103.75,1.139,2030,ssp585
-12.0422535,113.75,1.341,2030,ssp585
-12.0422535,123.75,1.617,2030,ssp585
-12.0422535,133.75,1.817,2030,ssp585
-12.0422535,143.75,1.329,2030,ssp585
-12.0422535,153.75,1.427,2030,ssp585
-12.0422535,163.75,1.65,2030,ssp585
-12.0422535,173.75,1.786,2030,ssp585
-12.0422535,183.75,1.825,2030,ssp585
-12.0422535,193.75,1.95,2030,ssp585
-12.0422535,203.75,2.153,2030,ssp585
-12.0422535,213.75,2.33,2030,ssp585
-12.0422535,223.75,2.393,2030,ssp585
-12.0422535,233.75,2.299,2030,ssp585
-12.0422535,243.75,2.27,2030,ssp585
-12.0422535,253.75,2.141,2030,ssp585
-12.0422535,263.75,2.022,2030,ssp585
-12.0422535,273.75,1.737,2030,ssp585
-12.0422535,283.75,2.551,2030,ssp585
-12.0422535,293.75,3.171,2030,ssp585
-12.0422535,303.75,3.178,2030,ssp585
-12.0422535,313.75,2.992,2030,ssp585
-12.0422535,323.75,1.851,2030,ssp585
-12.0422535,333.75,1.631,2030,ssp585
-12.0422535,343.75,1.534,2030,ssp585
-12.0422535,353.75,1.529,2030,ssp585
-6.9718313,3.75,1.797,2030,ssp585
-6.9718313,13.75,2.212,2030,ssp585
-6.9718313,23.75,2.583,2030,ssp585
-6.9718313,33.75,2.608,2030,ssp585
-6.9718313,43.75,2.206,2030,ssp585
-6.9718313,53.75,2.225,2030,ssp585
-6.9718313,63.75,2.054,2030,ssp585
-6.9718313,73.75,1.884,2030,ssp585
-6.9718313,83.75,1.578,2030,ssp585
-6.9718313,93.75,1.328,2030,ssp585
-6.9718313,103.75,1.27,2030,ssp585
-6.9718313,113.75,1.456,2030,ssp585
-6.9718313,123.75,1.637,2030,ssp585
-6.9718313,133.75,1.549,2030,ssp585
-6.9718313,143.75,1.695,2030,ssp585
-6.9718313,153.75,1.868,2030,ssp585
-6.9718313,163.75,2.06,2030,ssp585
-6.9718313,173.75,2.135,2030,ssp585
-6.9718313,183.75,2.197,2030,ssp585
-6.9718313,193.75,2.243,2030,ssp585
-6.9718313,203.75,2.294,2030,ssp585
-6.9718313,213.75,2.285,2030,ssp585
-6.9718313,223.75,2.24,2030,ssp585
-6.9718313,233.75,2.256,2030,ssp585
-6.9718313,243.75,2.255,2030,ssp585
-6.9718313,253.75,2.319,2030,ssp585
-6.9718313,263.75,2.225,2030,ssp585
-6.9718313,273.75,1.845,2030,ssp585
-6.9718313,283.75,2.635,2030,ssp585
-6.9718313,293.75,2.841,2030,ssp585
-6.9718313,303.75,2.82,2030,ssp585
-6.9718313,313.75,2.734,2030,ssp585
-6.9718313,323.75,2.222,2030,ssp585
-6.9718313,333.75,1.849,2030,ssp585
-6.9718313,343.75,1.769,2030,ssp585
-6.9718313,353.75,1.771,2030,ssp585
-1.9014084,3.75,1.866,2030,ssp585
-1.9014084,13.75,2.245,2030,ssp585
-1.9014084,23.75,2.557,2030,ssp585
-1.9014084,33.75,2.358,2030,ssp585
-1.9014084,43.75,2.308,2030,ssp585
-1.9014084,53.75,2.241,2030,ssp585
-1.9014084,63.75,1.941,2030,ssp585
-1.9014084,73.75,1.693,2030,ssp585
-1.9014084,83.75,1.406,2030,ssp585
-1.9014084,93.75,1.35,2030,ssp585
-1.9014084,103.75,1.718,2030,ssp585
-1.9014084,113.75,1.715,2030,ssp585
-1.9014084,123.75,1.582,2030,ssp585
-1.9014084,133.75,1.7,2030,ssp585
-1.9014084,143.75,2.115,2030,ssp585
-1.9014084,153.75,2.379,2030,ssp585
-1.9014084,163.75,2.466,2030,ssp585
-1.9014084,173.75,2.473,2030,ssp585
-1.9014084,183.75,2.539,2030,ssp585
-1.9014084,193.75,2.49,2030,ssp585
-1.9014084,203.75,2.356,2030,ssp585
-1.9014084,213.75,2.194,2030,ssp585
-1.9014084,223.75,1.976,2030,ssp585
-1.9014084,233.75,1.885,2030,ssp585
-1.9014084,243.75,1.909,2030,ssp585
-1.9014084,253.75,1.873,2030,ssp585
-1.9014084,263.75,1.885,2030,ssp585
-1.9014084,273.75,1.732,2030,ssp585
-1.9014084,283.75,2.463,2030,ssp585
-1.9014084,293.75,2.708,2030,ssp585
-1.9014084,303.75,2.718,2030,ssp585
-1.9014084,313.75,2.243,2030,ssp585
-1.9014084,323.75,2.077,2030,ssp585
-1.9014084,333.75,2.001,2030,ssp585
-1.9014084,343.75,1.881,2030,ssp585
-1.9014084,353.75,1.833,2030,ssp585
3.169014,3.75,1.883,2030,ssp585
3.169014,13.75,2.358,2030,ssp585
3.169014,23.75,2.484,2030,ssp585
3.169014,33.75,2.219,2030,ssp585
3.169014,43.75,1.97,2030,ssp585
3.169014,53.75,2.358,2030,ssp585
3.169014,63.75,2.014,2030,ssp585
3.169014,73.75,1.93,2030,ssp585
3.169014,83.75,1.811,2030,ssp585
3.169014,93.75,1.843,2030,ssp585
3.169014,103.75,1.574,2030,ssp585
3.169014,113.75,1.644,2030,ssp585
3.169014,123.75,1.559,2030,ssp585
3.169014,133.75,1.943,2030,ssp585
3.169014,143.75,2.121,2030,ssp585
3.169014,153.75,2.261,2030,ssp585
3.169014,163.75,2.341,2030,ssp585
3.169014,173.75,2.3,2030,ssp585
3.169014,183.75,2.36,2030,ssp585
3.169014,193.75,2.358,2030,ssp585
3.169014,203.75,2.173,2030,ssp585
3.169014,213.75,1.929,2030,ssp585
3.169014,223.75,1.839,2030,ssp585
3.169014,233.75,1.952,2030,ssp585
3.169014,243.75,1.989,2030,ssp585
3.169014,253.75,1.931,2030,ssp585
3.169014,263.75,1.974,2030,ssp585
3.169014,273.75,1.981,2030,ssp585
3.169014,283.75,2.394,2030,ssp585
3.169014,293.75,2.784,2030,ssp585
3.169014,303.75,2.509,2030,ssp585
3.169014,313.75,2.026,2030,ssp585
3.169014,323.75,2.106,2030,ssp585
3.169014,333.75,2.144,2030,ssp585
3.169014,343.75,1.984,2030,ssp585
3.169014,353.75,1.937,2030,ssp585
8.239437,3.75,2.569,2030,ssp585
8.239437,13.75,2.773,2030,ssp585
8.239437,23.75,2.7,2030,ssp585
8.239437,33.75,2.559,2030,ssp585
8.239437,43.75,2.501,2030,ssp585
8.239437,53.75,2.577,2030,ssp585
8.239437,63.75,2.211,2030,ssp585
8.239437,73.75,1.944,2030,ssp585
8.239437,83.75,1.67,2030,ssp585
8.239437,93.75,1.628,2030,ssp585
8.239437,103.75,1.467,2030,ssp585
8.239437,113.75,1.419,2030,ssp585
8.239437,123.75,1.661,2030,ssp585
8.239437,133.75,1.62,2030,ssp585
8.239437,143.75,1.741,2030,ssp585
8.239437,153.75,1.837,2030,ssp585
8.239437,163.75,1.94,2030,ssp585
8.239437,173.75,2.082,2030,ssp585
8.239437,183.75,2.167,2030,ssp585
8.239437,193.75,2.23,2030,ssp585
8.239437,203.75,2.214,2030,ssp585
8.239437,213.75,2.125,2030,ssp585
8.239437,223.75,2.012,2030,ssp585
8.239437,233.75,1.836,2030,ssp585
8.239437,243.75,1.825,2030,ssp585
8.239437,253.75,2.042,2030,ssp585
8.239437,263.75,2.137,2030,ssp585
8.239437,273.75,1.99,2030,ssp585
8.239437,283.75,2.349,2030,ssp585
8.239437,293.75,2.791,2030,ssp585
8.239437,303.75,2.108,2030,ssp585
8.239437,313.75,2.044,2030,ssp585
8.239437,323.75,2.046,2030,ssp585
8.239437,333.75,2.078,2030,ssp585
8.239437,343.75,1.986,2030,ssp585
8.239437,353.75,2.474,2030,ssp585
13.309858,3.75,2.534,2030,ssp585
13.309858,13.75,2.775,2030,ssp585
13.309858,23.75,2.675,2030,ssp585
13.309858,33.75,2.482,2030,ssp585
13.309858,43.75,2.62,2030,ssp585
13.309858,53.75,2.623,2030,ssp585
13.309858,63.75,2.398,2030,ssp585
13.309858,73.75,1.927,2030,ssp585
13.309858,83.75,1.469,2030,ssp585
13.309858,93.75,1.602,2030,ssp585
13.309858,103.75,1.918,2030,ssp585
13.309858,113.75,1.168,2030,ssp585
13.309858,123.75,1.591,2030,ssp585
13.309858,133.75,1.479,2030,ssp585
13.309858,143.75,1.502,2030,ssp585
13.309858,153.75,1.596,2030,ssp585
13.309858,163.75,1.66,2030,ssp585
13.309858,173.75,1.863,2030,ssp585
13.309858,183.75,2.024,2030,ssp585
13.309858,193.75,2.219,2030,ssp585
13.309858,203.75,2.369,2030,ssp585
13.309858,213.75,2.43,2030,ssp585
13.309858,223.75,2.143,2030,ssp585
13.309858,233.75,1.726,2030,ssp585
13.309858,243.75,1.665,2030,ssp585
13.309858,253.75,1.891,2030,ssp585
13.309858,263.75,2.034,2030,ssp585
13.309858,273.75,2.245,2030,ssp585
13.309858,283.75,2.029,2030,ssp585
13.309858,293.75,2.081,2030,ssp585
13.309858,303.75,2.116,2030,ssp585
13.309858,313.75,2.172,2030,ssp585
13.309858,323.75,2.152,2030,ssp585
13.309858,333.75,1.985,2030,ssp585
13.309858,343.75,2.185,2030,ssp585
13.309858,353.75,2.563,2030,ssp585
18.380281,3.75,2.558,2030,ssp585
18.380281,13.75,3.147,2030,ssp585
18.380281,23.75,3.017,2030,ssp585
18.380281,33.75,2.726,2030,ssp585
18.380281,43.75,3.008,2030,ssp585
18.380281,53.75,2.965,2030,ssp585
18.380281,63.75,2.456,2030,ssp585
18.380281,73.75,2.174,2030,ssp585
18.380281,83.75,1.537,2030,ssp585
18.380281,93.75,1.998,2030,ssp585
18.380281,103.75,1.869,2030,ssp585
18.380281,113.75,1.412,2030,ssp585
18.380281,123.75,1.517,2030,ssp585
18.380281,133.75,1.361,2030,ssp585
18.380281,143.75,1.215,2030,ssp585
18.380281,153.75,1.072,2030,ssp585
18.380281,163.75,1.052,2030,ssp585
18.380281,173.75,1.177,2030,ssp585
18.380281,183.75,1.26,2030,ssp585
18.380281,193.75,1.601,2030,ssp585
18.380281,203.75,2.14,2030,ssp585
18.380281,213.75,2.691,2030,ssp585
18.380281,223.75,2.648,2030,ssp585
18.380281,233.75,2.184,2030,ssp585
18.380281,243.75,1.579,2030,ssp585
18.380281,253.75,1.45,2030,ssp585
18.380281,263.75,1.906,2030,ssp585
18.380281,273.75,2.092,2030,ssp585
18.380281,283.75,2.219,2030,ssp585
18.380281,293.75,2.239,2030,ssp585
18.380281,303.75,2.163,2030,ssp585
18.380281,313.75,2.098,2030,ssp585
18.380281,323.75,2.039,2030,ssp585
18.380281,333.75,1.92,2030,ssp585
18.380281,343.75,2.142,2030,ssp585
18.380281,353.75,2.556,2030,ssp585
23.450703,3.75,2.476,2030,ssp585
23.450703,13.75,2.703,2030,ssp585
23.450703,23.75,2.572,2030,ssp585
23.450703,33.75,2.534,2030,ssp585
23.450703,43.75,3.363,2030,ssp585
23.450703,53.75,3.09,2030,ssp585
23.450703,63.75,2.747,2030,ssp585
23.450703,73.75,2.792,2030,ssp585
23.450703,83.75,2.202,2030,ssp585
23.450703,93.75,2.126,2030,ssp585
23.450703,103.75,2.441,2030,ssp585
23.450703,113.75,2.492,2030,ssp585
23.450703,123.75,1.844,2030,ssp585
23.450703,133.75,1.568,2030,ssp585
23.450703,143.75,1.243,2030,ssp585
23.450703,153.75,0.777,2030,ssp585
23.450703,163.75,0.629,2030,ssp585
23.450703,173.75,0.446,2030,ssp585
23.450703,183.75,0.252,2030,ssp585
23.450703,193.75,0.226,2030,ssp585
23.450703,203.75,0.832,2030,ssp585
23.450703,213.75,2.13,2030,ssp585
23.450703,223.75,2.721,2030,ssp585
23.450703,233.75,2.641,2030,ssp585
23.450703,243.75,1.794,2030,ssp585
23.450703,253.75,1.592,2030,ssp585
23.450703,263.75,1.501,2030,ssp585
23.450703,273.75,1.779,2030,ssp585
23.450703,283.75,2.106,2030,ssp585
23.450703,293.75,2.253,2030,ssp585
23.450703,303.75,2.115,2030,ssp585
23.450703,313.75,1.849,2030,ssp585
23.450703,323.75,1.989,2030,ssp585
23.450703,333.75,1.902,2030,ssp585
23.450703,343.75,1.936,2030,ssp585
23.450703,353.75,2.434,2030,ssp585
28.521126,3.75,2.041,2030,ssp585
28.521126,13.75,2.055,2030,ssp585
28.521126,23.75,2.019,2030,ssp585
28.521126,33.75,2.283,2030,ssp585
28.521126,43.75,2.934,2030,ssp585
28.521126,53.75,3.345,2030,ssp585
28.521126,63.75,3.65,2030,ssp585
28.521126,73.75,3.268,2030,ssp585
28.521126,83.75,2.171,2030,ssp585
28.521126,93.75,2.416,2030,ssp585
28.521126,103.75,3.437,2030,ssp585
28.521126,113.75,3.616,2030,ssp585
28.521126,123.75,2.675,2030,ssp585
28.521126,133.75,1.967,2030,ssp585
28.521126,143.75,1.648,2030,ssp585
28.521126,153.75,1.14,2030,ssp585
28.521126,163.75,0.74,2030,ssp585
28.521126,173.75,0.497,2030,ssp585
28.521126,183.75,0.163,2030,ssp585
28.521126,193.75,-0.293,2030,ssp585
28.521126,203.75,-0.326,2030,ssp585
28.521126,213.75,0.877,2030,ssp585
28.521126,223.75,2.176,2030,ssp585
28.521126,233.75,2.555,2030,ssp585
28.521126,243.75,1.792,2030,ssp585
28.521126,253.75,1.779,2030,ssp585
28.521126,263.75,1.635,2030,ssp585
28.521126,273.75,1.632,2030,ssp585
28.521126,283.75,1.958,2030,ssp585
28.521126,293.75,1.963,2030,ssp585
28.521126,303.75,1.766,2030,ssp585
28.521126,313.75,1.136,2030,ssp585
28.521126,323.75,1.419,2030,ssp585
28.521126,333.75,1.826,2030,ssp585
28.521126,343.75,1.593,2030,ssp585
28.521126,353.75,2.279,2030,ssp585
33.591553,3.75,2.132,2030,ssp585
33.591553,13.75,1.596,2030,ssp585
33.591553,23.75,1.39,2030,ssp585
33.591553,33.75,1.357,2030,ssp585
33.591553,43.75,2.573,2030,ssp585
33.591553,53.75,3.833,2030,ssp585
33.591553,63.75,3.919,2030,ssp585
33.591553,73.75,3.424,2030,ssp585
33.591553,83.75,3.025,2030,ssp585
33.591553,93.75,2.956,2030,ssp585
33.591553,103.75,4.023,2030,ssp585
33.591553,113.75,3.271,2030,ssp585
33.591553,123.75,2.589,2030,ssp585
33.591553,133.75,2.361,2030,ssp585
33.591553,143.75,1.76,2030,ssp585
33.591553,153.75,1.378,2030,ssp585
33.591553,163.75,1.198,2030,ssp585
33.591553,173.75,0.941,2030,ssp585
33.591553,183.75,0.708,2030,ssp585
33.591553,193.75,0.486,2030,ssp585
33.591553,203.75,0.077,2030,ssp585
33.591553,213.75,0.554,2030,ssp585
33.591553,223.75,1.737,2030,ssp585
33.591553,233.75,2.223,2030,ssp585
33.591553,243.75,1.794,2030,ssp585
33.591553,253.75,2.087,2030,ssp585
33.591553,263.75,2.119,2030,ssp585
33.591553,273.75,2.154,2030,ssp585
33.591553,283.75,2.033,2030,ssp585
33.591553,293.75,1.832,2030,ssp585
33.591553,303.75,1.534,2030,ssp585
33.591553,313.75,0.693,2030,ssp585
33.591553,323.75,0.908,2030,ssp585
33.591553,333.75,1.623,2030,ssp585
33.591553,343.75,1.469,2030,ssp585
33.591553,353.75,1.876,2030,ssp585
38.661972,3.75,1.536,2030,ssp585
38.661972,13.75,1.602,2030,ssp585
38.661972,23.75,1.363,2030,ssp585
38.661972,33.75,1.657,2030,ssp585
38.661972,43.75,2.213,2030,ssp585
38.661972,53.75,2.491,2030,ssp585
38.661972,63.75,3.212,2030,ssp585
38.661972,73.75,3.389,2030,ssp585
38.661972,83.75,3.248,2030,ssp585
38.661972,93.75,3.225,2030,ssp585
38.661972,103.75,3.79,2030,ssp585
38.661972,113.75,3.246,2030,ssp585
38.661972,123.75,2.294,2030,ssp585
38.661972,133.75,1.792,2030,ssp585
38.661972,143.75,0.191,2030,ssp585
38.661972,153.75,-0.178,2030,ssp585
38.661972,163.75,0.48,2030,ssp585
38.661972,173.75,1.026,2030,ssp585
38.661972,183.75,1.205,2030,ssp585
38.661972,193.75,1.191,2030,ssp585
38.661972,203.75,1.099,2030,ssp585
38.661972,213.75,1.308,2030,ssp585
38.661972,223.75,1.999,2030,ssp585
38.661972,233.75,2.342,2030,ssp585
38.661972,243.75,2.22,2030,ssp585
38.661972,253.75,2.004,2030,ssp585
38.661972,263.75,2.377,2030,ssp585
38.661972,273.75,2.911,2030,ssp585
38.661972,283.75,2.71,2030,ssp585
38.661972,293.75,1.709,2030,ssp585
38.661972,303.75,0.714,2030,ssp585
38.661972,313.75,0.433,2030,ssp585
38.661972,323.75,0.789,2030,ssp585
38.661972,333.75,1.561,2030,ssp585
38.661972,343.75,1.547,2030,ssp585
38.661972,353.75,1.87,2030,ssp585
43.732395,3.75,2.194,2030,ssp585
43.732395,13.75,1.644,2030,ssp585
43.732395,23.75,1.054,2030,ssp585
43.732395,33.75,0.98,2030,ssp585
43.732395,43.75,1.501,2030,ssp585
43.732395,53.75,2.125,2030,ssp585
43.732395,63.75,2.612,2030,ssp585
43.732395,73.75,2.952,2030,ssp585
43.732395,83.75,3.191,2030,ssp585
43.732395,93.75,3.528,2030,ssp585
43.732395,103.75,3.673,2030,ssp585
43.732395,113.75,2.621,2030,ssp585
43.732395,123.75,2.271,2030,ssp585
43.732395,133.75,1.376,2030,ssp585
43.732395,143.75,1.247,2030,ssp585
43.732395,153.75,0.865,2030,ssp585
43.732395,163.75,0.826,2030,ssp585
43.732395,173.75,1.218,2030,ssp585
43.732395,183.75,1.608,2030,ssp585
43.732395,193.75,1.817,2030,ssp585
43.732395,203.75,1.994,2030,ssp585
43.732395,213.75,2.386,2030,ssp585
43.732395,223.75,2.82,2030,ssp585
43.732395,233.75,2.73,2030,ssp585
43.732395,243.75,2.569,2030,ssp585
43.732395,253.75,2.028,2030,ssp585
43.732395,263.75,2.776,2030,ssp585
43.732395,273.75,3.002,2030,ssp585
43.732395,283.75,3.295,2030,ssp585
43.732395,293.75,2.518,2030,ssp585
43.732395,303.75,1.564,2030,ssp585
43.732395,313.75,1.392,2030,ssp585
43.732395,323.75,1.416,2030,ssp585
43.732395,333.75,1.565,2030,ssp585
43.732395,343.75,1.789,2030,ssp585
43.732395,353.75,1.84,2030,ssp585
48.802814,3.75,2.396,2030,ssp585
48.802814,13.75,2.136,2030,ssp585
48.802814,23.75,1.418,2030,ssp585
48.802814,33.75,1.02,2030,ssp585
48.802814,43.75,1.273,2030,ssp585
48.802814,53.75,1.876,2030,ssp585
48.802814,63.75,2.495,2030,ssp585
48.802814,73.75,2.998,2030,ssp585
48.802814,83.75,3.07,2030,ssp585
48.802814,93.75,3.448,2030,ssp585
48.802814,103.75,3.241,2030,ssp585
48.802814,113.75,2.534,2030,ssp585
48.802814,123.75,2.146,2030,ssp585
48.802814,133.75,2.381,2030,ssp585
48.802814,143.75,2.302,2030,ssp585
48.802814,153.75,1.606,2030,ssp585
48.802814,163.75,1.459,2030,ssp585
48.802814,173.75,1.644,2030,ssp585
48.802814,183.75,2.247,2030,ssp585
48.802814,193.75,2.888,2030,ssp585
48.802814,203.75,3.153,2030,ssp585
48.802814,213.75,3.418,2030,ssp585
48.802814,223.75,3.618,2030,ssp585
48.802814,233.75,3.433,2030,ssp585
48.802814,243.75,3.332,2030,ssp585
48.802814,253.75,2.923,2030,ssp585
48.802814,263.75,3.175,2030,ssp585
48.802814,273.75,3.313,2030,ssp585
48.802814,283.75,3.774,2030,ssp585
48.802814,293.75,3.591,2030,ssp585
48.802814,303.75,3.216,2030,ssp585
48.802814,313.75,2.945,2030,ssp585
48.802814,323.75,2.358,2030,ssp585
48.802814,333.75,1.807,2030,ssp585
48.802814,343.75,1.82,2030,ssp585
48.802814,353.75,1.968,2030,ssp585
53.87324,3.75,2.179,2030,ssp585
53.87324,13.75,2.168,2030,ssp585
53.87324,23.75,1.778,2030,ssp585
53.87324,33.75,1.383,2030,ssp585
53.87324,43.75,1.742,2030,ssp585
53.87324,53.75,1.819,2030,ssp585
53.87324,63.75,2.396,2030,ssp585
53.87324,73.75,3.15,2030,ssp585
53.87324,83.75,3.265,2030,ssp585
53.87324,93.75,3.09,2030,ssp585
53.87324,103.75,2.67,2030,ssp585
53.87324,113.75,2.14,2030,ssp585
53.87324,123.75,1.925,2030,ssp585
53.87324,133.75,2.636,2030,ssp585
53.87324,143.75,4.106,2030,ssp585
53.87324,153.75,2.648,2030,ssp585
53.87324,163.75,2.051,2030,ssp585
53.87324,173.75,1.936,2030,ssp585
53.87324,183.75,2.824,2030,ssp585
53.87324,193.75,4.258,2030,ssp585
53.87324,203.75,4.335,2030,ssp585
53.87324,213.75,4.169,2030,ssp585
53.87324,223.75,4.157,2030,ssp585
53.87324,233.75,4.828,2030,ssp585
53.87324,243.75,4.535,2030,ssp585
53.87324,253.75,4.421,2030,ssp585
53.87324,263.75,4.193,2030,ssp585
53.87324,273.75,3.976,2030,ssp585
53.87324,283.75,3.567,2030,ssp585
53.87324,293.75,4.233,2030,ssp585
53.87324,303.75,4.334,2030,ssp585
53.87324,313.75,2.997,2030,ssp585
53.87324,323.75,2.447,2030,ssp585
53.87324,333.75,1.975,2030,ssp585
53.87324,343.75,1.585,2030,ssp585
53.87324,353.75,2.156,2030,ssp585
58.943665,3.75,1.811,2030,ssp585
58.943665,13.75,2.269,2030,ssp585
58.943665,23.75,1.992,2030,ssp585
58.943665,33.75,2.024,2030,ssp585
58.943665,43.75,2.412,2030,ssp585
58.943665,53.75,3.013,2030,ssp585
58.943665,63.75,3.429,2030,ssp585
58.943665,73.75,3.521,2030,ssp585
58.943665,83.75,3.307,2030,ssp585
58.943665,93.75,2.922,2030,ssp585
58.943665,103.75,2.665,2030,ssp585
58.943665,113.75,2.546,2030,ssp585
58.943665,123.75,2.473,2030,ssp585
58.943665,133.75,2.614,2030,ssp585
58.943665,143.75,4.103,2030,ssp585
58.943665,153.75,3.438,2030,ssp585
58.943665,163.75,3.131,2030,ssp585
58.943665,173.75,3.005,2030,ssp585
58.943665,183.75,4.365,2030,ssp585
58.943665,193.75,5.909,2030,ssp585
58.943665,203.75,6.424,2030,ssp585
58.943665,213.75,4.96,2030,ssp585
58.943665,223.75,5.502,2030,ssp585
58.943665,233.75,5.534,2030,ssp585
58.943665,243.75,5.271,2030,ssp585
58.943665,253.75,4.478,2030,ssp585
58.943665,263.75,4.441,2030,ssp585
58.943665,273.75,5.018,2030,ssp585
58.943665,283.75,3.477,2030,ssp585
58.943665,293.75,4.547,2030,ssp585
58.943665,303.75,4.666,2030,ssp585
58.943665,313.75,2.055,2030,ssp585
58.943665,323.75,2.07,2030,ssp585
58.943665,333.75,1.803,2030,ssp585
58.943665,343.75,1.384,2030,ssp585
58.943665,353.75,1.588,2030,ssp585
64.014084,3.75,1.092,2030,ssp585
64.014084,13.75,2.182,2030,ssp585
64.014084,23.75,2.541,2030,ssp585
64.014084,33.75,2.393,2030,ssp585
64.014084,43.75,2.643,2030,ssp585
64.014084,53.75,3.846,2030,ssp585
64.014084,63.75,4.081,2030,ssp585
64.014084,73.75,4.119,2030,ssp585
64.014084,83.75,3.829,2030,ssp585
64.014084,93.75,3.092,2030,ssp585
64.014084,103.75,2.582,2030,ssp585
64.014084,113.75,2.815,2030,ssp585
64.014084,123.75,3.201,2030,ssp585
64.014084,133.75,3.208,2030,ssp585
64.014084,143.75,2.912,2030,ssp585
64.014084,153.75,3.851,2030,ssp585
64.014084,163.75,4.007,2030,ssp585
64.014084,173.75,4.164,2030,ssp585
64.014084,183.75,4.792,2030,ssp585
64.014084,193.75,5.867,2030,ssp585
64.014084,203.75,6.925,2030,ssp585
64.014084,213.75,6.198,2030,ssp585
64.014084,223.75,5.938,2030,ssp585
64.014084,233.75,5.347,2030,ssp585
64.014084,243.75,4.823,2030,ssp585
64.014084,253.75,4.294,2030,ssp585
64.014084,263.75,3.948,2030,ssp585
64.014084,273.75,4.012,2030,ssp585
64.014084,283.75,4.195,2030,ssp585
64.014084,293.75,5.025,2030,ssp585
64.014084,303.75,5.778,2030,ssp585
64.014084,313.75,2.751,2030,ssp585
64.014084,323.75,1.814,2030,ssp585
64.014084,333.75,2.3,2030,ssp585
64.014084,343.75,2.406,2030,ssp585
64.014084,353.75,2.331,2030,ssp585
69.0845,3.75,0.062,2030,ssp585
69.0845,13.75,1.155,2030,ssp585
69.0845,23.75,2.217,2030,ssp585
69.0845,33.75,2.222,2030,ssp585
69.0845,43.75,2.458,2030,ssp585
69.0845,53.75,3.896,2030,ssp585
69.0845,63.75,4.61,2030,ssp585
69.0845,73.75,4.559,2030,ssp585
69.0845,83.75,3.958,2030,ssp585
69.0845,93.75,3.278,2030,ssp585
69.0845,103.75,2.863,2030,ssp585
69.0845,113.75,2.565,2030,ssp585
69.0845,123.75,3.126,2030,ssp585
69.0845,133.75,3.398,2030,ssp585
69.0845,143.75,3.675,2030,ssp585
69.0845,153.75,4.146,2030,ssp585
69.0845,163.75,4.05,2030,ssp585
69.0845,173.75,5.04,2030,ssp585
69.0845,183.75,6.67,2030,ssp585
69.0845,193.75,7.651,2030,ssp585
69.0845,203.75,7.461,2030,ssp585
69.0845,213.75,6.693,2030,ssp585
69.0845,223.75,6.353,2030,ssp585
69.0845,233.75,5.713,2030,ssp585
69.0845,243.75,4.873,2030,ssp585
69.0845,253.75,4.234,2030,ssp585
69.0845,263.75,4.56,2030,ssp585
69.0845,273.75,5.065,2030,ssp585
69.0845,283.75,5.157,2030,ssp585
69.0845,293.75,4.63,2030,ssp585
69.0845,303.75,6.702,2030,ssp585
69.0845,313.75,3.135,2030,ssp585
69.0845,323.75,2.958,2030,ssp585
69.0845,333.75,2.856,2030,ssp585
69.0845,343.75,2.328,2030,ssp585
69.0845,353.75,0.719,2030,ssp585
74.15493,3.75,2.089,2030,ssp585
74.15493,13.75,2.807,2030,ssp585
74.15493,23.75,3.463,2030,ssp585
74.15493,33.75,3.571,2030,ssp585
74.15493,43.75,4.346,2030,ssp585
74.15493,53.75,4.9,2030,ssp585
74.15493,63.75,5.274,2030,ssp585
74.15493,73.75,6.201,2030,ssp585
74.15493,83.75,6.236,2030,ssp585
74.15493,93.75,5.298,2030,ssp585
74.15493,103.75,4.576,2030,ssp585
74.15493,113.75,2.77,2030,ssp585
74.15493,123.75,2.72,2030,ssp585
74.15493,133.75,3.777,2030,ssp585
74.15493,143.75,4.2,2030,ssp585
74.15493,153.75,4.956,2030,ssp585
74.15493,163.75,6.371,2030,ssp585
74.15493,173.75,7.82,2030,ssp585
74.15493,183.75,9.004,2030,ssp585
74.15493,193.75,9.586,2030,ssp585
74.15493,203.75,9.736,2030,ssp585
74.15493,213.75,8.742,2030,ssp585
74.15493,223.75,7.406,2030,ssp585
74.15493,233.75,6.563,2030,ssp585
74.15493,243.75,5.385,2030,ssp585
74.15493,253.75,5.261,2030,ssp585
74.15493,263.75,5.617,2030,ssp585
74.15493,273.75,5.451,2030,ssp585
74.15493,283.75,5.163,2030,ssp585
74.15493,293.75,4.904,2030,ssp585
74.15493,303.75,4.561,2030,ssp585
74.15493,313.75,3.119,2030,ssp585
74.15493,323.75,2.776,2030,ssp585
74.15493,333.75,3.533,2030,ssp585
74.15493,343.75,5.855,2030,ssp585
74.15493,353.75,3.54,2030,ssp585
79.22536,3.75,7.577,2030,ssp585
79.22536,13.75,7.753,2030,ssp585
79.22536,23.75,8.703,2030,ssp585
79.22536,33.75,9.518,2030,ssp585
79.22536,43.75,9.373,2030,ssp585
79.22536,53.75,9.424,2030,ssp585
79.22536,63.75,8.872,2030,ssp585
79.22536,73.75,8.183,2030,ssp585
79.22536,83.75,7.83,2030,ssp585
79.22536,93.75,7.04,2030,ssp585
79.22536,103.75,5.878,2030,ssp585
79.22536,113.75,4.802,2030,ssp585
79.22536,123.75,4.44,2030,ssp585
79.22536,133.75,4.555,2030,ssp585
79.22536,143.75,5.146,2030,ssp585
79.22536,153.75,6.062,2030,ssp585
79.22536,163.75,6.846,2030,ssp585
79.22536,173.75,7.447,2030,ssp585
79.22536,183.75,7.981,2030,ssp585
79.22536,193.75,8.055,2030,ssp585
79.22536,203.75,7.67,2030,ssp585
79.22536,213.75,6.933,2030,ssp585
79.22536,223.75,6.256,2030,ssp585
79.22536,233.75,5.542,2030,ssp585
79.22536,243.75,5.334,2030,ssp585
79.22536,253.75,5.595,2030,ssp585
79.22536,263.75,5.636,2030,ssp585
79.22536,273.75,4.569,2030,ssp585
79.22536,283.75,4.959,2030,ssp585
79.22536,293.75,4.84,2030,ssp585
79.22536,303.75,4.103,2030,ssp585
79.22536,313.75,3.641,2030,ssp585
79.22536,323.75,3.59,2030,ssp585
79.22536,333.75,4.103,2030,ssp585
79.22536,343.75,6.194,2030,ssp585
79.22536,353.75,7.686,2030,ssp585
84.29578,3.75,8.086,2030,ssp585
84.29578,13.75,8.456,2030,ssp585
84.29578,23.75,8.513,2030,ssp585
84.29578,33.75,8.452,2030,ssp585
84.29578,43.75,8.338,2030,ssp585
84.29578,53.75,8.159,2030,ssp585
84.29578,63.75,7.97,2030,ssp585
84.29578,73.75,7.797,2030,ssp585
84.29578,83.75,7.552,2030,ssp585
84.29578,93.75,7.289,2030,ssp585
84.29578,103.75,7.119,2030,ssp585
84.29578,113.75,6.911,2030,ssp585
84.29578,123.75,6.736,2030,ssp585
84.29578,133.75,6.657,2030,ssp585
84.29578,143.75,6.694,2030,ssp585
84.29578,153.75,6.806,2030,ssp585
84.29578,163.75,6.92,2030,ssp585
84.29578,173.75,6.945,2030,ssp585
84.29578,183.75,6.943,2030,ssp585
84.29578,193.75,6.88,2030,ssp585
84.29578,203.75,6.704,2030,ssp585
84.29578,213.75,6.501,2030,ssp585
84.29578,223.75,6.399,2030,ssp585
84.29578,233.75,6.314,2030,ssp585
84.29578,243.75,6.413,2030,ssp585
84.29578,253.75,6.64,2030,ssp585
84.29578,263.75,6.747,2030,ssp585
84.29578,273.75,6.341,2030,ssp585
84.29578,283.75,5.979,2030,ssp585
84.29578,293.75,6.246,2030,ssp585
84.29578,303.75,6.576,2030,ssp585
84.29578,313.75,6.618,2030,ssp585
84.29578,323.75,6.446,2030,ssp585
84.29578,333.75,7.012,2030,ssp585
84.29578,343.75,7.695,2030,ssp585
84.29578,353.75,7.742,2030,ssp585
-88.09859,3.75,5.504,2050,ssp585
-88.09859,13.75,5.5,2050,ssp585
-88.09859,23.75,5.48,2050,ssp585
-88.09859,33.75,5.497,2050,ssp585
-88.09859,43.75,5.523,2050,ssp585
-88.09859,53.75,5.557,2050,ssp585
-88.09859,63.75,5.544,2050,ssp585
-88.09859,73.75,5.553,2050,ssp585
-88.09859,83.75,5.484,2050,ssp585
-88.09859,93.75,5.437,2050,ssp585
-88.09859,103.75,5.282,2050,ssp585
-88.09859,113.75,5.107,2050,ssp585
-88.09859,123.75,4.888,2050,ssp585
-88.09859,133.75,4.614,2050,ssp585
-88.09859,143.75,4.375,2050,ssp585
-88.09859,153.75,4.207,2050,ssp585
-88.09859,163.75,4.131,2050,ssp585
-88.09859,173.75,4.012,2050,ssp585
-88.09859,183.75,4.03,2050,ssp585
-88.09859,193.75,4.02,2050,ssp585
-88.09859,203.75,3.962,2050,ssp585
-88.09859,213.75,3.983,2050,ssp585
-88.09859,223.75,4.085,2050,ssp585
-88.09859,233.75,4.164,2050,ssp585
-88.09859,243.75,4.282,2050,ssp585
-88.09859,253.75,4.469,2050,ssp585
-88.09859,263.75,4.663,2050,ssp585
-88.09859,273.75,4.736,2050,ssp585
-88.09859,283.75,4.815,2050,ssp585
-88.09859,293.75,4.939,2050,ssp585
-88.09859,303.75,5.102,2050,ssp585
-88.09859,313.75,5.184,2050,ssp585
-88.09859,323.75,5.305,2050,ssp585
-88.09859,333.75,5.382,2050,ssp585
-88.09859,343.75,5.444,2050,ssp585
-88.09859,353.75,5.495,2050,ssp585
-83.02817,3.75,5.744,2050,ssp585
-83.02817,13.75,5.632,2050,ssp585
-83.02817,23.75,5.392,2050,ssp585
-83.02817,33.75,5.14,2050,ssp585
-83.02817,43.75,4.856,2050,ssp585
-83.02817,53.75,4.663,2050,ssp585
-83.02817,63.75,4.423,2050,ssp585
-83.02817,73.75,4.381,2050,ssp585
-83.02817,83.75,4.607,2050,ssp585
-83.02817,93.75,4.796,2050,ssp585
-83.02817,103.75,4.833,2050,ssp585
-83.02817,113.75,4.817,2050,ssp585
-83.02817,123.75,4.672,2050,ssp585
-83.02817,133.75,4.328,2050,ssp585
-83.02817,143.75,4.085,2050,ssp585
-83.02817,153.75,3.79,2050,ssp585
-83.02817,163.75,3.739,2050,ssp585
-83.02817,173.75,3.849,2050,ssp585
-83.02817,183.75,4.017,2050,ssp585
-83.02817,193.75,4.016,2050,ssp585
-83.02817,203.75,3.784,2050,ssp585
-83.02817,213.75,3.565,2050,ssp585
-83.02817,223.75,3.226,2050,ssp585
-83.02817,233.75,3.073,2050,ssp585
-83.02817,243.75,3.141,2050,ssp585
-83.02817,253.75,3.182,2050,ssp585
-83.02817,263.75,3.182,2050,ssp585
-83.02817,273.75,3.54,2050,ssp585
-83.02817,283.75,3.94,2050,ssp585
-83.02817,293.75,4.277,2050,ssp585
-83.02817,303.75,4.468,2050,ssp585
-83.02817,313.75,4.673,2050,ssp585
-83.02817,323.75,4.951,2050,ssp585
-83.02817,333.75,5.3,2050,ssp585
-83.02817,343.75,5.578,2050,ssp585
-83.02817,353.75,5.782,2050,ssp585
-77.95775,3.75,4.862,2050,ssp585
-77.95775,13.75,4.742,2050,ssp585
-77.95775,23.75,4.539,2050,ssp585
-77.95775,33.75,4.412,2050,ssp585
-77.95775,43.75,4.35,2050,ssp585
-77.95775,53.75,4.128,2050,ssp585
-77.95775,63.75,3.758,2050,ssp585
-77.95775,73.75,3.846,2050,ssp585
-77.95775,83.75,4.201,2050,ssp585
-77.95775,93.75,4.137,2050,ssp585
-77.95775,103.75,4.073,2050,ssp585
-77.95775,113.75,4.275,2050,ssp585
-77.95775,123.75,4.525,2050,ssp585
-77.95775,133.75,4.542,2050,ssp585
-77.95775,143.75,4.591,2050,ssp585
-77.95775,153.75,4.247,2050,ssp585
-77.95775,163.75,3.889,2050,ssp585
-77.95775,173.75,3.943,2050,ssp585
-77.95775,183.75,3.75,2050,ssp585
-77.95775,193.75,3.193,2050,ssp585
-77.95775,203.75,2.915,2050,ssp585
-77.95775,213.75,2.604,2050,ssp585
-77.95775,223.75,2.325,2050,ssp585
-77.95775,233.75,2.63,2050,ssp585
-77.95775,243.75,3.474,2050,ssp585
-77.95775,253.75,3.5,2050,ssp585
-77.95775,263.75,3.251,2050,ssp585
-77.95775,273.75,3.405,2050,ssp585
-77.95775,283.75,4.018,2050,ssp585
-77.95775,293.75,4.233,2050,ssp585
-77.95775,303.75,4.374,2050,ssp585
-77.95775,313.75,4.236,2050,ssp585
-77.95775,323.75,4.795,2050,ssp585
-77.95775,333.75,4.403,2050,ssp585
-77.95775,343.75,4.508,2050,ssp585
-77.95775,353.75,4.776,2050,ssp585
-72.88733,3.75,4.36,2050,ssp585
-72.88733,13.75,4.132,2050,ssp585
-72.88733,23.75,3.925,2050,ssp585
-72.88733,33.75,4.011,2050,ssp585
-72.88733,43.75,4.411,2050,ssp585
-72.88733,53.75,4.273,2050,ssp585
-72.88733,63.75,3.625,2050,ssp585
-72.88733,73.75,4.07,2050,ssp585
-72.88733,83.75,4.408,2050,ssp585
-72.88733,93.75,4.282,2050,ssp585
-72.88733,103.75,4.312,2050,ssp585
-72.88733,113.75,4.821,2050,ssp585
-72.88733,123.75,4.96,2050,ssp585
-72.88733,133.75,4.968,2050,ssp585
-72.88733,143.75,4.752,2050,ssp585
-72.88733,153.75,4.395,2050,ssp585
-72.88733,163.75,3.439,2050,ssp585
-72.88733,173.75,2.836,2050,ssp585
-72.88733,183.75,2.193,2050,ssp585
-72.88733,193.75,2.029,2050,ssp585
-72.88733,203.75,2.26,2050,ssp585
-72.88733,213.75,2.56,2050,ssp585
-72.88733,223.75,2.935,2050,ssp585
-72.88733,233.75,3.31,2050,ssp585
-72.88733,243.75,3.847,2050,ssp585
-72.88733,253.75,4.334,2050,ssp585
-72.88733,263.75,3.967,2050,ssp585
-72.88733,273.75,3.916,2050,ssp585
-72.88733,283.75,3.651,2050,ssp585
-72.88733,293.75,2.945,2050,ssp585
-72.88733,303.75,4.18,2050,ssp585
-72.88733,313.75,4.759,2050,ssp585
-72.88733,323.75,4.993,2050,ssp585
-72.88733,333.75,5.425,2050,ssp585
-72.88733,343.75,5.347,2050,ssp585
-72.88733,353.75,4.429,2050,ssp585
-67.8169,3.75,4.422,2050,ssp585
-67.8169,13.75,3.566,2050,ssp585
-67.8169,23.75,3.123,2050,ssp585
-67.8169,33.75,2.819,2050,ssp585
-67.8169,43.75,2.987,2050,ssp585
-67.8169,53.75,3.444,2050,ssp585
-67.8169,63.75,3.417,2050,ssp585
-67.8169,73.75,3.934,2050,ssp585
-67.8169,83.75,3.897,2050,ssp585
-67.8169,93.75,3.892,2050,ssp585
-67.8169,103.75,4.395,2050,ssp585
-67.8169,113.75,4.671,2050,ssp585
-67.8169,123.75,4.134,2050,ssp585
-67.8169,133.75,4.013,2050,ssp585
-67.8169,143.75,3.719,2050,ssp585
-67.8169,153.75,3.369,2050,ssp585
-67.8169,163.75,2.701,2050,ssp585
-67.8169,173.75,2.558,2050,ssp585
-67.8169,183.75,2.33,2050,ssp585
-67.8169,193.75,2.341,2050,ssp585
-67.8169,203.75,1.828,2050,ssp585
-67.8169,213.75,1.35,2050,ssp585
-67.8169,223.75,1.767,2050,ssp585
-67.8169,233.75,2.285,2050,ssp585
-67.8169,243.75,2.807,2050,ssp585
-67.8169,253.75,3.617,2050,ssp585
-67.8169,263.75,4.222,2050,ssp585
-67.8169,273.75,4.788,2050,ssp585
-67.8169,283.75,4.49,2050,ssp585
-67.8169,293.75,3.644,2050,ssp585
-67.8169,303.75,4.481,2050,ssp585
-67.8169,313.75,4.857,2050,ssp585
-67.8169,323.75,4.223,2050,ssp585
-67.8169,333.75,3.905,2050,ssp585
-67.8169,343.75,4.638,2050,ssp585
-67.8169,353.75,4.919,2050,ssp585
-62.746475,3.75,3.47,2050,ssp585
-62.746475,13.75,3.073,2050,ssp585
-62.746475,23.75,2.532,2050,ssp585
-62.746475,33.75,1.817,2050,ssp585
-62.746475,43.75,2.376,2050,ssp585
-62.746475,53.75,3.272,2050,ssp585
-62.746475,63.75,4.054,2050,ssp585
-62.746475,73.75,3.834,2050,ssp585
-62.746475,83.75,3.706,2050,ssp585
-62.746475,93.75,4.099,2050,ssp585
-62.746475,103.75,4.336,2050,ssp585
-62.746475,113.75,4.609,2050,ssp585
-62.746475,123.75,4.03,2050,ssp585
-62.746475,133.75,3.035,2050,ssp585
-62.746475,143.75,2.568,2050,ssp585
-62.746475,153.75,1.983,2050,ssp585
-62.746475,163.75,2.006,2050,ssp585
-62.746475,173.75,2.012,2050,ssp585
-62.746475,183.75,1.145,2050,ssp585
-62.746475,193.75,0.801,2050,ssp585
-62.746475,203.75,0.861,2050,ssp585
-62.746475,213.75,0.976,2050,ssp585
-62.746475,223.75,1.465,2050,ssp585
-62.746475,233.75,1.746,2050,ssp585
-62.746475,243.75,2.097,2050,ssp585
-62.746475,253.75,2.492,2050,ssp585
-62.746475,263.75,2.912,2050,ssp585
-62.746475,273.75,3.257,2050,ssp585
-62.746475,283.75,3.685,2050,ssp585
-62.746475,293.75,3.885,2050,ssp585
-62.746475,303.75,3.657,2050,ssp585
-62.746475,313.75,3.563,2050,ssp585
-62.746475,323.75,3.111,2050,ssp585
-62.746475,333.75,2.987,2050,ssp585
-62.746475,343.75,2.932,2050,ssp585
-62.746475,353.75,3.58,2050,ssp585
-57.676056,3.75,2.436,2050,ssp585
-57.676056,13.75,2.179,2050,ssp585
-57.676056,23.75,2.002,2050,ssp585
-57.676056,33.75,1.904,2050,ssp585
-57.676056,43.75,2.222,2050,ssp585
-57.676056,53.75,2.657,2050,ssp585
-57.676056,63.75,3.069,2050,ssp585
-57.676056,73.75,3.236,2050,ssp585
-57.676056,83.75,3.134,2050,ssp585
-57.676056,93.75,3.029,2050,ssp585
-57.676056,103.75,2.799,2050,ssp585
-57.676056,113.75,2.701,2050,ssp585
-57.676056,123.75,2.457,2050,ssp585
-57.676056,133.75,1.94,2050,ssp585
-57.676056,143.75,1.653,2050,ssp585
-57.676056,153.75,1.784,2050,ssp585
-57.676056,163.75,1.724,2050,ssp585
-57.676056,173.75,1.275,2050,ssp585
-57.676056,183.75,0.78,2050,ssp585
-57.676056,193.75,0.492,2050,ssp585
-57.676056,203.75,0.246,2050,ssp585
-57.676056,213.75,0.337,2050,ssp585
-57.676056,223.75,0.9,2050,ssp585
-57.676056,233.75,1.392,2050,ssp585
-57.676056,243.75,1.648,2050,ssp585
-57.676056,253.75,1.665,2050,ssp585
-57.676056,263.75,1.692,2050,ssp585
-57.676056,273.75,1.665,2050,ssp585
-57.676056,283.75,1.684,2050,ssp585
-57.676056,293.75,2.059,2050,ssp585
-57.676056,303.75,2.678,2050,ssp585
-57.676056,313.75,2.733,2050,ssp585
-57.676056,323.75,2.475,2050,ssp585
-57.676056,333.75,2.289,2050,ssp585
-57.676056,343.75,2.247,2050,ssp585
-57.676056,353.75,2.417,2050,ssp585
-52.605633,3.75,1.758,2050,ssp585
-52.605633,13.75,1.594,2050,ssp585
-52.605633,23.75,1.608,2050,ssp585
-52.605633,33.75,1.696,2050,ssp585
-52.605633,43.75,1.759,2050,ssp585
-52.605633,53.75,2.021,2050,ssp585
-52.605633,63.75,2.355,2050,ssp585
-52.605633,73.75,2.612,2050,ssp585
-52.605633,83.75,2.548,2050,ssp585
-52.605633,93.75,2.423,2050,ssp585
-52.605633,103.75,2.296,2050,ssp585
-52.605633,113.75,2.244,2050,ssp585
-52.605633,123.75,1.917,2050,ssp585
-52.605633,133.75,1.402,2050,ssp585
-52.605633,143.75,1.193,2050,ssp585
-52.605633,153.75,1.299,2050,ssp585
-52.605633,163.75,1.471,2050,ssp585
-52.605633,173.75,1.292,2050,ssp585
-52.605633,183.75,1.081,2050,ssp585
-52.605633,193.75,0.882,2050,ssp585
-52.605633,203.75,0.729,2050,ssp585
-52.605633,213.75,1.046,2050,ssp585
-52.605633,223.75,1.272,2050,ssp585
-52.605633,233.75,1.602,2050,ssp585
-52.605633,243.75,1.683,2050,ssp585
-52.605633,253.75,1.506,2050,ssp585
-52.605633,263.75,1.323,2050,ssp585
-52.605633,273.75,1.233,2050,ssp585
-52.605633,283.75,1.292,2050,ssp585
-52.605633,293.75,1.636,2050,ssp585
-52.605633,303.75,1.75,2050,ssp585
-52.605633,313.75,2.068,2050,ssp585
-52.605633,323.75,2.095,2050,ssp585
-52.605633,333.75,1.951,2050,ssp585
-52.605633,343.75,1.749,2050,ssp585
-52.605633,353.75,1.631,2050,ssp585
-47.535213,3.75,1.726,2050,ssp585
-47.535213,13.75,1.961,2050,ssp585
-47.535213,23.75,1.951,2050,ssp585
-47.535213,33.75,1.976,2050,ssp585
-47.535213,43.75,1.914,2050,ssp585
-47.535213,53.75,1.996,2050,ssp585
-47.535213,63.75,2.168,2050,ssp585
-47.535213,73.75,2.31,2050,ssp585
-47.535213,83.75,2.364,2050,ssp585
-47.535213,93.75,2.406,2050,ssp585
-47.535213,103.75,2.348,2050,ssp585
-47.535213,113.75,2.166,2050,ssp585
-47.535213,123.75,1.815,2050,ssp585
-47.535213,133.75,1.333,2050,ssp585
-47.535213,143.75,1.25,2050,ssp585
-47.535213,153.75,1.477,2050,ssp585
-47.535213,163.75,1.631,2050,ssp585
-47.535213,173.75,1.581,2050,ssp585
-47.535213,183.75,1.648,2050,ssp585
-47.535213,193.75,1.311,2050,ssp585
-47.535213,203.75,1.247,2050,ssp585
-47.535213,213.75,1.431,2050,ssp585
-47.535213,223.75,1.464,2050,ssp585
-47.535213,233.75,1.658,2050,ssp585
-47.535213,243.75,1.684,2050,ssp585
-47.535213,253.75,1.632,2050,ssp585
-47.535213,263.75,1.354,2050,ssp585
-47.535213,273.75,1.206,2050,ssp585
-47.535213,283.75,1.433,2050,ssp585
-47.535213,293.75,1.887,2050,ssp585
-47.535213,303.75,1.86,2050,ssp585
-47.535213,313.75,2.309,2050,ssp585
-47.535213,323.75,2.551,2050,ssp585
-47.535213,333.75,2.348,2050,ssp585
-47.535213,343.75,1.851,2050,ssp585
-47.535213,353.75,1.56,2050,ssp585
-42.46479,3.75,1.827,2050,ssp585
-42.46479,13.75,1.795,2050,ssp585
-42.46479,23.75,1.787,2050,ssp585
-42.46479,33.75,1.809,2050,ssp585
-42.46479,43.75,1.626,2050,ssp585
-42.46479,53.75,1.538,2050,ssp585
-42.46479,63.75,1.684,2050,ssp585
-42.46479,73.75,1.925,2050,ssp585
-42.46479,83.75,2.012,2050,ssp585
-42.46479,93.75,2.062,2050,ssp585
-42.46479,103.75,1.974,2050,ssp585
-42.46479,113.75,1.843,2050,ssp585
-42.46479,123.75,1.738,2050,ssp585
-42.46479,133.75,1.544,2050,ssp585
-42.46479,143.75,1.384,2050,ssp585
-42.46479,153.75,2.031,2050,ssp585
-42.46479,163.75,1.883,2050,ssp585
-42.46479,173.75,1.995,2050,ssp585
-42.46479,183.75,1.81,2050,ssp585
-42.46479,193.75,1.408,2050,ssp585
-42.46479,203.75,1.276,2050,ssp585
-42.46479,213.75,1.331,2050,ssp585
-42.46479,223.75,1.589,2050,ssp585
-42.46479,233.75,1.966,2050,ssp585
-42.46479,243.75,2.17,2050,ssp585
-42.46479,253.75,2.156,2050,ssp585
-42.46479,263.75,1.574,2050,ssp585
-42.46479,273.75,1.301,2050,ssp585
-42.46479,283.75,1.5,2050,ssp585
-42.46479,293.75,2.075,2050,ssp585
-42.46479,303.75,2.38,2050,ssp585
-42.46479,313.75,2.764,2050,ssp585
-42.46479,323.75,3.011,2050,ssp585
-42.46479,333.75,2.833,2050,ssp585
-42.46479,343.75,2.417,2050,ssp585
-42.46479,353.75,1.942,2050,ssp585
-37.394363,3.75,1.663,2050,ssp585
-37.394363,13.75,1.508,2050,ssp585
-37.394363,23.75,1.227,2050,ssp585
-37.394363,33.75,0.973,2050,ssp585
-37.394363,43.75,0.953,2050,ssp585
-37.394363,53.75,0.994,2050,ssp585
-37.394363,63.75,1.158,2050,ssp585
-37.394363,73.75,1.394,2050,ssp585
-37.394363,83.75,1.567,2050,ssp585
-37.394363,93.75,1.958,2050,ssp585
-37.394363,103.75,1.936,2050,ssp585
-37.394363,113.75,1.813,2050,ssp585
-37.394363,123.75,1.871,2050,ssp585
-37.394363,133.75,1.583,2050,ssp585
-37.394363,143.75,2.068,2050,ssp585
-37.394363,153.75,2.203,2050,ssp585
-37.394363,163.75,2.236,2050,ssp585
-37.394363,173.75,2.206,2050,ssp585
-37.394363,183.75,1.741,2050,ssp585
-37.394363,193.75,1.642,2050,ssp585
-37.394363,203.75,1.434,2050,ssp585
-37.394363,213.75,1.492,2050,ssp585
-37.394363,223.75,1.935,2050,ssp585
-37.394363,233.75,2.511,2050,ssp585
-37.394363,243.75,2.852,2050,ssp585
-37.394363,253.75,2.385,2050,ssp585
-37.394363,263.75,1.713,2050,ssp585
-37.394363,273.75,1.304,2050,ssp585
-37.394363,283.75,1.242,2050,ssp585
-37.394363,293.75,2.028,2050,ssp585
-37.394363,303.75,2.132,2050,ssp585
-37.394363,313.75,2.255,2050,ssp585
-37.394363,323.75,2.54,2050,ssp585
-37.394363,333.75,2.424,2050,ssp585
-37.394363,343.75,1.998,2050,ssp585
-37.394363,353.75,1.705,2050,ssp585
-32.323944,3.75,1.504,2050,ssp585
-32.323944,13.75,1.3,2050,ssp585
-32.323944,23.75,2.312,2050,ssp585
-32.323944,33.75,1.138,2050,ssp585
-32.323944,43.75,1.305,2050,ssp585
-32.323944,53.75,1.145,2050,ssp585
-32.323944,63.75,1.192,2050,ssp585
-32.323944,73.75,1.238,2050,ssp585
-32.323944,83.75,1.451,2050,ssp585
-32.323944,93.75,1.93,2050,ssp585
-32.323944,103.75,2.075,2050,ssp585
-32.323944,113.75,2.411,2050,ssp585
-32.323944,123.75,2.552,2050,ssp585
-32.323944,133.75,2.291,2050,ssp585
-32.323944,143.75,2.742,2050,ssp585
-32.323944,153.75,2.384,2050,ssp585
-32.323944,163.75,2.209,2050,ssp585
-32.323944,173.75,2.169,2050,ssp585
-32.323944,183.75,2.029,2050,ssp585
-32.323944,193.75,1.813,2050,ssp585
-32.323944,203.75,1.68,2050,ssp585
-32.323944,213.75,1.935,2050,ssp585
-32.323944,223.75,2.241,2050,ssp585
-32.323944,233.75,2.64,2050,ssp585
-32.323944,243.75,2.609,2050,ssp585
-32.323944,253.75,1.961,2050,ssp585
-32.323944,263.75,1.381,2050,ssp585
-32.323944,273.75,1.089,2050,ssp585
-32.323944,283.75,0.957,2050,ssp585
-32.323944,293.75,1.957,2050,ssp585
-32.323944,303.75,2.238,2050,ssp585
-32.323944,313.75,2.095,2050,ssp585
-32.323944,323.75,2.343,2050,ssp585
-32.323944,333.75,2.11,2050,ssp585
-32.323944,343.75,1.892,2050,ssp585
-32.323944,353.75,1.747,2050,ssp585
-27.253521,3.75,1.415,2050,ssp585
-27.253521,13.75,2.06,2050,ssp585
-27.253521,23.75,3.069,2050,ssp585
-27.253521,33.75,1.937,2050,ssp585
-27.253521,43.75,1.724,2050,ssp585
-27.253521,53.75,1.667,2050,ssp585
-27.253521,63.75,1.571,2050,ssp585
-27.253521,73.75,1.55,2050,ssp585
-27.253521,83.75,1.949,2050,ssp585
-27.253521,93.75,2.374,2050,ssp585
-27.253521,103.75,2.389,2050,ssp585
-27.253521,113.75,2.784,2050,ssp585
-27.253521,123.75,3.394,2050,ssp585
-27.253521,133.75,2.996,2050,ssp585
-27.253521,143.75,2.798,2050,ssp585
-27.253521,153.75,2.563,2050,ssp585
-27.253521,163.75,2.3,2050,ssp585
-27.253521,173.75,2.203,2050,ssp585
-27.253521,183.75,2.012,2050,ssp585
-27.253521,193.75,1.968,2050,ssp585
-27.253521,203.75,2.066,2050,ssp585
-27.253521,213.75,2.199,2050,ssp585
-27.253521,223.75,2.36,2050,ssp585
-27.253521,233.75,2.34,2050,ssp585
-27.253521,243.75,1.883,2050,ssp585
-27.253521,253.75,1.427,2050,ssp585
-27.253521,263.75,1.07,2050,ssp585
-27.253521,273.75,0.889,2050,ssp585
-27.253521,283.75,0.735,2050,ssp585
-27.253521,293.75,2.492,2050,ssp585
-27.253521,303.75,2.861,2050,ssp585
-27.253521,313.75,2.277,2050,ssp585
-27.253521,323.75,2.0,2050,ssp585
-27.253521,333.75,1.655,2050,ssp585
-27.253521,343.75,1.52,2050,ssp585
-27.253521,353.75,1.362,2050,ssp585
-22.1831,3.75,1.749,2050,ssp585
-22.1831,13.75,2.679,2050,ssp585
-22.1831,23.75,3.422,2050,ssp585
-22.1831,33.75,2.412,2050,ssp585
-22.1831,43.75,2.33,2050,ssp585
-22.1831,53.75,1.702,2050,ssp585
-22.1831,63.75,1.99,2050,ssp585
-22.1831,73.75,2.129,2050,ssp585
-22.1831,83.75,2.394,2050,ssp585
-22.1831,93.75,2.639,2050,ssp585
-22.1831,103.75,2.412,2050,ssp585
-22.1831,113.75,2.657,2050,ssp585
-22.1831,123.75,3.376,2050,ssp585
-22.1831,133.75,3.036,2050,ssp585
-22.1831,143.75,2.847,2050,ssp585
-22.1831,153.75,2.374,2050,ssp585
-22.1831,163.75,2.191,2050,ssp585
-22.1831,173.75,2.038,2050,ssp585
-22.1831,183.75,2.088,2050,ssp585
-22.1831,193.75,2.308,2050,ssp585
-22.1831,203.75,2.445,2050,ssp585
-22.1831,213.75,2.281,2050,ssp585
-22.1831,223.75,2.045,2050,ssp585
-22.1831,233.75,1.674,2050,ssp585
-22.1831,243.75,1.184,2050,ssp585
-22.1831,253.75,0.864,2050,ssp585
-22.1831,263.75,0.875,2050,ssp585
-22.1831,273.75,0.82,2050,ssp585
-22.1831,283.75,0.856,2050,ssp585
-22.1831,293.75,2.951,2050,ssp585
-22.1831,303.75,3.258,2050,ssp585
-22.1831,313.75,3.032,2050,ssp585
-22.1831,323.75,1.672,2050,ssp585
-22.1831,333.75,1.452,2050,ssp585
-22.1831,343.75,1.226,2050,ssp585
-22.1831,353.75,1.357,2050,ssp585
-17.112675,3.75,2.354,2050,ssp585
-17.112675,13.75,2.636,2050,ssp585
-17.112675,23.75,2.951,2050,ssp585
-17.112675,33.75,2.639,2050,ssp585
-17.112675,43.75,2.228,2050,ssp585
-17.112675,53.75,1.993,2050,ssp585
-17.112675,63.75,2.292,2050,ssp585
-17.112675,73.75,2.33,2050,ssp585
-17.112675,83.75,2.384,2050,ssp585
-17.112675,93.75,2.555,2050,ssp585
-17.112675,103.75,2.325,2050,ssp585
-17.112675,113.75,2.529,2050,ssp585
-17.112675,123.75,2.983,2050,ssp585
-17.112675,133.75,3.011,2050,ssp585
-17.112675,143.75,2.783,2050,ssp585
-17.112675,153.75,2.33,2050,ssp585
-17.112675,163.75,2.226,2050,ssp585
-17.112675,173.75,2.268,2050,ssp585
-17.112675,183.75,2.331,2050,ssp585
-17.112675,193.75,2.387,2050,ssp585
-17.112675,203.75,2.176,2050,ssp585
-17.112675,213.75,1.87,2050,ssp585
-17.112675,223.75,1.545,2050,ssp585
-17.112675,233.75,1.064,2050,ssp585
-17.112675,243.75,0.886,2050,ssp585
-17.112675,253.75,0.911,2050,ssp585
-17.112675,263.75,0.988,2050,ssp585
-17.112675,273.75,0.934,2050,ssp585
-17.112675,283.75,1.704,2050,ssp585
-17.112675,293.75,3.465,2050,ssp585
-17.112675,303.75,3.424,2050,ssp585
-17.112675,313.75,3.143,2050,ssp585
-17.112675,323.75,1.65,2050,ssp585
-17.112675,333.75,1.404,2050,ssp585
-17.112675,343.75,1.658,2050,ssp585
-17.112675,353.75,2.066,2050,ssp585
-12.0422535,3.75,2.354,2050,ssp585
-12.0422535,13.75,2.393,2050,ssp585
-12.0422535,23.75,2.672,2050,ssp585
-12.0422535,33.75,2.68,2050,ssp585
-12.0422535,43.75,2.209,2050,ssp585
-12.0422535,53.75,2.303,2050,ssp585
-12.0422535,63.75,2.361,2050,ssp585
-12.0422535,73.75,2.356,2050,ssp585
-12.0422535,83.75,2.282,2050,ssp585
-12.0422535,93.75,2.3,2050,ssp585
-12.0422535,103.75,2.268,2050,ssp585
-12.0422535,113.75,2.412,2050,ssp585
-12.0422535,123.75,2.614,2050,ssp585
-12.0422535,133.75,2.774,2050,ssp585
-12.0422535,143.75,2.555,2050,ssp585
-12.0422535,153.75,2.381,2050,ssp585
-12.0422535,163.75,2.308,2050,ssp585
-12.0422535,173.75,2.315,2050,ssp585
-12.0422535,183.75,2.256,2050,ssp585
-12.0422535,193.75,2.13,2050,ssp585
-12.0422535,203.75,1.832,2050,ssp585
-12.0422535,213.75,1.561,2050,ssp585
-12.0422535,223.75,1.357,2050,ssp585
-12.0422535,233.75,1.285,2050,ssp585
-12.0422535,243.75,1.301,2050,ssp585
-12.0422535,253.75,1.347,2050,ssp585
-12.0422535,263.75,1.465,2050,ssp585
-12.0422535,273.75,1.819,2050,ssp585
-12.0422535,283.75,2.837,2050,ssp585
-12.0422535,293.75,3.365,2050,ssp585
-12.0422535,303.75,3.357,2050,ssp585
-12.0422535,313.75,2.919,2050,ssp585
-12.0422535,323.75,1.885,2050,ssp585
-12.0422535,333.75,1.676,2050,ssp585
-12.0422535,343.75,1.925,2050,ssp585
-12.0422535,353.75,2.303,2050,ssp585
-6.9718313,3.75,2.329,2050,ssp585
-6.9718313,13.75,2.677,2050,ssp585
-6.9718313,23.75,3.085,2050,ssp585
-6.9718313,33.75,2.78,2050,ssp585
-6.9718313,43.75,2.277,2050,ssp585
-6.9718313,53.75,2.532,2050,ssp585
-6.9718313,63.75,2.551,2050,ssp585
-6.9718313,73.75,2.498,2050,ssp585
-6.9718313,83.75,2.404,2050,ssp585
-6.9718313,93.75,2.332,2050,ssp585
-6.9718313,103.75,2.229,2050,ssp585
-6.9718313,113.75,2.343,2050,ssp585
-6.9718313,123.75,2.436,2050,ssp585
-6.9718313,133.75,2.483,2050,ssp585
-6.9718313,143.75,2.461,2050,ssp585
-6.9718313,153.75,2.304,2050,ssp585
-6.9718313,163.75,2.208,2050,ssp585
-6.9718313,173.75,2.195,2050,ssp585
-6.9718313,183.75,2.186,2050,ssp585
-6.9718313,193.75,2.043,2050,ssp585
-6.9718313,203.75,1.864,2050,ssp585
-6.9718313,213.75,1.742,2050,ssp585
-6.9718313,223.75,1.779,2050,ssp585
-6.9718313,233.75,1.816,2050,ssp585
-6.9718313,243.75,1.847,2050,ssp585
-6.9718313,253.75,1.977,2050,ssp585
-6.9718313,263.75,2.129,2050,ssp585
-6.9718313,273.75,2.349,2050,ssp585
-6.9718313,283.75,3.054,2050,ssp585
-6.9718313,293.75,3.379,2050,ssp585
-6.9718313,303.75,3.548,2050,ssp585
-6.9718313,313.75,3.179,2050,ssp585
-6.9718313,323.75,2.302,2050,ssp585
-6.9718313,333.75,2.007,2050,ssp585
-6.9718313,343.75,2.198,2050,ssp585
-6.9718313,353.75,2.409,2050,ssp585
-1.9014084,3.75,2.411,2050,ssp585
-1.9014084,13.75,2.93,2050,ssp585
-1.9014084,23.75,3.555,2050,ssp585
-1.9014084,33.75,2.92,2050,ssp585
-1.9014084,43.75,2.5,2050,ssp585
-1.9014084,53.75,2.557,2050,ssp585
-1.9014084,63.75,2.531,2050,ssp585
-1.9014084,73.75,2.457,2050,ssp585
-1.9014084,83.75,2.38,2050,ssp585
-1.9014084,93.75,2.379,2050,ssp585
-1.9014084,103.75,2.375,2050,ssp585
-1.9014084,113.75,2.402,2050,ssp585
-1.9014084,123.75,2.51,2050,ssp585
-1.9014084,133.75,2.471,2050,ssp585
-1.9014084,143.75,2.306,2050,ssp585
-1.9014084,153.75,2.167,2050,ssp585
-1.9014084,163.75,2.109,2050,ssp585
-1.9014084,173.75,2.141,2050,ssp585
-1.9014084,183.75,2.156,2050,ssp585
-1.9014084,193.75,2.06,2050,ssp585
-1.9014084,203.75,2.027,2050,ssp585
-1.9014084,213.75,2.063,2050,ssp585
-1.9014084,223.75,2.107,2050,ssp585
-1.9014084,233.75,2.201,2050,ssp585
-1.9014084,243.75,2.369,2050,ssp585
-1.9014084,253.75,2.406,2050,ssp585
-1.9014084,263.75,2.412,2050,ssp585
-1.9014084,273.75,2.438,2050,ssp585
-1.9014084,283.75,2.857,2050,ssp585
-1.9014084,293.75,3.192,2050,ssp585
-1.9014084,303.75,3.332,2050,ssp585
-1.9014084,313.75,2.613,2050,ssp585
-1.9014084,323.75,2.152,2050,ssp585
-1.9014084,333.75,2.17,2050,ssp585
-1.9014084,343.75,2.263,2050,ssp585
-1.9014084,353.75,2.455,2050,ssp585
3.169014,3.75,2.154,2050,ssp585
3.169014,13.75,2.936,2050,ssp585
3.169014,23.75,3.403,2050,ssp585
3.169014,33.75,2.96,2050,ssp585
3.169014,43.75,2.747,2050,ssp585
3.169014,53.75,2.57,2050,ssp585
3.169014,63.75,2.499,2050,ssp585
3.169014,73.75,2.393,2050,ssp585
3.169014,83.75,2.35,2050,ssp585
3.169014,93.75,2.343,2050,ssp585
3.169014,103.75,2.27,2050,ssp585
3.169014,113.75,2.385,2050,ssp585
3.169014,123.75,2.362,2050,ssp585
3.169014,133.75,2.221,2050,ssp585
3.169014,143.75,2.223,2050,ssp585
3.169014,153.75,2.242,2050,ssp585
3.169014,163.75,2.24,2050,ssp585
3.169014,173.75,2.181,2050,ssp585
3.169014,183.75,2.151,2050,ssp585
3.169014,193.75,2.128,2050,ssp585
3.169014,203.75,2.138,2050,ssp585
3.169014,213.75,2.158,2050,ssp585
3.169014,223.75,2.214,2050,ssp585
3.169014,233.75,2.336,2050,ssp585
3.169014,243.75,2.421,2050,ssp585
3.169014,253.75,2.396,2050,ssp585
3.169014,263.75,2.337,2050,ssp585
3.169014,273.75,2.28,2050,ssp585
3.169014,283.75,2.598,2050,ssp585
3.169014,293.75,3.132,2050,ssp585
3.169014,303.75,2.793,2050,ssp585
3.169014,313.75,1.984,2050,ssp585
3.169014,323.75,1.926,2050,ssp585
3.169014,333.75,2.037,2050,ssp585
3.169014,343.75,2.0,2050,ssp585
3.169014,353.75,2.157,2050,ssp585
8.239437,3.75,3.017,2050,ssp585
8.239437,13.75,2.945,2050,ssp585
8.239437,23.75,3.018,2050,ssp585
8.239437,33.75,3.029,2050,ssp585
8.239437,43.75,2.694,2050,ssp585
8.239437,53.75,2.559,2050,ssp585
8.239437,63.75,2.415,2050,ssp585
8.239437,73.75,2.379,2050,ssp585
8.239437,83.75,2.202,2050,ssp585
8.239437,93.75,2.183,2050,ssp585
8.239437,103.75,2.086,2050,ssp585
8.239437,113.75,2.131,2050,ssp585
8.239437,123.75,2.298,2050,ssp585
8.239437,133.75,2.331,2050,ssp585
8.239437,143.75,2.422,2050,ssp585
8.239437,153.75,2.441,2050,ssp585
8.239437,163.75,2.459,2050,ssp585
8.239437,173.75,2.463,2050,ssp585
8.239437,183.75,2.486,2050,ssp585
8.239437,193.75,2.47,2050,ssp585
8.239437,203.75,2.408,2050,ssp585
8.239437,213.75,2.404,2050,ssp585
8.239437,223.75,2.343,2050,ssp585
8.239437,233.75,2.294,2050,ssp585
8.239437,243.75,2.242,2050,ssp585
8.239437,253.75,2.118,2050,ssp585
8.239437,263.75,2.047,2050,ssp585
8.239437,273.75,2.315,2050,ssp585
8.239437,283.75,2.438,2050,ssp585
8.239437,293.75,2.85,2050,ssp585
8.239437,303.75,2.055,2050,ssp585
8.239437,313.75,1.804,2050,ssp585
8.239437,323.75,1.559,2050,ssp585
8.239437,333.75,1.559,2050,ssp585
8.239437,343.75,1.589,2050,ssp585
8.239437,353.75,3.124,2050,ssp585
13.309858,3.75,3.351,2050,ssp585
13.309858,13.75,3.22,2050,ssp585
13.309858,23.75,2.871,2050,ssp585
13.309858,33.75,2.728,2050,ssp585
13.309858,43.75,2.57,2050,ssp585
13.309858,53.75,2.509,2050,ssp585
13.309858,63.75,2.453,2050,ssp585
13.309858,73.75,2.452,2050,ssp585
13.309858,83.75,2.09,2050,ssp585
13.309858,93.75,2.213,2050,ssp585
13.309858,103.75,2.235,2050,ssp585
13.309858,113.75,1.925,2050,ssp585
13.309858,123.75,2.045,2050,ssp585
13.309858,133.75,2.215,2050,ssp585
13.309858,143.75,2.357,2050,ssp585
13.309858,153.75,2.44,2050,ssp585
13.309858,163.75,2.535,2050,ssp585
13.309858,173.75,2.607,2050,ssp585
13.309858,183.75,2.738,2050,ssp585
13.309858,193.75,2.851,2050,ssp585
13.309858,203.75,2.824,2050,ssp585
13.309858,213.75,2.853,2050,ssp585
13.309858,223.75,2.812,2050,ssp585
13.309858,233.75,2.745,2050,ssp585
13.309858,243.75,2.664,2050,ssp585
13.309858,253.75,2.594,2050,ssp585
13.309858,263.75,2.434,2050,ssp585
13.309858,273.75,2.463,2050,ssp585
13.309858,283.75,1.924,2050,ssp585
13.309858,293.75,1.85,2050,ssp585
13.309858,303.75,1.781,2050,ssp585
13.309858,313.75,1.539,2050,ssp585
13.309858,323.75,1.317,2050,ssp585
13.309858,333.75,1.21,2050,ssp585
13.309858,343.75,2.062,2050,ssp585
13.309858,353.75,3.785,2050,ssp585
18.380281,3.75,3.991,2050,ssp585
18.380281,13.75,4.125,2050,ssp585
18.380281,23.75,4.033,2050,ssp585
18.380281,33.75,3.632,2050,ssp585
18.380281,43.75,3.034,2050,ssp585
18.380281,53.75,3.006,2050,ssp585
18.380281,63.75,2.365,2050,ssp585
18.380281,73.75,2.622,2050,ssp585
18.380281,83.75,2.418,2050,ssp585
18.380281,93.75,2.397,2050,ssp585
18.380281,103.75,1.907,2050,ssp585
18.380281,113.75,1.768,2050,ssp585
18.380281,123.75,1.748,2050,ssp585
18.380281,133.75,1.925,2050,ssp585
18.380281,143.75,2.086,2050,ssp585
18.380281,153.75,2.173,2050,ssp585
18.380281,163.75,2.304,2050,ssp585
18.380281,173.75,2.481,2050,ssp585
18.380281,183.75,2.66,2050,ssp585
18.380281,193.75,2.896,2050,ssp585
18.380281,203.75,3.059,2050,ssp585
18.380281,213.75,3.145,2050,ssp585
18.380281,223.75,3.387,2050,ssp585
18.380281,233.75,3.455,2050,ssp585
18.380281,243.75,3.107,2050,ssp585
18.380281,253.75,2.83,2050,ssp585
18.380281,263.75,2.415,2050,ssp585
18.380281,273.75,2.234,2050,ssp585
18.380281,283.75,2.282,2050,ssp585
18.380281,293.75,1.897,2050,ssp585
18.380281,303.75,1.516,2050,ssp585
18.380281,313.75,1.177,2050,ssp585
18.380281,323.75,1.1,2050,ssp585
18.380281,333.75,1.085,2050,ssp585
18.380281,343.75,1.932,2050,ssp585
18.380281,353.75,4.232,2050,ssp585
23.450703,3.75,4.298,2050,ssp585
23.450703,13.75,4.049,2050,ssp585
23.450703,23.75,4.002,2050,ssp585
23.450703,33.75,3.98,2050,ssp585
23.450703,43.75,4.018,2050,ssp585
23.450703,53.75,3.542,2050,ssp585
23.450703,63.75,2.802,2050,ssp585
23.450703,73.75,3.302,2050,ssp585
23.450703,83.75,2.973,2050,ssp585
23.450703,93.75,2.512,2050,ssp585
23.450703,103.75,1.939,2050,ssp585
23.450703,113.75,2.194,2050,ssp585
23.450703,123.75,1.834,2050,ssp585
23.450703,133.75,2.192,2050,ssp585
23.450703,143.75,2.224,2050,ssp585
23.450703,153.75,2.132,2050,ssp585
23.450703,163.75,2.035,2050,ssp585
23.450703,173.75,2.139,2050,ssp585
23.450703,183.75,2.345,2050,ssp585
23.450703,193.75,2.643,2050,ssp585
23.450703,203.75,3.018,2050,ssp585
23.450703,213.75,3.126,2050,ssp585
23.450703,223.75,3.058,2050,ssp585
23.450703,233.75,3.297,2050,ssp585
23.450703,243.75,3.01,2050,ssp585
23.450703,253.75,3.054,2050,ssp585
23.450703,263.75,2.486,2050,ssp585
23.450703,273.75,2.367,2050,ssp585
23.450703,283.75,2.559,2050,ssp585
23.450703,293.75,2.431,2050,ssp585
23.450703,303.75,2.162,2050,ssp585
23.450703,313.75,1.749,2050,ssp585
23.450703,323.75,1.362,2050,ssp585
23.450703,333.75,1.092,2050,ssp585
23.450703,343.75,1.301,2050,ssp585
23.450703,353.75,3.637,2050,ssp585
28.521126,3.75,3.882,2050,ssp585
28.521126,13.75,3.829,2050,ssp585
28.521126,23.75,3.649,2050,ssp585
28.521126,33.75,3.924,2050,ssp585
28.521126,43.75,4.419,2050,ssp585
28.521126,53.75,4.1,2050,ssp585
28.521126,63.75,4.184,2050,ssp585
28.521126,73.75,3.83,2050,ssp585
28.521126,83.75,3.033,2050,ssp585
28.521126,93.75,3.13,2050,ssp585
28.521126,103.75,3.104,2050,ssp585
28.521126,113.75,3.604,2050,ssp585
28.521126,123.75,2.777,2050,ssp585
28.521126,133.75,2.473,2050,ssp585
28.521126,143.75,2.659,2050,ssp585
28.521126,153.75,2.58,2050,ssp585
28.521126,163.75,2.38,2050,ssp585
28.521126,173.75,2.083,2050,ssp585
28.521126,183.75,2.015,2050,ssp585
28.521126,193.75,2.252,2050,ssp585
28.521126,203.75,2.74,2050,ssp585
28.521126,213.75,3.17,2050,ssp585
28.521126,223.75,2.897,2050,ssp585
28.521126,233.75,2.725,2050,ssp585
28.521126,243.75,3.003,2050,ssp585
28.521126,253.75,4.21,2050,ssp585
28.521126,263.75,3.794,2050,ssp585
28.521126,273.75,3.219,2050,ssp585
28.521126,283.75,2.884,2050,ssp585
28.521126,293.75,2.876,2050,ssp585
28.521126,303.75,2.822,2050,ssp585
28.521126,313.75,2.4,2050,ssp585
28.521126,323.75,1.856,2050,ssp585
28.521126,333.75,1.331,2050,ssp585
28.521126,343.75,1.192,2050,ssp585
28.521126,353.75,2.679,2050,ssp585
33.591553,3.75,3.392,2050,ssp585
33.591553,13.75,2.93,2050,ssp585
33.591553,23.75,2.554,2050,ssp585
33.591553,33.75,2.854,2050,ssp585
33.591553,43.75,4.517,2050,ssp585
33.591553,53.75,4.709,2050,ssp585
33.591553,63.75,4.796,2050,ssp585
33.591553,73.75,4.286,2050,ssp585
33.591553,83.75,4.47,2050,ssp585
33.591553,93.75,3.644,2050,ssp585
33.591553,103.75,4.078,2050,ssp585
33.591553,113.75,4.437,2050,ssp585
33.591553,123.75,3.951,2050,ssp585
33.591553,133.75,3.316,2050,ssp585
33.591553,143.75,3.037,2050,ssp585
33.591553,153.75,2.955,2050,ssp585
33.591553,163.75,2.97,2050,ssp585
33.591553,173.75,2.623,2050,ssp585
33.591553,183.75,2.21,2050,ssp585
33.591553,193.75,2.29,2050,ssp585
33.591553,203.75,2.449,2050,ssp585
33.591553,213.75,3.031,2050,ssp585
33.591553,223.75,2.91,2050,ssp585
33.591553,233.75,2.485,2050,ssp585
33.591553,243.75,3.975,2050,ssp585
33.591553,253.75,5.012,2050,ssp585
33.591553,263.75,5.29,2050,ssp585
33.591553,273.75,4.698,2050,ssp585
33.591553,283.75,3.938,2050,ssp585
33.591553,293.75,2.964,2050,ssp585
33.591553,303.75,2.888,2050,ssp585
33.591553,313.75,2.744,2050,ssp585
33.591553,323.75,2.098,2050,ssp585
33.591553,333.75,1.668,2050,ssp585
33.591553,343.75,1.255,2050,ssp585
33.591553,353.75,2.3,2050,ssp585
38.661972,3.75,2.398,2050,ssp585
38.661972,13.75,2.849,2050,ssp585
38.661972,23.75,2.868,2050,ssp585
38.661972,33.75,3.6,2050,ssp585
38.661972,43.75,3.942,2050,ssp585
38.661972,53.75,3.774,2050,ssp585
38.661972,63.75,4.508,2050,ssp585
38.661972,73.75,4.706,2050,ssp585
38.661972,83.75,4.602,2050,ssp585
38.661972,93.75,4.644,2050,ssp585
38.661972,103.75,4.809,2050,ssp585
38.661972,113.75,5.007,2050,ssp585
38.661972,123.75,4.923,2050,ssp585
38.661972,133.75,4.52,2050,ssp585
38.661972,143.75,4.059,2050,ssp585
38.661972,153.75,3.738,2050,ssp585
38.661972,163.75,3.324,2050,ssp585
38.661972,173.75,3.15,2050,ssp585
38.661972,183.75,2.898,2050,ssp585
38.661972,193.75,2.832,2050,ssp585
38.661972,203.75,2.955,2050,ssp585
38.661972,213.75,2.974,2050,ssp585
38.661972,223.75,2.978,2050,ssp585
38.661972,233.75,2.533,2050,ssp585
38.661972,243.75,4.616,2050,ssp585
38.661972,253.75,4.608,2050,ssp585
38.661972,263.75,5.626,2050,ssp585
38.661972,273.75,5.343,2050,ssp585
38.661972,283.75,4.912,2050,ssp585
38.661972,293.75,3.645,2050,ssp585
38.661972,303.75,3.485,2050,ssp585
38.661972,313.75,3.427,2050,ssp585
38.661972,323.75,2.603,2050,ssp585
38.661972,333.75,2.158,2050,ssp585
38.661972,343.75,1.676,2050,ssp585
38.661972,353.75,2.406,2050,ssp585
43.732395,3.75,3.106,2050,ssp585
43.732395,13.75,3.274,2050,ssp585
43.732395,23.75,3.517,2050,ssp585
43.732395,33.75,2.759,2050,ssp585
43.732395,43.75,3.41,2050,ssp585
43.732395,53.75,4.252,2050,ssp585
43.732395,63.75,4.989,2050,ssp585
43.732395,73.75,5.136,2050,ssp585
43.732395,83.75,5.295,2050,ssp585
43.732395,93.75,5.822,2050,ssp585
43.732395,103.75,5.766,2050,ssp585
43.732395,113.75,5.652,2050,ssp585
43.732395,123.75,5.831,2050,ssp585
43.732395,133.75,5.704,2050,ssp585
43.732395,143.75,5.091,2050,ssp585
43.732395,153.75,4.361,2050,ssp585
43.732395,163.75,3.841,2050,ssp585
43.732395,173.75,3.527,2050,ssp585
43.732395,183.75,3.343,2050,ssp585
43.732395,193.75,3.165,2050,ssp585
43.732395,203.75,3.388,2050,ssp585
43.732395,213.75,3.29,2050,ssp585
43.732395,223.75,3.024,2050,ssp585
43.732395,233.75,2.626,2050,ssp585
43.732395,243.75,4.395,2050,ssp585
43.732395,253.75,4.729,2050,ssp585
43.732395,263.75,5.798,2050,ssp585
43.732395,273.75,5.097,2050,ssp585
43.732395,283.75,5.21,2050,ssp585
43.732395,293.75,4.201,2050,ssp585
43.732395,303.75,3.379,2050,ssp585
43.732395,313.75,3.425,2050,ssp585
43.732395,323.75,3.123,2050,ssp585
43.732395,333.75,2.468,2050,ssp585
43.732395,343.75,1.977,2050,ssp585
43.732395,353.75,2.412,2050,ssp585
48.802814,3.75,3.714,2050,ssp585
48.802814,13.75,4.01,2050,ssp585
48.802814,23.75,3.815,2050,ssp585
48.802814,33.75,3.651,2050,ssp585
48.802814,43.75,4.139,2050,ssp585
48.802814,53.75,5.232,2050,ssp585
48.802814,63.75,5.969,2050,ssp585
48.802814,73.75,5.932,2050,ssp585
48.802814,83.75,6.061,2050,ssp585
48.802814,93.75,6.17,2050,ssp585
48.802814,103.75,6.257,2050,ssp585
48.802814,113.75,6.453,2050,ssp585
48.802814,123.75,6.392,2050,ssp585
48.802814,133.75,6.723,2050,ssp585
48.802814,143.75,6.05,2050,ssp585
48.802814,153.75,4.584,2050,ssp585
48.802814,163.75,3.917,2050,ssp585
48.802814,173.75,3.414,2050,ssp585
48.802814,183.75,3.391,2050,ssp585
48.802814,193.75,3.278,2050,ssp585
48.802814,203.75,3.114,2050,ssp585
48.802814,213.75,3.076,2050,ssp585
48.802814,223.75,2.816,2050,ssp585
48.802814,233.75,3.075,2050,ssp585
48.802814,243.75,4.193,2050,ssp585
48.802814,253.75,5.034,2050,ssp585
48.802814,263.75,5.733,2050,ssp585
48.802814,273.75,5.723,2050,ssp585
48.802814,283.75,5.765,2050,ssp585
48.802814,293.75,4.548,2050,ssp585
48.802814,303.75,3.587,2050,ssp585
48.802814,313.75,2.867,2050,ssp585
48.802814,323.75,2.742,2050,ssp585
48.802814,333.75,2.194,2050,ssp585
48.802814,343.75,2.064,2050,ssp585
48.802814,353.75,2.609,2050,ssp585
53.87324,3.75,3.337,2050,ssp585
53.87324,13.75,4.235,2050,ssp585
53.87324,23.75,4.434,2050,ssp585
53.87324,33.75,4.631,2050,ssp585
53.87324,43.75,5.236,2050,ssp585
53.87324,53.75,5.75,2050,ssp585
53.87324,63.75,6.178,2050,ssp585
53.87324,73.75,6.778,2050,ssp585
53.87324,83.75,6.874,2050,ssp585
53.87324,93.75,6.683,2050,ssp585
53.87324,103.75,6.953,2050,ssp585
53.87324,113.75,7.101,2050,ssp585
53.87324,123.75,6.93,2050,ssp585
53.87324,133.75,7.165,2050,ssp585
53.87324,143.75,7.062,2050,ssp585
53.87324,153.75,4.768,2050,ssp585
53.87324,163.75,4.024,2050,ssp585
53.87324,173.75,3.519,2050,ssp585
53.87324,183.75,3.821,2050,ssp585
53.87324,193.75,3.515,2050,ssp585
53.87324,203.75,2.744,2050,ssp585
53.87324,213.75,2.443,2050,ssp585
53.87324,223.75,2.431,2050,ssp585
53.87324,233.75,3.69,2050,ssp585
53.87324,243.75,4.063,2050,ssp585
53.87324,253.75,4.841,2050,ssp585
53.87324,263.75,5.536,2050,ssp585
53.87324,273.75,6.202,2050,ssp585
53.87324,283.75,5.247,2050,ssp585
53.87324,293.75,4.442,2050,ssp585
53.87324,303.75,3.35,2050,ssp585
53.87324,313.75,2.771,2050,ssp585
53.87324,323.75,2.219,2050,ssp585
53.87324,333.75,1.528,2050,ssp585
53.87324,343.75,1.804,2050,ssp585
53.87324,353.75,2.956,2050,ssp585
58.943665,3.75,3.807,2050,ssp585
58.943665,13.75,5.214,2050,ssp585
58.943665,23.75,5.26,2050,ssp585
58.943665,33.75,5.763,2050,ssp585
58.943665,43.75,5.993,2050,ssp585
58.943665,53.75,6.359,2050,ssp585
58.943665,63.75,7.343,2050,ssp585
58.943665,73.75,7.632,2050,ssp585
58.943665,83.75,7.74,2050,ssp585
58.943665,93.75,7.68,2050,ssp585
58.943665,103.75,8.058,2050,ssp585
58.943665,113.75,7.82,2050,ssp585
58.943665,123.75,7.381,2050,ssp585
58.943665,133.75,7.002,2050,ssp585
58.943665,143.75,5.922,2050,ssp585
58.943665,153.75,5.107,2050,ssp585
58.943665,163.75,5.177,2050,ssp585
58.943665,173.75,5.42,2050,ssp585
58.943665,183.75,5.896,2050,ssp585
58.943665,193.75,5.059,2050,ssp585
58.943665,203.75,3.994,2050,ssp585
58.943665,213.75,2.211,2050,ssp585
58.943665,223.75,2.732,2050,ssp585
58.943665,233.75,3.425,2050,ssp585
58.943665,243.75,3.802,2050,ssp585
58.943665,253.75,4.033,2050,ssp585
58.943665,263.75,5.153,2050,ssp585
58.943665,273.75,6.513,2050,ssp585
58.943665,283.75,5.087,2050,ssp585
58.943665,293.75,4.445,2050,ssp585
58.943665,303.75,3.115,2050,ssp585
58.943665,313.75,2.187,2050,ssp585
58.943665,323.75,1.766,2050,ssp585
58.943665,333.75,1.322,2050,ssp585
58.943665,343.75,1.694,2050,ssp585
58.943665,353.75,2.683,2050,ssp585
64.014084,3.75,3.559,2050,ssp585
64.014084,13.75,5.587,2050,ssp585
64.014084,23.75,6.111,2050,ssp585
64.014084,33.75,6.142,2050,ssp585
64.014084,43.75,6.302,2050,ssp585
64.014084,53.75,7.007,2050,ssp585
64.014084,63.75,8.071,2050,ssp585
64.014084,73.75,8.328,2050,ssp585
64.014084,83.75,8.201,2050,ssp585
64.014084,93.75,8.199,2050,ssp585
64.014084,103.75,8.138,2050,ssp585
64.014084,113.75,7.576,2050,ssp585
64.014084,123.75,7.435,2050,ssp585
64.014084,133.75,6.579,2050,ssp585
64.014084,143.75,5.513,2050,ssp585
64.014084,153.75,5.883,2050,ssp585
64.014084,163.75,6.213,2050,ssp585
64.014084,173.75,6.963,2050,ssp585
64.014084,183.75,7.234,2050,ssp585
64.014084,193.75,5.965,2050,ssp585
64.014084,203.75,4.303,2050,ssp585
64.014084,213.75,3.012,2050,ssp585
64.014084,223.75,2.663,2050,ssp585
64.014084,233.75,2.989,2050,ssp585
64.014084,243.75,3.713,2050,ssp585
64.014084,253.75,4.756,2050,ssp585
64.014084,263.75,5.524,2050,ssp585
64.014084,273.75,5.092,2050,ssp585
64.014084,283.75,4.772,2050,ssp585
64.014084,293.75,4.233,2050,ssp585
64.014084,303.75,3.742,2050,ssp585
64.014084,313.75,3.09,2050,ssp585
64.014084,323.75,3.315,2050,ssp585
64.014084,333.75,2.992,2050,ssp585
64.014084,343.75,3.468,2050,ssp585
64.014084,353.75,3.828,2050,ssp585
69.0845,3.75,3.227,2050,ssp585
69.0845,13.75,4.217,2050,ssp585
69.0845,23.75,5.753,2050,ssp585
69.0845,33.75,5.447,2050,ssp585
69.0845,43.75,6.652,2050,ssp585
69.0845,53.75,8.629,2050,ssp585
69.0845,63.75,8.934,2050,ssp585
69.0845,73.75,8.672,2050,ssp585
69.0845,83.75,8.448,2050,ssp585
69.0845,93.75,7.772,2050,ssp585
69.0845,103.75,7.416,2050,ssp585
69.0845,113.75,7.274,2050,ssp585
69.0845,123.75,7.289,2050,ssp585
69.0845,133.75,6.569,2050,ssp585
69.0845,143.75,6.606,2050,ssp585
69.0845,153.75,7.243,2050,ssp585
69.0845,163.75,7.803,2050,ssp585
69.0845,173.75,8.526,2050,ssp585
69.0845,183.75,9.351,2050,ssp585
69.0845,193.75,7.726,2050,ssp585
69.0845,203.75,5.916,2050,ssp585
69.0845,213.75,5.05,2050,ssp585
69.0845,223.75,5.039,2050,ssp585
69.0845,233.75,4.52,2050,ssp585
69.0845,243.75,5.02,2050,ssp585
69.0845,253.75,6.655,2050,ssp585
69.0845,263.75,7.447,2050,ssp585
69.0845,273.75,6.529,2050,ssp585
69.0845,283.75,4.819,2050,ssp585
69.0845,293.75,5.447,2050,ssp585
69.0845,303.75,5.369,2050,ssp585
69.0845,313.75,4.003,2050,ssp585
69.0845,323.75,4.517,2050,ssp585
69.0845,333.75,5.326,2050,ssp585
69.0845,343.75,5.761,2050,ssp585
69.0845,353.75,3.585,2050,ssp585
74.15493,3.75,4.739,2050,ssp585
74.15493,13.75,5.537,2050,ssp585
74.15493,23.75,6.232,2050,ssp585
74.15493,33.75,6.329,2050,ssp585
74.15493,43.75,7.492,2050,ssp585
74.15493,53.75,9.651,2050,ssp585
74.15493,63.75,10.855,2050,ssp585
74.15493,73.75,9.816,2050,ssp585
74.15493,83.75,8.694,2050,ssp585
74.15493,93.75,8.525,2050,ssp585
74.15493,103.75,8.791,2050,ssp585
74.15493,113.75,8.786,2050,ssp585
74.15493,123.75,8.981,2050,ssp585
74.15493,133.75,9.01,2050,ssp585
74.15493,143.75,9.486,2050,ssp585
74.15493,153.75,10.635,2050,ssp585
74.15493,163.75,11.368,2050,ssp585
74.15493,173.75,11.901,2050,ssp585
74.15493,183.75,11.668,2050,ssp585
74.15493,193.75,11.15,2050,ssp585
74.15493,203.75,10.446,2050,ssp585
74.15493,213.75,9.646,2050,ssp585
74.15493,223.75,8.862,2050,ssp585
74.15493,233.75,7.561,2050,ssp585
74.15493,243.75,7.728,2050,ssp585
74.15493,253.75,8.501,2050,ssp585
74.15493,263.75,7.693,2050,ssp585
74.15493,273.75,6.328,2050,ssp585
74.15493,283.75,6.86,2050,ssp585
74.15493,293.75,7.028,2050,ssp585
74.15493,303.75,4.27,2050,ssp585
74.15493,313.75,4.275,2050,ssp585
74.15493,323.75,4.4,2050,ssp585
74.15493,333.75,4.73,2050,ssp585
74.15493,343.75,8.995,2050,ssp585
74.15493,353.75,6.661,2050,ssp585
79.22536,3.75,10.423,2050,ssp585
79.22536,13.75,10.456,2050,ssp585
79.22536,23.75,11.61,2050,ssp585
79.22536,33.75,12.632,2050,ssp585
79.22536,43.75,12.912,2050,ssp585
79.22536,53.75,13.699,2050,ssp585
79.22536,63.75,14.461,2050,ssp585
79.22536,73.75,14.303,2050,ssp585
79.22536,83.75,13.107,2050,ssp585
79.22536,93.75,11.663,2050,ssp585
79.22536,103.75,11.677,2050,ssp585
79.22536,113.75,12.044,2050,ssp585
79.22536,123.75,11.91,2050,ssp585
79.22536,133.75,11.706,2050,ssp585
79.22536,143.75,12.069,2050,ssp585
79.22536,153.75,12.495,2050,ssp585
79.22536,163.75,12.596,2050,ssp585
79.22536,173.75,12.681,2050,ssp585
79.22536,183.75,12.566,2050,ssp585
79.22536,193.75,12.282,2050,ssp585
79.22536,203.75,11.693,2050,ssp585
79.22536,213.75,10.964,2050,ssp585
79.22536,223.75,10.387,2050,ssp585
79.22536,233.75,9.868,2050,ssp585
79.22536,243.75,9.195,2050,ssp585
79.22536,253.75,8.717,2050,ssp585
79.22536,263.75,7.406,2050,ssp585
79.22536,273.75,5.084,2050,ssp585
79.22536,283.75,5.366,2050,ssp585
79.22536,293.75,4.336,2050,ssp585
79.22536,303.75,3.313,2050,ssp585
79.22536,313.75,3.864,2050,ssp585
79.22536,323.75,4.135,2050,ssp585
79.22536,333.75,5.128,2050,ssp585
79.22536,343.75,8.628,2050,ssp585
79.22536,353.75,10.38,2050,ssp585
84.29578,3.75,11.308,2050,ssp585
84.29578,13.75,12.039,2050,ssp585
84.29578,23.75,12.633,2050,ssp585
84.29578,33.75,13.077,2050,ssp585
84.29578,43.75,13.404,2050,ssp585
84.29578,53.75,13.853,2050,ssp585
84.29578,63.75,14.395,2050,ssp585
84.29578,73.75,14.872,2050,ssp585
84.29578,83.75,14.825,2050,ssp585
84.29578,93.75,14.384,2050,ssp585
84.29578,103.75,13.744,2050,ssp585
84.29578,113.75,13.211,2050,ssp585
84.29578,123.75,12.975,2050,ssp585
84.29578,133.75,12.92,2050,ssp585
84.29578,143.75,12.906,2050,ssp585
84.29578,153.75,12.895,2050,ssp585
84.29578,163.75,12.89,2050,ssp585
84.29578,173.75,12.893,2050,ssp585
84.29578,183.75,12.82,2050,ssp585
84.29578,193.75,12.666,2050,ssp585
84.29578,203.75,12.453,2050,ssp585
84.29578,213.75,12.097,2050,ssp585
84.29578,223.75,11.707,2050,ssp585
84.29578,233.75,11.331,2050,ssp585
84.29578,243.75,10.951,2050,ssp585
84.29578,253.75,10.592,2050,ssp585
84.29578,263.75,10.118,2050,ssp585
84.29578,273.75,9.225,2050,ssp585
84.29578,283.75,8.592,2050,ssp585
84.29578,293.75,8.987,2050,ssp585
84.29578,303.75,9.182,2050,ssp585
84.29578,313.75,8.528,2050,ssp585
84.29578,323.75,8.078,2050,ssp585
84.29578,333.75,9.037,2050,ssp585
84.29578,343.75,10.13,2050,ssp585
84.29578,353.75,10.693,2050,ssp585
-88.09859,3.75,4.699,2070,ssp585
-88.09859,13.75,4.749,2070,ssp585
-88.09859,23.75,4.772,2070,ssp585
-88.09859,33.75,4.784,2070,ssp585
-88.09859,43.75,4.751,2070,ssp585
-88.09859,53.75,4.755,2070,ssp585
-88.09859,63.75,4.701,2070,ssp585
-88.09859,73.75,4.706,2070,ssp585
-88.09859,83.75,4.623,2070,ssp585
-88.09859,93.75,4.507,2070,ssp585
-88.09859,103.75,4.447,2070,ssp585
-88.09859,113.75,4.392,2070,ssp585
-88.09859,123.75,4.352,2070,ssp585
-88.09859,133.75,4.287,2070,ssp585
-88.09859,143.75,4.227,2070,ssp585
-88.09859,153.75,4.189,2070,ssp585
-88.09859,163.75,4.226,2070,ssp585
-88.09859,173.75,4.16,2070,ssp585
-88.09859,183.75,4.228,2070,ssp585
-88.09859,193.75,4.242,2070,ssp585
-88.09859,203.75,4.209,2070,ssp585
-88.09859,213.75,4.152,2070,ssp585
-88.09859,223.75,4.223,2070,ssp585
-88.09859,233.75,4.356,2070,ssp585
-88.09859,243.75,4.414,2070,ssp585
-88.09859,253.75,4.487,2070,ssp585
-88.09859,263.75,4.441,2070,ssp585
-88.09859,273.75,4.34,2070,ssp585
-88.09859,283.75,4.258,2070,ssp585
-88.09859,293.75,4.278,2070,ssp585
-88.09859,303.75,4.32,2070,ssp585
-88.09859,313.75,4.317,2070,ssp585
-88.09859,323.75,4.359,2070,ssp585
-88.09859,333.75,4.426,2070,ssp585
-88.09859,343.75,4.517,2070,ssp585
-88.09859,353.75,4.617,2070,ssp585
-83.02817,3.75,5.509,2070,ssp585
-83.02817,13.75,5.808,2070,ssp585
-83.02817,23.75,5.835,2070,ssp585
-83.02817,33.75,5.74,2070,ssp585
-83.02817,43.75,5.679,2070,ssp585
-83.02817,53.75,5.636,2070,ssp585
-83.02817,63.75,5.453,2070,ssp585
-83.02817,73.75,5.282,2070,ssp585
-83.02817,83.75,5.135,2070,ssp585
-83.02817,93.75,4.866,2070,ssp585
-83.02817,103.75,4.529,2070,ssp585
-83.02817,113.75,4.379,2070,ssp585
-83.02817,123.75,4.402,2070,ssp585
-83.02817,133.75,4.428,2070,ssp585
-83.02817,143.75,4.53,2070,ssp585
-83.02817,153.75,4.653,2070,ssp585
-83.02817,163.75,5.005,2070,ssp585
-83.02817,173.75,5.537,2070,ssp585
-83.02817,183.75,6.022,2070,ssp585
-83.02817,193.75,6.382,2070,ssp585
-83.02817,203.75,6.797,2070,ssp585
-83.02817,213.75,6.592,2070,ssp585
-83.02817,223.75,6.138,2070,ssp585
-83.02817,233.75,5.866,2070,ssp585
-83.02817,243.75,5.809,2070,ssp585
-83.02817,253.75,5.989,2070,ssp585
-83.02817,263.75,5.567,2070,ssp585
-83.02817,273.75,4.589,2070,ssp585
-83.02817,283.75,3.888,2070,ssp585
-83.02817,293.75,3.77,2070,ssp585
-83.02817,303.75,3.659,2070,ssp585
-83.02817,313.75,3.631,2070,ssp585
-83.02817,323.75,3.765,2070,ssp585
-83.02817,333.75,4.282,2070,ssp585
-83.02817,343.75,4.659,2070,ssp585
-83.02817,353.75,5.138,2070,ssp585
-77.95775,3.75,5.487,2070,ssp585
-77.95775,13.75,5.326,2070,ssp585
-77.95775,23.75,5.333,2070,ssp585
-77.95775,33.75,5.497,2070,ssp585
-77.95775,43.75,5.521,2070,ssp585
-77.95775,53.75,5.407,2070,ssp585
-77.95775,63.75,5.113,2070,ssp585
-77.95775,73.75,5.113,2070,ssp585
-77.95775,83.75,5.197,2070,ssp585
-77.95775,93.75,4.832,2070,ssp585
-77.95775,103.75,4.658,2070,ssp585
-77.95775,113.75,4.47,2070,ssp585
-77.95775,123.75,4.289,2070,ssp585
-77.95775,133.75,4.283,2070,ssp585
-77.95775,143.75,4.618,2070,ssp585
-77.95775,153.75,4.961,2070,ssp585
-77.95775,163.75,5.172,2070,ssp585
-77.95775,173.75,6.025,2070,ssp585
-77.95775,183.75,6.684,2070,ssp585
-77.95775,193.75,7.025,2070,ssp585
-77.95775,203.75,6.967,2070,ssp585
-77.95775,213.75,6.37,2070,ssp585
-77.95775,223.75,6.172,2070,ssp585
-77.95775,233.75,6.284,2070,ssp585
-77.95775,243.75,6.486,2070,ssp585
-77.95775,253.75,6.235,2070,ssp585
-77.95775,263.75,5.857,2070,ssp585
-77.95775,273.75,5.201,2070,ssp585
-77.95775,283.75,4.681,2070,ssp585
-77.95775,293.75,4.539,2070,ssp585
-77.95775,303.75,4.304,2070,ssp585
-77.95775,313.75,4.406,2070,ssp585
-77.95775,323.75,4.19,2070,ssp585
-77.95775,333.75,3.713,2070,ssp585
-77.95775,343.75,4.466,2070,ssp585
-77.95775,353.75,5.234,2070,ssp585
-72.88733,3.75,4.839,2070,ssp585
-72.88733,13.75,4.717,2070,ssp585
-72.88733,23.75,4.606,2070,ssp585
-72.88733,33.75,4.633,2070,ssp585
-72.88733,43.75,5.03,2070,ssp585
-72.88733,53.75,4.935,2070,ssp585
-72.88733,63.75,4.447,2070,ssp585
-72.88733,73.75,4.261,2070,ssp585
-72.88733,83.75,4.388,2070,ssp585
-72.88733,93.75,4.468,2070,ssp585
-72.88733,103.75,5.039,2070,ssp585
-72.88733,113.75,5.239,2070,ssp585
-72.88733,123.75,4.69,2070,ssp585
-72.88733,133.75,3.968,2070,ssp585
-72.88733,143.75,4.102,2070,ssp585
-72.88733,153.75,4.319,2070,ssp585
-72.88733,163.75,4.02,2070,ssp585
-72.88733,173.75,3.716,2070,ssp585
-72.88733,183.75,3.73,2070,ssp585
-72.88733,193.75,4.647,2070,ssp585
-72.88733,203.75,5.551,2070,ssp585
-72.88733,213.75,6.287,2070,ssp585
-72.88733,223.75,6.833,2070,ssp585
-72.88733,233.75,7.335,2070,ssp585
-72.88733,243.75,7.604,2070,ssp585
-72.88733,253.75,7.786,2070,ssp585
-72.88733,263.75,7.267,2070,ssp585
-72.88733,273.75,6.146,2070,ssp585
-72.88733,283.75,5.676,2070,ssp585
-72.88733,293.75,5.156,2070,ssp585
-72.88733,303.75,5.599,2070,ssp585
-72.88733,313.75,5.642,2070,ssp585
-72.88733,323.75,5.609,2070,ssp585
-72.88733,333.75,5.401,2070,ssp585
-72.88733,343.75,4.321,2070,ssp585
-72.88733,353.75,4.354,2070,ssp585
-67.8169,3.75,5.345,2070,ssp585
-67.8169,13.75,5.596,2070,ssp585
-67.8169,23.75,6.296,2070,ssp585
-67.8169,33.75,6.096,2070,ssp585
-67.8169,43.75,4.888,2070,ssp585
-67.8169,53.75,4.278,2070,ssp585
-67.8169,63.75,4.194,2070,ssp585
-67.8169,73.75,4.771,2070,ssp585
-67.8169,83.75,3.903,2070,ssp585
-67.8169,93.75,4.037,2070,ssp585
-67.8169,103.75,4.631,2070,ssp585
-67.8169,113.75,4.922,2070,ssp585
-67.8169,123.75,4.646,2070,ssp585
-67.8169,133.75,4.068,2070,ssp585
-67.8169,143.75,3.638,2070,ssp585
-67.8169,153.75,3.742,2070,ssp585
-67.8169,163.75,3.169,2070,ssp585
-67.8169,173.75,2.75,2070,ssp585
-67.8169,183.75,2.655,2070,ssp585
-67.8169,193.75,2.84,2070,ssp585
-67.8169,203.75,2.969,2070,ssp585
-67.8169,213.75,3.792,2070,ssp585
-67.8169,223.75,4.876,2070,ssp585
-67.8169,233.75,5.961,2070,ssp585
-67.8169,243.75,7.072,2070,ssp585
-67.8169,253.75,7.708,2070,ssp585
-67.8169,263.75,8.175,2070,ssp585
-67.8169,273.75,7.875,2070,ssp585
-67.8169,283.75,7.331,2070,ssp585
-67.8169,293.75,5.904,2070,ssp585
-67.8169,303.75,6.484,2070,ssp585
-67.8169,313.75,6.325,2070,ssp585
-67.8169,323.75,5.721,2070,ssp585
-67.8169,333.75,4.969,2070,ssp585
-67.8169,343.75,4.169,2070,ssp585
-67.8169,353.75,4.52,2070,ssp585
-62.746475,3.75,3.792,2070,ssp585
-62.746475,13.75,4.624,2070,ssp585
-62.746475,23.75,5.496,2070,ssp585
-62.746475,33.75,5.531,2070,ssp585
-62.746475,43.75,5.46,2070,ssp585
-62.746475,53.75,5.286,2070,ssp585
-62.746475,63.75,5.115,2070,ssp585
-62.746475,73.75,4.108,2070,ssp585
-62.746475,83.75,3.851,2070,ssp585
-62.746475,93.75,4.754,2070,ssp585
-62.746475,103.75,5.562,2070,ssp585
-62.746475,113.75,6.424,2070,ssp585
-62.746475,123.75,5.827,2070,ssp585
-62.746475,133.75,4.823,2070,ssp585
-62.746475,143.75,4.563,2070,ssp585
-62.746475,153.75,3.676,2070,ssp585
-62.746475,163.75,2.695,2070,ssp585
-62.746475,173.75,2.302,2070,ssp585
-62.746475,183.75,1.531,2070,ssp585
-62.746475,193.75,1.206,2070,ssp585
-62.746475,203.75,1.307,2070,ssp585
-62.746475,213.75,1.919,2070,ssp585
-62.746475,223.75,2.22,2070,ssp585
-62.746475,233.75,2.618,2070,ssp585
-62.746475,243.75,3.317,2070,ssp585
-62.746475,253.75,3.874,2070,ssp585
-62.746475,263.75,4.413,2070,ssp585
-62.746475,273.75,4.917,2070,ssp585
-62.746475,283.75,5.354,2070,ssp585
-62.746475,293.75,5.138,2070,ssp585
-62.746475,303.75,5.125,2070,ssp585
-62.746475,313.75,5.059,2070,ssp585
-62.746475,323.75,4.782,2070,ssp585
-62.746475,333.75,4.092,2070,ssp585
-62.746475,343.75,3.047,2070,ssp585
-62.746475,353.75,2.916,2070,ssp585
-57.676056,3.75,2.499,2070,ssp585
-57.676056,13.75,2.855,2070,ssp585
-57.676056,23.75,3.245,2070,ssp585
-57.676056,33.75,3.436,2070,ssp585
-57.676056,43.75,3.534,2070,ssp585
-57.676056,53.75,3.455,2070,ssp585
-57.676056,63.75,3.283,2070,ssp585
-57.676056,73.75,3.2,2070,ssp585
-57.676056,83.75,2.952,2070,ssp585
-57.676056,93.75,3.257,2070,ssp585
-57.676056,103.75,3.173,2070,ssp585
-57.676056,113.75,3.033,2070,ssp585
-57.676056,123.75,2.992,2070,ssp585
-57.676056,133.75,2.939,2070,ssp585
-57.676056,143.75,3.09,2070,ssp585
-57.676056,153.75,3.281,2070,ssp585
-57.676056,163.75,2.826,2070,ssp585
-57.676056,173.75,2.26,2070,ssp585
-57.676056,183.75,1.796,2070,ssp585
-57.676056,193.75,1.222,2070,ssp585
-57.676056,203.75,0.791,2070,ssp585
-57.676056,213.75,1.016,2070,ssp585
-57.676056,223.75,1.336,2070,ssp585
-57.676056,233.75,1.752,2070,ssp585
-57.676056,243.75,2.128,2070,ssp585
-57.676056,253.75,2.478,2070,ssp585
-57.676056,263.75,2.818,2070,ssp585
-57.676056,273.75,2.947,2070,ssp585
-57.676056,283.75,2.869,2070,ssp585
-57.676056,293.75,3.026,2070,ssp585
-57.676056,303.75,3.566,2070,ssp585
-57.676056,313.75,3.406,2070,ssp585
-57.676056,323.75,3.333,2070,ssp585
-57.676056,333.75,3.018,2070,ssp585
-57.676056,343.75,2.517,2070,ssp585
-57.676056,353.75,2.356,2070,ssp585
-52.605633,3.75,2.225,2070,ssp585
-52.605633,13.75,2.186,2070,ssp585
-52.605633,23.75,2.332,2070,ssp585
-52.605633,33.75,2.49,2070,ssp585
-52.605633,43.75,2.651,2070,ssp585
-52.605633,53.75,2.668,2070,ssp585
-52.605633,63.75,2.614,2070,ssp585
-52.605633,73.75,2.514,2070,ssp585
-52.605633,83.75,2.292,2070,ssp585
-52.605633,93.75,2.308,2070,ssp585
-52.605633,103.75,2.333,2070,ssp585
-52.605633,113.75,2.365,2070,ssp585
-52.605633,123.75,2.322,2070,ssp585
-52.605633,133.75,2.265,2070,ssp585
-52.605633,143.75,2.409,2070,ssp585
-52.605633,153.75,2.521,2070,ssp585
-52.605633,163.75,2.404,2070,ssp585
-52.605633,173.75,2.311,2070,ssp585
-52.605633,183.75,2.177,2070,ssp585
-52.605633,193.75,1.816,2070,ssp585
-52.605633,203.75,1.436,2070,ssp585
-52.605633,213.75,1.659,2070,ssp585
-52.605633,223.75,1.683,2070,ssp585
-52.605633,233.75,1.898,2070,ssp585
-52.605633,243.75,2.036,2070,ssp585
-52.605633,253.75,2.12,2070,ssp585
-52.605633,263.75,2.291,2070,ssp585
-52.605633,273.75,2.315,2070,ssp585
-52.605633,283.75,2.146,2070,ssp585
-52.605633,293.75,2.36,2070,ssp585
-52.605633,303.75,2.302,2070,ssp585
-52.605633,313.75,2.524,2070,ssp585
-52.605633,323.75,2.617,2070,ssp585
-52.605633,333.75,2.399,2070,ssp585
-52.605633,343.75,2.192,2070,ssp585
-52.605633,353.75,2.301,2070,ssp585
-47.535213,3.75,2.332,2070,ssp585
-47.535213,13.75,2.498,2070,ssp585
-47.535213,23.75,2.464,2070,ssp585
-47.535213,33.75,2.475,2070,ssp585
-47.535213,43.75,2.526,2070,ssp585
-47.535213,53.75,2.593,2070,ssp585
-47.535213,63.75,2.48,2070,ssp585
-47.535213,73.75,2.51,2070,ssp585
-47.535213,83.75,2.371,2070,ssp585
-47.535213,93.75,2.378,2070,ssp585
-47.535213,103.75,2.522,2070,ssp585
-47.535213,113.75,2.455,2070,ssp585
-47.535213,123.75,2.19,2070,ssp585
-47.535213,133.75,1.988,2070,ssp585
-47.535213,143.75,2.112,2070,ssp585
-47.535213,153.75,2.437,2070,ssp585
-47.535213,163.75,2.434,2070,ssp585
-47.535213,173.75,2.551,2070,ssp585
-47.535213,183.75,2.738,2070,ssp585
-47.535213,193.75,2.475,2070,ssp585
-47.535213,203.75,2.403,2070,ssp585
-47.535213,213.75,2.314,2070,ssp585
-47.535213,223.75,2.161,2070,ssp585
-47.535213,233.75,2.051,2070,ssp585
-47.535213,243.75,2.051,2070,ssp585
-47.535213,253.75,2.06,2070,ssp585
-47.535213,263.75,2.073,2070,ssp585
-47.535213,273.75,2.112,2070,ssp585
-47.535213,283.75,2.375,2070,ssp585
-47.535213,293.75,2.421,2070,ssp585
-47.535213,303.75,2.291,2070,ssp585
-47.535213,313.75,2.48,2070,ssp585
-47.535213,323.75,2.542,2070,ssp585
-47.535213,333.75,2.392,2070,ssp585
-47.535213,343.75,2.243,2070,ssp585
-47.535213,353.75,2.248,2070,ssp585
-42.46479,3.75,2.533,2070,ssp585
-42.46479,13.75,2.625,2070,ssp585
-42.46479,23.75,2.504,2070,ssp585
-42.46479,33.75,2.518,2070,ssp585
-42.46479,43.75,2.387,2070,ssp585
-42.46479,53.75,2.375,2070,ssp585
-42.46479,63.75,2.226,2070,ssp585
-42.46479,73.75,2.368,2070,ssp585
-42.46479,83.75,2.341,2070,ssp585
-42.46479,93.75,2.269,2070,ssp585
-42.46479,103.75,2.503,2070,ssp585
-42.46479,113.75,2.504,2070,ssp585
-42.46479,123.75,2.223,2070,ssp585
-42.46479,133.75,1.916,2070,ssp585
-42.46479,143.75,2.115,2070,ssp585
-42.46479,153.75,3.469,2070,ssp585
-42.46479,163.75,2.978,2070,ssp585
-42.46479,173.75,3.2,2070,ssp585
-42.46479,183.75,3.213,2070,ssp585
-42.46479,193.75,3.12,2070,ssp585
-42.46479,203.75,2.883,2070,ssp585
-42.46479,213.75,2.364,2070,ssp585
-42.46479,223.75,2.192,2070,ssp585
-42.46479,233.75,2.25,2070,ssp585
-42.46479,243.75,2.201,2070,ssp585
-42.46479,253.75,2.154,2070,ssp585
-42.46479,263.75,2.234,2070,ssp585
-42.46479,273.75,2.274,2070,ssp585
-42.46479,283.75,2.44,2070,ssp585
-42.46479,293.75,2.709,2070,ssp585
-42.46479,303.75,2.986,2070,ssp585
-42.46479,313.75,2.938,2070,ssp585
-42.46479,323.75,2.773,2070,ssp585
-42.46479,333.75,2.683,2070,ssp585
-42.46479,343.75,2.798,2070,ssp585
-42.46479,353.75,2.509,2070,ssp585
-37.394363,3.75,2.691,2070,ssp585
-37.394363,13.75,2.638,2070,ssp585
-37.394363,23.75,2.716,2070,ssp585
-37.394363,33.75,2.358,2070,ssp585
-37.394363,43.75,1.973,2070,ssp585
-37.394363,53.75,1.807,2070,ssp585
-37.394363,63.75,1.863,2070,ssp585
-37.394363,73.75,2.245,2070,ssp585
-37.394363,83.75,2.512,2070,ssp585
-37.394363,93.75,2.641,2070,ssp585
-37.394363,103.75,2.747,2070,ssp585
-37.394363,113.75,2.417,2070,ssp585
-37.394363,123.75,2.3,2070,ssp585
-37.394363,133.75,1.995,2070,ssp585
-37.394363,143.75,2.828,2070,ssp585
-37.394363,153.75,3.634,2070,ssp585
-37.394363,163.75,3.451,2070,ssp585
-37.394363,173.75,3.464,2070,ssp585
-37.394363,183.75,3.054,2070,ssp585
-37.394363,193.75,3.064,2070,ssp585
-37.394363,203.75,2.743,2070,ssp585
-37.394363,213.75,2.291,2070,ssp585
-37.394363,223.75,2.182,2070,ssp585
-37.394363,233.75,2.345,2070,ssp585
-37.394363,243.75,2.443,2070,ssp585
-37.394363,253.75,2.471,2070,ssp585
-37.394363,263.75,2.467,2070,ssp585
-37.394363,273.75,2.496,2070,ssp585
-37.394363,283.75,2.261,2070,ssp585
-37.394363,293.75,3.224,2070,ssp585
-37.394363,303.75,2.953,2070,ssp585
-37.394363,313.75,2.391,2070,ssp585
-37.394363,323.75,2.503,2070,ssp585
-37.394363,333.75,2.594,2070,ssp585
-37.394363,343.75,2.646,2070,ssp585
-37.394363,353.75,2.651,2070,ssp585
-32.323944,3.75,2.63,2070,ssp585
-32.323944,13.75,2.591,2070,ssp585
-32.323944,23.75,4.974,2070,ssp585
-32.323944,33.75,2.887,2070,ssp585
-32.323944,43.75,2.623,2070,ssp585
-32.323944,53.75,2.72,2070,ssp585
-32.323944,63.75,2.576,2070,ssp585
-32.323944,73.75,2.63,2070,ssp585
-32.323944,83.75,2.843,2070,ssp585
-32.323944,93.75,2.92,2070,ssp585
-32.323944,103.75,2.868,2070,ssp585
-32.323944,113.75,3.144,2070,ssp585
-32.323944,123.75,3.127,2070,ssp585
-32.323944,133.75,2.773,2070,ssp585
-32.323944,143.75,3.708,2070,ssp585
-32.323944,153.75,3.278,2070,ssp585
-32.323944,163.75,3.147,2070,ssp585
-32.323944,173.75,3.181,2070,ssp585
-32.323944,183.75,2.858,2070,ssp585
-32.323944,193.75,2.764,2070,ssp585
-32.323944,203.75,2.511,2070,ssp585
-32.323944,213.75,2.225,2070,ssp585
-32.323944,223.75,2.114,2070,ssp585
-32.323944,233.75,2.212,2070,ssp585
-32.323944,243.75,2.359,2070,ssp585
-32.323944,253.75,2.568,2070,ssp585
-32.323944,263.75,2.622,2070,ssp585
-32.323944,273.75,2.554,2070,ssp585
-32.323944,283.75,2.098,2070,ssp585
-32.323944,293.75,4.103,2070,ssp585
-32.323944,303.75,3.554,2070,ssp585
-32.323944,313.75,2.601,2070,ssp585
-32.323944,323.75,2.66,2070,ssp585
-32.323944,333.75,2.671,2070,ssp585
-32.323944,343.75,2.73,2070,ssp585
-32.323944,353.75,2.737,2070,ssp585
-27.253521,3.75,2.519,2070,ssp585
-27.253521,13.75,3.189,2070,ssp585
-27.253521,23.75,6.025,2070,ssp585
-27.253521,33.75,3.856,2070,ssp585
-27.253521,43.75,3.036,2070,ssp585
-27.253521,53.75,3.1,2070,ssp585
-27.253521,63.75,2.968,2070,ssp585
-27.253521,73.75,3.002,2070,ssp585
-27.253521,83.75,3.007,2070,ssp585
-27.253521,93.75,3.085,2070,ssp585
-27.253521,103.75,3.101,2070,ssp585
-27.253521,113.75,3.719,2070,ssp585
-27.253521,123.75,4.19,2070,ssp585
-27.253521,133.75,3.853,2070,ssp585
-27.253521,143.75,4.003,2070,ssp585
-27.253521,153.75,3.43,2070,ssp585
-27.253521,163.75,3.086,2070,ssp585
-27.253521,173.75,2.967,2070,ssp585
-27.253521,183.75,2.634,2070,ssp585
-27.253521,193.75,2.484,2070,ssp585
-27.253521,203.75,2.293,2070,ssp585
-27.253521,213.75,1.988,2070,ssp585
-27.253521,223.75,1.878,2070,ssp585
-27.253521,233.75,1.993,2070,ssp585
-27.253521,243.75,2.266,2070,ssp585
-27.253521,253.75,2.646,2070,ssp585
-27.253521,263.75,2.754,2070,ssp585
-27.253521,273.75,2.408,2070,ssp585
-27.253521,283.75,2.04,2070,ssp585
-27.253521,293.75,5.181,2070,ssp585
-27.253521,303.75,4.614,2070,ssp585
-27.253521,313.75,3.166,2070,ssp585
-27.253521,323.75,2.841,2070,ssp585
-27.253521,333.75,2.877,2070,ssp585
-27.253521,343.75,2.742,2070,ssp585
-27.253521,353.75,2.58,2070,ssp585
-22.1831,3.75,2.579,2070,ssp585
-22.1831,13.75,4.124,2070,ssp585
-22.1831,23.75,5.835,2070,ssp585
-22.1831,33.75,4.135,2070,ssp585
-22.1831,43.75,3.698,2070,ssp585
-22.1831,53.75,3.213,2070,ssp585
-22.1831,63.75,3.266,2070,ssp585
-22.1831,73.75,3.302,2070,ssp585
-22.1831,83.75,3.227,2070,ssp585
-22.1831,93.75,3.337,2070,ssp585
-22.1831,103.75,3.187,2070,ssp585
-22.1831,113.75,3.747,2070,ssp585
-22.1831,123.75,4.7,2070,ssp585
-22.1831,133.75,4.064,2070,ssp585
-22.1831,143.75,3.915,2070,ssp585
-22.1831,153.75,3.083,2070,ssp585
-22.1831,163.75,2.824,2070,ssp585
-22.1831,173.75,2.704,2070,ssp585
-22.1831,183.75,2.455,2070,ssp585
-22.1831,193.75,2.378,2070,ssp585
-22.1831,203.75,2.15,2070,ssp585
-22.1831,213.75,1.872,2070,ssp585
-22.1831,223.75,1.947,2070,ssp585
-22.1831,233.75,2.309,2070,ssp585
-22.1831,243.75,2.636,2070,ssp585
-22.1831,253.75,2.759,2070,ssp585
-22.1831,263.75,2.681,2070,ssp585
-22.1831,273.75,2.27,2070,ssp585
-22.1831,283.75,2.449,2070,ssp585
-22.1831,293.75,5.474,2070,ssp585
-22.1831,303.75,5.598,2070,ssp585
-22.1831,313.75,4.63,2070,ssp585
-22.1831,323.75,2.894,2070,ssp585
-22.1831,333.75,2.681,2070,ssp585
-22.1831,343.75,2.442,2070,ssp585
-22.1831,353.75,2.401,2070,ssp585
-17.112675,3.75,2.986,2070,ssp585
-17.112675,13.75,4.635,2070,ssp585
-17.112675,23.75,5.468,2070,ssp585
-17.112675,33.75,4.537,2070,ssp585
-17.112675,43.75,3.708,2070,ssp585
-17.112675,53.75,3.376,2070,ssp585
-17.112675,63.75,3.37,2070,ssp585
-17.112675,73.75,3.317,2070,ssp585
-17.112675,83.75,3.312,2070,ssp585
-17.112675,93.75,3.635,2070,ssp585
-17.112675,103.75,3.781,2070,ssp585
-17.112675,113.75,3.974,2070,ssp585
-17.112675,123.75,4.232,2070,ssp585
-17.112675,133.75,4.122,2070,ssp585
-17.112675,143.75,3.585,2070,ssp585
-17.112675,153.75,2.951,2070,ssp585
-17.112675,163.75,2.914,2070,ssp585
-17.112675,173.75,3.0,2070,ssp585
-17.112675,183.75,2.954,2070,ssp585
-17.112675,193.75,2.774,2070,ssp585
-17.112675,203.75,2.534,2070,ssp585
-17.112675,213.75,2.673,2070,ssp585
-17.112675,223.75,2.917,2070,ssp585
-17.112675,233.75,3.004,2070,ssp585
-17.112675,243.75,2.846,2070,ssp585
-17.112675,253.75,2.806,2070,ssp585
-17.112675,263.75,2.827,2070,ssp585
-17.112675,273.75,2.633,2070,ssp585
-17.112675,283.75,3.575,2070,ssp585
-17.112675,293.75,5.861,2070,ssp585
-17.112675,303.75,5.591,2070,ssp585
-17.112675,313.75,5.453,2070,ssp585
-17.112675,323.75,3.121,2070,ssp585
-17.112675,333.75,2.635,2070,ssp585
-17.112675,343.75,2.753,2070,ssp585
-17.112675,353.75,2.845,2070,ssp585
-12.0422535,3.75,3.373,2070,ssp585
-12.0422535,13.75,4.192,2070,ssp585
-12.0422535,23.75,5.038,2070,ssp585
-12.0422535,33.75,4.657,2070,ssp585
-12.0422535,43.75,3.616,2070,ssp585
-12.0422535,53.75,3.567,2070,ssp585
-12.0422535,63.75,3.559,2070,ssp585
-12.0422535,73.75,3.454,2070,ssp585
-12.0422535,83.75,3.51,2070,ssp585
-12.0422535,93.75,3.692,2070,ssp585
-12.0422535,103.75,3.885,2070,ssp585
-12.0422535,113.75,3.743,2070,ssp585
-12.0422535,123.75,3.599,2070,ssp585
-12.0422535,133.75,3.599,2070,ssp585
-12.0422535,143.75,3.202,2070,ssp585
-12.0422535,153.75,3.322,2070,ssp585
-12.0422535,163.75,3.467,2070,ssp585
-12.0422535,173.75,3.49,2070,ssp585
-12.0422535,183.75,3.522,2070,ssp585
-12.0422535,193.75,3.389,2070,ssp585
-12.0422535,203.75,3.394,2070,ssp585
-12.0422535,213.75,3.445,2070,ssp585
-12.0422535,223.75,3.482,2070,ssp585
-12.0422535,233.75,3.452,2070,ssp585
-12.0422535,243.75,3.396,2070,ssp585
-12.0422535,253.75,3.338,2070,ssp585
-12.0422535,263.75,3.453,2070,ssp585
-12.0422535,273.75,3.551,2070,ssp585
-12.0422535,283.75,4.734,2070,ssp585
-12.0422535,293.75,5.555,2070,ssp585
-12.0422535,303.75,5.521,2070,ssp585
-12.0422535,313.75,5.303,2070,ssp585
-12.0422535,323.75,3.549,2070,ssp585
-12.0422535,333.75,3.087,2070,ssp585
-12.0422535,343.75,3.028,2070,ssp585
-12.0422535,353.75,3.278,2070,ssp585
-6.9718313,3.75,3.558,2070,ssp585
-6.9718313,13.75,4.326,2070,ssp585
-6.9718313,23.75,5.137,2070,ssp585
-6.9718313,33.75,4.904,2070,ssp585
-6.9718313,43.75,3.628,2070,ssp585
-6.9718313,53.75,3.813,2070,ssp585
-6.9718313,63.75,3.794,2070,ssp585
-6.9718313,73.75,3.766,2070,ssp585
-6.9718313,83.75,3.789,2070,ssp585
-6.9718313,93.75,3.823,2070,ssp585
-6.9718313,103.75,3.708,2070,ssp585
-6.9718313,113.75,3.573,2070,ssp585
-6.9718313,123.75,3.581,2070,ssp585
-6.9718313,133.75,3.379,2070,ssp585
-6.9718313,143.75,3.528,2070,ssp585
-6.9718313,153.75,3.666,2070,ssp585
-6.9718313,163.75,3.722,2070,ssp585
-6.9718313,173.75,3.724,2070,ssp585
-6.9718313,183.75,3.726,2070,ssp585
-6.9718313,193.75,3.713,2070,ssp585
-6.9718313,203.75,3.719,2070,ssp585
-6.9718313,213.75,3.734,2070,ssp585
-6.9718313,223.75,3.719,2070,ssp585
-6.9718313,233.75,3.747,2070,ssp585
-6.9718313,243.75,3.768,2070,ssp585
-6.9718313,253.75,3.838,2070,ssp585
-6.9718313,263.75,3.987,2070,ssp585
-6.9718313,273.75,3.932,2070,ssp585
-6.9718313,283.75,4.975,2070,ssp585
-6.9718313,293.75,5.328,2070,ssp585
-6.9718313,303.75,5.57,2070,ssp585
-6.9718313,313.75,5.107,2070,ssp585
-6.9718313,323.75,3.982,2070,ssp585
-6.9718313,333.75,3.345,2070,ssp585
-6.9718313,343.75,3.3,2070,ssp585
-6.9718313,353.75,3.46,2070,ssp585
-1.9014084,3.75,3.746,2070,ssp585
-1.9014084,13.75,4.575,2070,ssp585
-1.9014084,23.75,5.338,2070,ssp585
-1.9014084,33.75,4.823,2070,ssp585
-1.9014084,43.75,3.977,2070,ssp585
-1.9014084,53.75,3.906,2070,ssp585
-1.9014084,63.75,3.824,2070,ssp585
-1.9014084,73.75,3.831,2070,ssp585
-1.9014084,83.75,3.899,2070,ssp585
-1.9014084,93.75,3.933,2070,ssp585
-1.9014084,103.75,3.796,2070,ssp585
-1.9014084,113.75,3.673,2070,ssp585
-1.9014084,123.75,3.599,2070,ssp585
-1.9014084,133.75,3.626,2070,ssp585
-1.9014084,143.75,3.82,2070,ssp585
-1.9014084,153.75,3.942,2070,ssp585
-1.9014084,163.75,3.976,2070,ssp585
-1.9014084,173.75,4.001,2070,ssp585
-1.9014084,183.75,4.028,2070,ssp585
-1.9014084,193.75,4.133,2070,ssp585
-1.9014084,203.75,4.228,2070,ssp585
-1.9014084,213.75,4.271,2070,ssp585
-1.9014084,223.75,4.313,2070,ssp585
-1.9014084,233.75,4.317,2070,ssp585
-1.9014084,243.75,4.353,2070,ssp585
-1.9014084,253.75,4.297,2070,ssp585
-1.9014084,263.75,4.207,2070,ssp585
-1.9014084,273.75,3.976,2070,ssp585
-1.9014084,283.75,4.665,2070,ssp585
-1.9014084,293.75,5.363,2070,ssp585
-1.9014084,303.75,5.615,2070,ssp585
-1.9014084,313.75,3.915,2070,ssp585
-1.9014084,323.75,3.384,2070,ssp585
-1.9014084,333.75,3.426,2070,ssp585
-1.9014084,343.75,3.574,2070,ssp585
-1.9014084,353.75,3.737,2070,ssp585
3.169014,3.75,3.525,2070,ssp585
3.169014,13.75,4.69,2070,ssp585
3.169014,23.75,5.335,2070,ssp585
3.169014,33.75,4.865,2070,ssp585
3.169014,43.75,4.21,2070,ssp585
3.169014,53.75,3.94,2070,ssp585
3.169014,63.75,3.828,2070,ssp585
3.169014,73.75,3.697,2070,ssp585
3.169014,83.75,3.734,2070,ssp585
3.169014,93.75,3.909,2070,ssp585
3.169014,103.75,3.47,2070,ssp585
3.169014,113.75,3.549,2070,ssp585
3.169014,123.75,3.492,2070,ssp585
3.169014,133.75,3.848,2070,ssp585
3.169014,143.75,3.883,2070,ssp585
3.169014,153.75,3.907,2070,ssp585
3.169014,163.75,3.936,2070,ssp585
3.169014,173.75,3.971,2070,ssp585
3.169014,183.75,3.979,2070,ssp585
3.169014,193.75,4.025,2070,ssp585
3.169014,203.75,4.063,2070,ssp585
3.169014,213.75,4.1,2070,ssp585
3.169014,223.75,4.207,2070,ssp585
3.169014,233.75,4.216,2070,ssp585
3.169014,243.75,4.103,2070,ssp585
3.169014,253.75,4.011,2070,ssp585
3.169014,263.75,3.935,2070,ssp585
3.169014,273.75,3.748,2070,ssp585
3.169014,283.75,4.599,2070,ssp585
3.169014,293.75,5.573,2070,ssp585
3.169014,303.75,5.088,2070,ssp585
3.169014,313.75,3.285,2070,ssp585
3.169014,323.75,3.288,2070,ssp585
3.169014,333.75,3.404,2070,ssp585
3.169014,343.75,3.485,2070,ssp585
3.169014,353.75,3.642,2070,ssp585
8.239437,3.75,5.097,2070,ssp585
8.239437,13.75,5.327,2070,ssp585
8.239437,23.75,5.496,2070,ssp585
8.239437,33.75,5.134,2070,ssp585
8.239437,43.75,4.638,2070,ssp585
8.239437,53.75,4.026,2070,ssp585
8.239437,63.75,3.771,2070,ssp585
8.239437,73.75,3.639,2070,ssp585
8.239437,83.75,3.453,2070,ssp585
8.239437,93.75,3.518,2070,ssp585
8.239437,103.75,3.243,2070,ssp585
8.239437,113.75,3.166,2070,ssp585
8.239437,123.75,3.412,2070,ssp585
8.239437,133.75,3.565,2070,ssp585
8.239437,143.75,3.643,2070,ssp585
8.239437,153.75,3.704,2070,ssp585
8.239437,163.75,3.78,2070,ssp585
8.239437,173.75,3.78,2070,ssp585
8.239437,183.75,3.759,2070,ssp585
8.239437,193.75,3.705,2070,ssp585
8.239437,203.75,3.613,2070,ssp585
8.239437,213.75,3.632,2070,ssp585
8.239437,223.75,3.751,2070,ssp585
8.239437,233.75,3.816,2070,ssp585
8.239437,243.75,3.805,2070,ssp585
8.239437,253.75,3.771,2070,ssp585
8.239437,263.75,3.858,2070,ssp585
8.239437,273.75,3.993,2070,ssp585
8.239437,283.75,4.299,2070,ssp585
8.239437,293.75,5.071,2070,ssp585
8.239437,303.75,3.44,2070,ssp585
8.239437,313.75,3.08,2070,ssp585
8.239437,323.75,2.927,2070,ssp585
8.239437,333.75,3.005,2070,ssp585
8.239437,343.75,2.935,2070,ssp585
8.239437,353.75,5.081,2070,ssp585
13.309858,3.75,5.727,2070,ssp585
13.309858,13.75,5.588,2070,ssp585
13.309858,23.75,5.488,2070,ssp585
13.309858,33.75,5.322,2070,ssp585
13.309858,43.75,4.309,2070,ssp585
13.309858,53.75,3.981,2070,ssp585
13.309858,63.75,3.776,2070,ssp585
13.309858,73.75,3.758,2070,ssp585
13.309858,83.75,3.356,2070,ssp585
13.309858,93.75,3.234,2070,ssp585
13.309858,103.75,3.648,2070,ssp585
13.309858,113.75,2.827,2070,ssp585
13.309858,123.75,3.202,2070,ssp585
13.309858,133.75,3.438,2070,ssp585
13.309858,143.75,3.706,2070,ssp585
13.309858,153.75,3.791,2070,ssp585
13.309858,163.75,3.83,2070,ssp585
13.309858,173.75,3.818,2070,ssp585
13.309858,183.75,3.751,2070,ssp585
13.309858,193.75,3.69,2070,ssp585
13.309858,203.75,3.596,2070,ssp585
13.309858,213.75,3.629,2070,ssp585
13.309858,223.75,3.731,2070,ssp585
13.309858,233.75,3.788,2070,ssp585
13.309858,243.75,3.912,2070,ssp585
13.309858,253.75,3.974,2070,ssp585
13.309858,263.75,4.1,2070,ssp585
13.309858,273.75,4.197,2070,ssp585
13.309858,283.75,3.147,2070,ssp585
13.309858,293.75,3.103,2070,ssp585
13.309858,303.75,3.139,2070,ssp585
13.309858,313.75,2.913,2070,ssp585
13.309858,323.75,2.768,2070,ssp585
13.309858,333.75,2.644,2070,ssp585
13.309858,343.75,3.533,2070,ssp585
13.309858,353.75,5.943,2070,ssp585
18.380281,3.75,6.431,2070,ssp585
18.380281,13.75,6.342,2070,ssp585
18.380281,23.75,6.152,2070,ssp585
18.380281,33.75,5.4,2070,ssp585
18.380281,43.75,4.653,2070,ssp585
18.380281,53.75,4.583,2070,ssp585
18.380281,63.75,3.647,2070,ssp585
18.380281,73.75,3.961,2070,ssp585
18.380281,83.75,3.451,2070,ssp585
18.380281,93.75,3.483,2070,ssp585
18.380281,103.75,3.642,2070,ssp585
18.380281,113.75,2.852,2070,ssp585
18.380281,123.75,2.752,2070,ssp585
18.380281,133.75,3.15,2070,ssp585
18.380281,143.75,3.623,2070,ssp585
18.380281,153.75,3.838,2070,ssp585
18.380281,163.75,3.952,2070,ssp585
18.380281,173.75,4.053,2070,ssp585
18.380281,183.75,4.001,2070,ssp585
18.380281,193.75,3.887,2070,ssp585
18.380281,203.75,3.866,2070,ssp585
18.380281,213.75,3.833,2070,ssp585
18.380281,223.75,3.868,2070,ssp585
18.380281,233.75,3.915,2070,ssp585
18.380281,243.75,3.628,2070,ssp585
18.380281,253.75,3.799,2070,ssp585
18.380281,263.75,3.838,2070,ssp585
18.380281,273.75,3.617,2070,ssp585
18.380281,283.75,3.62,2070,ssp585
18.380281,293.75,3.217,2070,ssp585
18.380281,303.75,3.013,2070,ssp585
18.380281,313.75,2.538,2070,ssp585
18.380281,323.75,2.247,2070,ssp585
18.380281,333.75,2.23,2070,ssp585
18.380281,343.75,3.011,2070,ssp585
18.380281,353.75,5.662,2070,ssp585
23.450703,3.75,6.306,2070,ssp585
23.450703,13.75,6.101,2070,ssp585
23.450703,23.75,6.108,2070,ssp585
23.450703,33.75,5.676,2070,ssp585
23.450703,43.75,5.731,2070,ssp585
23.450703,53.75,4.969,2070,ssp585
23.450703,63.75,3.932,2070,ssp585
23.450703,73.75,4.541,2070,ssp585
23.450703,83.75,4.178,2070,ssp585
23.450703,93.75,4.09,2070,ssp585
23.450703,103.75,4.228,2070,ssp585
23.450703,113.75,3.788,2070,ssp585
23.450703,123.75,2.729,2070,ssp585
23.450703,133.75,2.763,2070,ssp585
23.450703,143.75,3.214,2070,ssp585
23.450703,153.75,3.563,2070,ssp585
23.450703,163.75,3.928,2070,ssp585
23.450703,173.75,4.074,2070,ssp585
23.450703,183.75,3.993,2070,ssp585
23.450703,193.75,3.85,2070,ssp585
23.450703,203.75,3.799,2070,ssp585
23.450703,213.75,4.02,2070,ssp585
23.450703,223.75,4.035,2070,ssp585
23.450703,233.75,4.453,2070,ssp585
23.450703,243.75,3.868,2070,ssp585
23.450703,253.75,3.987,2070,ssp585
23.450703,263.75,3.383,2070,ssp585
23.450703,273.75,3.152,2070,ssp585
23.450703,283.75,3.496,2070,ssp585
23.450703,293.75,3.529,2070,ssp585
23.450703,303.75,3.469,2070,ssp585
23.450703,313.75,3.272,2070,ssp585
23.450703,323.75,2.828,2070,ssp585
23.450703,333.75,2.213,2070,ssp585
23.450703,343.75,2.562,2070,ssp585
23.450703,353.75,5.283,2070,ssp585
28.521126,3.75,5.493,2070,ssp585
28.521126,13.75,5.447,2070,ssp585
28.521126,23.75,5.26,2070,ssp585
28.521126,33.75,6.032,2070,ssp585
28.521126,43.75,6.523,2070,ssp585
28.521126,53.75,5.796,2070,ssp585
28.521126,63.75,5.693,2070,ssp585
28.521126,73.75,4.717,2070,ssp585
28.521126,83.75,4.77,2070,ssp585
28.521126,93.75,4.93,2070,ssp585
28.521126,103.75,5.242,2070,ssp585
28.521126,113.75,4.671,2070,ssp585
28.521126,123.75,3.488,2070,ssp585
28.521126,133.75,3.031,2070,ssp585
28.521126,143.75,3.161,2070,ssp585
28.521126,153.75,3.35,2070,ssp585
28.521126,163.75,3.667,2070,ssp585
28.521126,173.75,3.879,2070,ssp585
28.521126,183.75,3.642,2070,ssp585
28.521126,193.75,3.489,2070,ssp585
28.521126,203.75,3.514,2070,ssp585
28.521126,213.75,4.042,2070,ssp585
28.521126,223.75,4.114,2070,ssp585
28.521126,233.75,4.143,2070,ssp585
28.521126,243.75,4.361,2070,ssp585
28.521126,253.75,4.787,2070,ssp585
28.521126,263.75,4.083,2070,ssp585
28.521126,273.75,3.286,2070,ssp585
28.521126,283.75,3.394,2070,ssp585
28.521126,293.75,3.719,2070,ssp585
28.521126,303.75,3.747,2070,ssp585
28.521126,313.75,3.68,2070,ssp585
28.521126,323.75,3.488,2070,ssp585
28.521126,333.75,2.945,2070,ssp585
28.521126,343.75,2.182,2070,ssp585
28.521126,353.75,4.742,2070,ssp585
33.591553,3.75,5.189,2070,ssp585
33.591553,13.75,3.77,2070,ssp585
33.591553,23.75,3.815,2070,ssp585
33.591553,33.75,4.676,2070,ssp585
33.591553,43.75,6.833,2070,ssp585
33.591553,53.75,6.737,2070,ssp585
33.591553,63.75,6.996,2070,ssp585
33.591553,73.75,5.504,2070,ssp585
33.591553,83.75,4.789,2070,ssp585
33.591553,93.75,5.969,2070,ssp585
33.591553,103.75,5.829,2070,ssp585
33.591553,113.75,4.811,2070,ssp585
33.591553,123.75,4.294,2070,ssp585
33.591553,133.75,3.889,2070,ssp585
33.591553,143.75,3.483,2070,ssp585
33.591553,153.75,3.467,2070,ssp585
33.591553,163.75,3.562,2070,ssp585
33.591553,173.75,3.616,2070,ssp585
33.591553,183.75,3.43,2070,ssp585
33.591553,193.75,3.291,2070,ssp585
33.591553,203.75,3.33,2070,ssp585
33.591553,213.75,3.809,2070,ssp585
33.591553,223.75,4.297,2070,ssp585
33.591553,233.75,4.092,2070,ssp585
33.591553,243.75,5.782,2070,ssp585
33.591553,253.75,5.657,2070,ssp585
33.591553,263.75,5.061,2070,ssp585
33.591553,273.75,4.446,2070,ssp585
33.591553,283.75,4.001,2070,ssp585
33.591553,293.75,3.833,2070,ssp585
33.591553,303.75,4.043,2070,ssp585
33.591553,313.75,4.096,2070,ssp585
33.591553,323.75,4.054,2070,ssp585
33.591553,333.75,3.511,2070,ssp585
33.591553,343.75,2.55,2070,ssp585
33.591553,353.75,3.556,2070,ssp585
38.661972,3.75,3.458,2070,ssp585
38.661972,13.75,3.455,2070,ssp585
38.661972,23.75,4.306,2070,ssp585
38.661972,33.75,5.77,2070,ssp585
38.661972,43.75,6.727,2070,ssp585
38.661972,53.75,6.18,2070,ssp585
38.661972,63.75,7.021,2070,ssp585
38.661972,73.75,6.224,2070,ssp585
38.661972,83.75,5.657,2070,ssp585
38.661972,93.75,5.329,2070,ssp585
38.661972,103.75,5.576,2070,ssp585
38.661972,113.75,5.174,2070,ssp585
38.661972,123.75,5.313,2070,ssp585
38.661972,133.75,4.832,2070,ssp585
38.661972,143.75,3.594,2070,ssp585
38.661972,153.75,3.427,2070,ssp585
38.661972,163.75,3.642,2070,ssp585
38.661972,173.75,3.599,2070,ssp585
38.661972,183.75,3.404,2070,ssp585
38.661972,193.75,3.282,2070,ssp585
38.661972,203.75,3.284,2070,ssp585
38.661972,213.75,3.619,2070,ssp585
38.661972,223.75,4.238,2070,ssp585
38.661972,233.75,4.559,2070,ssp585
38.661972,243.75,6.673,2070,ssp585
38.661972,253.75,5.949,2070,ssp585
38.661972,263.75,6.095,2070,ssp585
38.661972,273.75,5.722,2070,ssp585
38.661972,283.75,5.73,2070,ssp585
38.661972,293.75,5.011,2070,ssp585
38.661972,303.75,4.933,2070,ssp585
38.661972,313.75,4.954,2070,ssp585
38.661972,323.75,4.802,2070,ssp585
38.661972,333.75,4.353,2070,ssp585
38.661972,343.75,3.246,2070,ssp585
38.661972,353.75,3.837,2070,ssp585
43.732395,3.75,4.166,2070,ssp585
43.732395,13.75,4.523,2070,ssp585
43.732395,23.75,5.164,2070,ssp585
43.732395,33.75,4.972,2070,ssp585
43.732395,43.75,6.386,2070,ssp585
43.732395,53.75,6.686,2070,ssp585
43.732395,63.75,7.392,2070,ssp585
43.732395,73.75,7.24,2070,ssp585
43.732395,83.75,6.177,2070,ssp585
43.732395,93.75,5.735,2070,ssp585
43.732395,103.75,5.89,2070,ssp585
43.732395,113.75,5.87,2070,ssp585
43.732395,123.75,6.435,2070,ssp585
43.732395,133.75,6.053,2070,ssp585
43.732395,143.75,5.277,2070,ssp585
43.732395,153.75,4.689,2070,ssp585
43.732395,163.75,4.238,2070,ssp585
43.732395,173.75,3.979,2070,ssp585
43.732395,183.75,3.846,2070,ssp585
43.732395,193.75,3.801,2070,ssp585
43.732395,203.75,3.657,2070,ssp585
43.732395,213.75,3.968,2070,ssp585
43.732395,223.75,4.302,2070,ssp585
43.732395,233.75,5.039,2070,ssp585
43.732395,243.75,6.777,2070,ssp585
43.732395,253.75,6.452,2070,ssp585
43.732395,263.75,6.865,2070,ssp585
43.732395,273.75,6.474,2070,ssp585
43.732395,283.75,6.982,2070,ssp585
43.732395,293.75,7.226,2070,ssp585
43.732395,303.75,6.592,2070,ssp585
43.732395,313.75,6.33,2070,ssp585
43.732395,323.75,5.917,2070,ssp585
43.732395,333.75,4.819,2070,ssp585
43.732395,343.75,3.85,2070,ssp585
43.732395,353.75,3.555,2070,ssp585
48.802814,3.75,4.172,2070,ssp585
48.802814,13.75,4.797,2070,ssp585
48.802814,23.75,5.581,2070,ssp585
48.802814,33.75,6.389,2070,ssp585
48.802814,43.75,7.154,2070,ssp585
48.802814,53.75,8.034,2070,ssp585
48.802814,63.75,8.273,2070,ssp585
48.802814,73.75,7.271,2070,ssp585
48.802814,83.75,6.363,2070,ssp585
48.802814,93.75,6.015,2070,ssp585
48.802814,103.75,6.484,2070,ssp585
48.802814,113.75,7.39,2070,ssp585
48.802814,123.75,7.614,2070,ssp585
48.802814,133.75,7.899,2070,ssp585
48.802814,143.75,6.953,2070,ssp585
48.802814,153.75,5.309,2070,ssp585
48.802814,163.75,4.605,2070,ssp585
48.802814,173.75,4.428,2070,ssp585
48.802814,183.75,4.581,2070,ssp585
48.802814,193.75,4.771,2070,ssp585
48.802814,203.75,4.704,2070,ssp585
48.802814,213.75,4.627,2070,ssp585
48.802814,223.75,4.652,2070,ssp585
48.802814,233.75,5.7,2070,ssp585
48.802814,243.75,7.174,2070,ssp585
48.802814,253.75,7.324,2070,ssp585
48.802814,263.75,7.672,2070,ssp585
48.802814,273.75,7.665,2070,ssp585
48.802814,283.75,7.52,2070,ssp585
48.802814,293.75,7.425,2070,ssp585
48.802814,303.75,7.18,2070,ssp585
48.802814,313.75,6.293,2070,ssp585
48.802814,323.75,5.796,2070,ssp585
48.802814,333.75,4.649,2070,ssp585
48.802814,343.75,3.854,2070,ssp585
48.802814,353.75,3.49,2070,ssp585
53.87324,3.75,3.64,2070,ssp585
53.87324,13.75,4.799,2070,ssp585
53.87324,23.75,6.028,2070,ssp585
53.87324,33.75,7.149,2070,ssp585
53.87324,43.75,8.158,2070,ssp585
53.87324,53.75,8.941,2070,ssp585
53.87324,63.75,8.371,2070,ssp585
53.87324,73.75,7.959,2070,ssp585
53.87324,83.75,7.031,2070,ssp585
53.87324,93.75,6.905,2070,ssp585
53.87324,103.75,7.533,2070,ssp585
53.87324,113.75,7.889,2070,ssp585
53.87324,123.75,7.82,2070,ssp585
53.87324,133.75,8.366,2070,ssp585
53.87324,143.75,8.616,2070,ssp585
53.87324,153.75,6.186,2070,ssp585
53.87324,163.75,5.51,2070,ssp585
53.87324,173.75,5.135,2070,ssp585
53.87324,183.75,5.609,2070,ssp585
53.87324,193.75,6.052,2070,ssp585
53.87324,203.75,5.469,2070,ssp585
53.87324,213.75,5.113,2070,ssp585
53.87324,223.75,5.037,2070,ssp585
53.87324,233.75,6.871,2070,ssp585
53.87324,243.75,7.209,2070,ssp585
53.87324,253.75,7.569,2070,ssp585
53.87324,263.75,8.43,2070,ssp585
53.87324,273.75,8.549,2070,ssp585
53.87324,283.75,8.437,2070,ssp585
53.87324,293.75,7.412,2070,ssp585
53.87324,303.75,7.089,2070,ssp585
53.87324,313.75,5.283,2070,ssp585
53.87324,323.75,4.544,2070,ssp585
53.87324,333.75,4.162,2070,ssp585
53.87324,343.75,3.578,2070,ssp585
53.87324,353.75,3.825,2070,ssp585
58.943665,3.75,4.014,2070,ssp585
58.943665,13.75,5.544,2070,ssp585
58.943665,23.75,6.281,2070,ssp585
58.943665,33.75,7.664,2070,ssp585
58.943665,43.75,8.443,2070,ssp585
58.943665,53.75,8.784,2070,ssp585
58.943665,63.75,8.677,2070,ssp585
58.943665,73.75,8.461,2070,ssp585
58.943665,83.75,8.101,2070,ssp585
58.943665,93.75,8.008,2070,ssp585
58.943665,103.75,8.397,2070,ssp585
58.943665,113.75,8.573,2070,ssp585
58.943665,123.75,8.477,2070,ssp585
58.943665,133.75,8.374,2070,ssp585
58.943665,143.75,8.399,2070,ssp585
58.943665,153.75,7.074,2070,ssp585
58.943665,163.75,7.16,2070,ssp585
58.943665,173.75,7.29,2070,ssp585
58.943665,183.75,8.261,2070,ssp585
58.943665,193.75,8.474,2070,ssp585
58.943665,203.75,7.766,2070,ssp585
58.943665,213.75,5.962,2070,ssp585
58.943665,223.75,6.863,2070,ssp585
58.943665,233.75,7.615,2070,ssp585
58.943665,243.75,8.326,2070,ssp585
58.943665,253.75,8.207,2070,ssp585
58.943665,263.75,8.812,2070,ssp585
58.943665,273.75,9.672,2070,ssp585
58.943665,283.75,8.863,2070,ssp585
58.943665,293.75,7.903,2070,ssp585
58.943665,303.75,6.788,2070,ssp585
58.943665,313.75,4.176,2070,ssp585
58.943665,323.75,3.812,2070,ssp585
58.943665,333.75,3.582,2070,ssp585
58.943665,343.75,3.428,2070,ssp585
58.943665,353.75,3.409,2070,ssp585
64.014084,3.75,3.729,2070,ssp585
64.014084,13.75,5.849,2070,ssp585
64.014084,23.75,7.296,2070,ssp585
64.014084,33.75,8.037,2070,ssp585
64.014084,43.75,8.31,2070,ssp585
64.014084,53.75,8.615,2070,ssp585
64.014084,63.75,8.867,2070,ssp585
64.014084,73.75,9.097,2070,ssp585
64.014084,83.75,8.802,2070,ssp585
64.014084,93.75,8.641,2070,ssp585
64.014084,103.75,9.088,2070,ssp585
64.014084,113.75,8.945,2070,ssp585
64.014084,123.75,8.278,2070,ssp585
64.014084,133.75,7.929,2070,ssp585
64.014084,143.75,7.96,2070,ssp585
64.014084,153.75,8.043,2070,ssp585
64.014084,163.75,8.203,2070,ssp585
64.014084,173.75,10.239,2070,ssp585
64.014084,183.75,10.87,2070,ssp585
64.014084,193.75,10.361,2070,ssp585
64.014084,203.75,9.773,2070,ssp585
64.014084,213.75,8.956,2070,ssp585
64.014084,223.75,8.616,2070,ssp585
64.014084,233.75,8.666,2070,ssp585
64.014084,243.75,8.968,2070,ssp585
64.014084,253.75,8.998,2070,ssp585
64.014084,263.75,9.437,2070,ssp585
64.014084,273.75,8.705,2070,ssp585
64.014084,283.75,8.561,2070,ssp585
64.014084,293.75,7.804,2070,ssp585
64.014084,303.75,7.75,2070,ssp585
64.014084,313.75,5.554,2070,ssp585
64.014084,323.75,4.626,2070,ssp585
64.014084,333.75,4.444,2070,ssp585
64.014084,343.75,4.284,2070,ssp585
64.014084,353.75,4.113,2070,ssp585
69.0845,3.75,3.423,2070,ssp585
69.0845,13.75,4.227,2070,ssp585
69.0845,23.75,6.334,2070,ssp585
69.0845,33.75,6.378,2070,ssp585
69.0845,43.75,7.224,2070,ssp585
69.0845,53.75,8.925,2070,ssp585
69.0845,63.75,9.521,2070,ssp585
69.0845,73.75,9.821,2070,ssp585
69.0845,83.75,9.492,2070,ssp585
69.0845,93.75,8.54,2070,ssp585
69.0845,103.75,8.821,2070,ssp585
69.0845,113.75,9.05,2070,ssp585
69.0845,123.75,8.319,2070,ssp585
69.0845,133.75,7.89,2070,ssp585
69.0845,143.75,8.806,2070,ssp585
69.0845,153.75,9.95,2070,ssp585
69.0845,163.75,10.228,2070,ssp585
69.0845,173.75,11.88,2070,ssp585
69.0845,183.75,14.266,2070,ssp585
69.0845,193.75,13.531,2070,ssp585
69.0845,203.75,12.289,2070,ssp585
69.0845,213.75,11.405,2070,ssp585
69.0845,223.75,12.017,2070,ssp585
69.0845,233.75,11.559,2070,ssp585
69.0845,243.75,11.052,2070,ssp585
69.0845,253.75,11.153,2070,ssp585
69.0845,263.75,11.357,2070,ssp585
69.0845,273.75,10.31,2070,ssp585
69.0845,283.75,9.042,2070,ssp585
69.0845,293.75,8.282,2070,ssp585
69.0845,303.75,8.79,2070,ssp585
69.0845,313.75,6.089,2070,ssp585
69.0845,323.75,6.53,2070,ssp585
69.0845,333.75,6.746,2070,ssp585
69.0845,343.75,5.577,2070,ssp585
69.0845,353.75,3.572,2070,ssp585
74.15493,3.75,5.793,2070,ssp585
74.15493,13.75,6.12,2070,ssp585
74.15493,23.75,6.836,2070,ssp585
74.15493,33.75,6.83,2070,ssp585
74.15493,43.75,7.936,2070,ssp585
74.15493,53.75,10.224,2070,ssp585
74.15493,63.75,12.135,2070,ssp585
74.15493,73.75,11.758,2070,ssp585
74.15493,83.75,10.671,2070,ssp585
74.15493,93.75,10.804,2070,ssp585
74.15493,103.75,10.965,2070,ssp585
74.15493,113.75,10.153,2070,ssp585
74.15493,123.75,10.068,2070,ssp585
74.15493,133.75,10.161,2070,ssp585
74.15493,143.75,11.526,2070,ssp585
74.15493,153.75,13.561,2070,ssp585
74.15493,163.75,15.285,2070,ssp585
74.15493,173.75,16.454,2070,ssp585
74.15493,183.75,17.188,2070,ssp585
74.15493,193.75,17.275,2070,ssp585
74.15493,203.75,16.747,2070,ssp585
74.15493,213.75,15.98,2070,ssp585
74.15493,223.75,15.288,2070,ssp585
74.15493,233.75,14.297,2070,ssp585
74.15493,243.75,14.056,2070,ssp585
74.15493,253.75,14.344,2070,ssp585
74.15493,263.75,13.383,2070,ssp585
74.15493,273.75,11.046,2070,ssp585
74.15493,283.75,10.001,2070,ssp585
74.15493,293.75,8.871,2070,ssp585
74.15493,303.75,7.197,2070,ssp585
74.15493,313.75,6.888,2070,ssp585
74.15493,323.75,7.518,2070,ssp585
74.15493,333.75,7.723,2070,ssp585
74.15493,343.75,11.338,2070,ssp585
74.15493,353.75,8.402,2070,ssp585
79.22536,3.75,14.17,2070,ssp585
79.22536,13.75,13.398,2070,ssp585
79.22536,23.75,14.67,2070,ssp585
79.22536,33.75,15.317,2070,ssp585
79.22536,43.75,14.978,2070,ssp585
79.22536,53.75,15.17,2070,ssp585
79.22536,63.75,15.98,2070,ssp585
79.22536,73.75,16.401,2070,ssp585
79.22536,83.75,16.19,2070,ssp585
79.22536,93.75,15.338,2070,ssp585
79.22536,103.75,15.074,2070,ssp585
79.22536,113.75,15.051,2070,ssp585
79.22536,123.75,14.621,2070,ssp585
79.22536,133.75,14.061,2070,ssp585
79.22536,143.75,14.44,2070,ssp585
79.22536,153.75,15.23,2070,ssp585
79.22536,163.75,15.963,2070,ssp585
79.22536,173.75,16.544,2070,ssp585
79.22536,183.75,17.052,2070,ssp585
79.22536,193.75,17.386,2070,ssp585
79.22536,203.75,17.506,2070,ssp585
79.22536,213.75,17.349,2070,ssp585
79.22536,223.75,17.022,2070,ssp585
79.22536,233.75,16.447,2070,ssp585
79.22536,243.75,15.9,2070,ssp585
79.22536,253.75,15.145,2070,ssp585
79.22536,263.75,13.335,2070,ssp585
79.22536,273.75,10.091,2070,ssp585
79.22536,283.75,9.761,2070,ssp585
79.22536,293.75,8.575,2070,ssp585
79.22536,303.75,6.918,2070,ssp585
79.22536,313.75,7.211,2070,ssp585
79.22536,323.75,8.202,2070,ssp585
79.22536,333.75,9.38,2070,ssp585
79.22536,343.75,12.856,2070,ssp585
79.22536,353.75,14.59,2070,ssp585
84.29578,3.75,18.226,2070,ssp585
84.29578,13.75,18.368,2070,ssp585
84.29578,23.75,18.407,2070,ssp585
84.29578,33.75,18.476,2070,ssp585
84.29578,43.75,18.682,2070,ssp585
84.29578,53.75,18.971,2070,ssp585
84.29578,63.75,19.19,2070,ssp585
84.29578,73.75,19.31,2070,ssp585
84.29578,83.75,19.313,2070,ssp585
84.29578,93.75,19.19,2070,ssp585
84.29578,103.75,18.924,2070,ssp585
84.29578,113.75,18.348,2070,ssp585
84.29578,123.75,17.476,2070,ssp585
84.29578,133.75,16.778,2070,ssp585
84.29578,143.75,16.462,2070,ssp585
84.29578,153.75,16.448,2070,ssp585
84.29578,163.75,16.635,2070,ssp585
84.29578,173.75,16.876,2070,ssp585
84.29578,183.75,17.067,2070,ssp585
84.29578,193.75,17.203,2070,ssp585
84.29578,203.75,17.285,2070,ssp585
84.29578,213.75,17.299,2070,ssp585
84.29578,223.75,17.327,2070,ssp585
84.29578,233.75,17.329,2070,ssp585
84.29578,243.75,17.302,2070,ssp585
84.29578,253.75,17.291,2070,ssp585
84.29578,263.75,16.962,2070,ssp585
84.29578,273.75,15.745,2070,ssp585
84.29578,283.75,14.65,2070,ssp585
84.29578,293.75,15.114,2070,ssp585
84.29578,303.75,15.588,2070,ssp585
84.29578,313.75,14.561,2070,ssp585
84.29578,323.75,13.866,2070,ssp585
84.29578,333.75,15.167,2070,ssp585
84.29578,343.75,16.709,2070,ssp585
84.29578,353.75,17.643,2070,ssp585
-88.09859,3.75,8.45,2100,ssp585
-88.09859,13.75,8.475,2100,ssp585
-88.09859,23.75,8.499,2100,ssp585
-88.09859,33.75,8.555,2100,ssp585
-88.09859,43.75,8.641,2100,ssp585
-88.09859,53.75,8.717,2100,ssp585
-88.09859,63.75,8.789,2100,ssp585
-88.09859,73.75,8.847,2100,ssp585
-88.09859,83.75,8.897,2100,ssp585
-88.09859,93.75,8.943,2100,ssp585
-88.09859,103.75,9.002,2100,ssp585
-88.09859,113.75,9.038,2100,ssp585
-88.09859,123.75,9.106,2100,ssp585
-88.09859,133.75,9.012,2100,ssp585
-88.09859,143.75,8.825,2100,ssp585
-88.09859,153.75,8.634,2100,ssp585
-88.09859,163.75,8.533,2100,ssp585
-88.09859,173.75,8.429,2100,ssp585
-88.09859,183.75,8.404,2100,ssp585
-88.09859,193.75,8.294,2100,ssp585
-88.09859,203.75,8.175,2100,ssp585
-88.09859,213.75,8.068,2100,ssp585
-88.09859,223.75,8.224,2100,ssp585
-88.09859,233.75,8.387,2100,ssp585
-88.09859,243.75,8.577,2100,ssp585
-88.09859,253.75,8.677,2100,ssp585
-88.09859,263.75,8.755,2100,ssp585
-88.09859,273.75,8.664,2100,ssp585
-88.09859,283.75,8.494,2100,ssp585
-88.09859,293.75,8.465,2100,ssp585
-88.09859,303.75,8.495,2100,ssp585
-88.09859,313.75,8.486,2100,ssp585
-88.09859,323.75,8.484,2100,ssp585
-88.09859,333.75,8.431,2100,ssp585
-88.09859,343.75,8.387,2100,ssp585
-88.09859,353.75,8.421,2100,ssp585
-83.02817,3.75,8.142,2100,ssp585
-83.02817,13.75,8.306,2100,ssp585
-83.02817,23.75,8.329,2100,ssp585
-83.02817,33.75,8.4,2100,ssp585
-83.02817,43.75,8.556,2100,ssp585
-83.02817,53.75,8.725,2100,ssp585
-83.02817,63.75,8.507,2100,ssp585
-83.02817,73.75,8.279,2100,ssp585
-83.02817,83.75,8.446,2100,ssp585
-83.02817,93.75,8.4,2100,ssp585
-83.02817,103.75,8.242,2100,ssp585
-83.02817,113.75,8.236,2100,ssp585
-83.02817,123.75,8.328,2100,ssp585
-83.02817,133.75,8.322,2100,ssp585
-83.02817,143.75,8.232,2100,ssp585
-83.02817,153.75,7.745,2100,ssp585
-83.02817,163.75,7.558,2100,ssp585
-83.02817,173.75,7.668,2100,ssp585
-83.02817,183.75,7.96,2100,ssp585
-83.02817,193.75,8.217,2100,ssp585
-83.02817,203.75,8.55,2100,ssp585
-83.02817,213.75,8.198,2100,ssp585
-83.02817,223.75,7.473,2100,ssp585
-83.02817,233.75,7.147,2100,ssp585
-83.02817,243.75,7.252,2100,ssp585
-83.02817,253.75,7.864,2100,ssp585
-83.02817,263.75,8.03,2100,ssp585
-83.02817,273.75,7.788,2100,ssp585
-83.02817,283.75,7.773,2100,ssp585
-83.02817,293.75,8.332,2100,ssp585
-83.02817,303.75,8.152,2100,ssp585
-83.02817,313.75,7.747,2100,ssp585
-83.02817,323.75,7.512,2100,ssp585
-83.02817,333.75,7.742,2100,ssp585
-83.02817,343.75,7.857,2100,ssp585
-83.02817,353.75,8.014,2100,ssp585
-77.95775,3.75,7.927,2100,ssp585
-77.95775,13.75,8.069,2100,ssp585
-77.95775,23.75,8.267,2100,ssp585
-77.95775,33.75,8.403,2100,ssp585
-77.95775,43.75,8.193,2100,ssp585
-77.95775,53.75,8.104,2100,ssp585
-77.95775,63.75,7.817,2100,ssp585
-77.95775,73.75,7.275,2100,ssp585
-77.95775,83.75,7.108,2100,ssp585
-77.95775,93.75,7.23,2100,ssp585
-77.95775,103.75,7.589,2100,ssp585
-77.95775,113.75,7.808,2100,ssp585
-77.95775,123.75,7.825,2100,ssp585
-77.95775,133.75,7.698,2100,ssp585
-77.95775,143.75,8.137,2100,ssp585
-77.95775,153.75,8.142,2100,ssp585
-77.95775,163.75,7.099,2100,ssp585
-77.95775,173.75,8.195,2100,ssp585
-77.95775,183.75,8.951,2100,ssp585
-77.95775,193.75,10.061,2100,ssp585
-77.95775,203.75,9.335,2100,ssp585
-77.95775,213.75,7.771,2100,ssp585
-77.95775,223.75,7.276,2100,ssp585
-77.95775,233.75,7.334,2100,ssp585
-77.95775,243.75,7.582,2100,ssp585
-77.95775,253.75,7.398,2100,ssp585
-77.95775,263.75,7.378,2100,ssp585
-77.95775,273.75,7.471,2100,ssp585
-77.95775,283.75,8.438,2100,ssp585
-77.95775,293.75,8.959,2100,ssp585
-77.95775,303.75,9.076,2100,ssp585
-77.95775,313.75,8.191,2100,ssp585
-77.95775,323.75,8.414,2100,ssp585
-77.95775,333.75,7.05,2100,ssp585
-77.95775,343.75,6.896,2100,ssp585
-77.95775,353.75,7.492,2100,ssp585
-72.88733,3.75,7.107,2100,ssp585
-72.88733,13.75,7.16,2100,ssp585
-72.88733,23.75,7.12,2100,ssp585
-72.88733,33.75,7.185,2100,ssp585
-72.88733,43.75,7.501,2100,ssp585
-72.88733,53.75,7.331,2100,ssp585
-72.88733,63.75,6.765,2100,ssp585
-72.88733,73.75,6.4,2100,ssp585
-72.88733,83.75,5.999,2100,ssp585
-72.88733,93.75,6.336,2100,ssp585
-72.88733,103.75,7.132,2100,ssp585
-72.88733,113.75,7.636,2100,ssp585
-72.88733,123.75,7.51,2100,ssp585
-72.88733,133.75,7.095,2100,ssp585
-72.88733,143.75,7.628,2100,ssp585
-72.88733,153.75,7.846,2100,ssp585
-72.88733,163.75,6.684,2100,ssp585
-72.88733,173.75,6.634,2100,ssp585
-72.88733,183.75,7.386,2100,ssp585
-72.88733,193.75,8.894,2100,ssp585
-72.88733,203.75,9.383,2100,ssp585
-72.88733,213.75,9.555,2100,ssp585
-72.88733,223.75,9.038,2100,ssp585
-72.88733,233.75,8.412,2100,ssp585
-72.88733,243.75,7.844,2100,ssp585
-72.88733,253.75,7.24,2100,ssp585
-72.88733,263.75,6.912,2100,ssp585
-72.88733,273.75,6.694,2100,ssp585
-72.88733,283.75,6.875,2100,ssp585
-72.88733,293.75,6.541,2100,ssp585
-72.88733,303.75,8.081,2100,ssp585
-72.88733,313.75,9.237,2100,ssp585
-72.88733,323.75,9.376,2100,ssp585
-72.88733,333.75,9.106,2100,ssp585
-72.88733,343.75,7.659,2100,ssp585
-72.88733,353.75,6.638,2100,ssp585
-67.8169,3.75,8.553,2100,ssp585
-67.8169,13.75,7.86,2100,ssp585
-67.8169,23.75,7.886,2100,ssp585
-67.8169,33.75,7.444,2100,ssp585
-67.8169,43.75,6.485,2100,ssp585
-67.8169,53.75,6.294,2100,ssp585
-67.8169,63.75,5.864,2100,ssp585
-67.8169,73.75,6.541,2100,ssp585
-67.8169,83.75,5.396,2100,ssp585
-67.8169,93.75,5.047,2100,ssp585
-67.8169,103.75,5.372,2100,ssp585
-67.8169,113.75,6.165,2100,ssp585
-67.8169,123.75,6.258,2100,ssp585
-67.8169,133.75,6.517,2100,ssp585
-67.8169,143.75,6.629,2100,ssp585
-67.8169,153.75,6.721,2100,ssp585
-67.8169,163.75,5.885,2100,ssp585
-67.8169,173.75,5.551,2100,ssp585
-67.8169,183.75,5.608,2100,ssp585
-67.8169,193.75,5.973,2100,ssp585
-67.8169,203.75,6.043,2100,ssp585
-67.8169,213.75,6.495,2100,ssp585
-67.8169,223.75,6.512,2100,ssp585
-67.8169,233.75,6.915,2100,ssp585
-67.8169,243.75,7.52,2100,ssp585
-67.8169,253.75,7.904,2100,ssp585
-67.8169,263.75,7.915,2100,ssp585
-67.8169,273.75,7.722,2100,ssp585
-67.8169,283.75,7.712,2100,ssp585
-67.8169,293.75,6.547,2100,ssp585
-67.8169,303.75,7.796,2100,ssp585
-67.8169,313.75,8.728,2100,ssp585
-67.8169,323.75,8.755,2100,ssp585
-67.8169,333.75,8.6,2100,ssp585
-67.8169,343.75,8.323,2100,ssp585
-67.8169,353.75,8.333,2100,ssp585
-62.746475,3.75,7.689,2100,ssp585
-62.746475,13.75,7.385,2100,ssp585
-62.746475,23.75,6.942,2100,ssp585
-62.746475,33.75,6.435,2100,ssp585
-62.746475,43.75,6.033,2100,ssp585
-62.746475,53.75,5.986,2100,ssp585
-62.746475,63.75,6.978,2100,ssp585
-62.746475,73.75,6.67,2100,ssp585
-62.746475,83.75,5.867,2100,ssp585
-62.746475,93.75,6.717,2100,ssp585
-62.746475,103.75,7.092,2100,ssp585
-62.746475,113.75,7.15,2100,ssp585
-62.746475,123.75,6.189,2100,ssp585
-62.746475,133.75,5.679,2100,ssp585
-62.746475,143.75,5.923,2100,ssp585
-62.746475,153.75,5.326,2100,ssp585
-62.746475,163.75,4.59,2100,ssp585
-62.746475,173.75,4.653,2100,ssp585
-62.746475,183.75,3.651,2100,ssp585
-62.746475,193.75,3.203,2100,ssp585
-62.746475,203.75,3.233,2100,ssp585
-62.746475,213.75,3.187,2100,ssp585
-62.746475,223.75,3.253,2100,ssp585
-62.746475,233.75,3.476,2100,ssp585
-62.746475,243.75,4.041,2100,ssp585
-62.746475,253.75,4.689,2100,ssp585
-62.746475,263.75,5.265,2100,ssp585
-62.746475,273.75,5.749,2100,ssp585
-62.746475,283.75,6.183,2100,ssp585
-62.746475,293.75,5.756,2100,ssp585
-62.746475,303.75,5.592,2100,ssp585
-62.746475,313.75,6.552,2100,ssp585
-62.746475,323.75,7.101,2100,ssp585
-62.746475,333.75,7.331,2100,ssp585
-62.746475,343.75,7.288,2100,ssp585
-62.746475,353.75,7.572,2100,ssp585
-57.676056,3.75,5.22,2100,ssp585
-57.676056,13.75,4.998,2100,ssp585
-57.676056,23.75,4.54,2100,ssp585
-57.676056,33.75,4.274,2100,ssp585
-57.676056,43.75,4.292,2100,ssp585
-57.676056,53.75,4.402,2100,ssp585
-57.676056,63.75,4.713,2100,ssp585
-57.676056,73.75,5.144,2100,ssp585
-57.676056,83.75,4.877,2100,ssp585
-57.676056,93.75,4.679,2100,ssp585
-57.676056,103.75,4.205,2100,ssp585
-57.676056,113.75,3.946,2100,ssp585
-57.676056,123.75,3.735,2100,ssp585
-57.676056,133.75,3.645,2100,ssp585
-57.676056,143.75,3.993,2100,ssp585
-57.676056,153.75,4.494,2100,ssp585
-57.676056,163.75,4.224,2100,ssp585
-57.676056,173.75,3.849,2100,ssp585
-57.676056,183.75,3.448,2100,ssp585
-57.676056,193.75,2.804,2100,ssp585
-57.676056,203.75,1.875,2100,ssp585
-57.676056,213.75,1.89,2100,ssp585
-57.676056,223.75,2.32,2100,ssp585
-57.676056,233.75,2.833,2100,ssp585
-57.676056,243.75,3.21,2100,ssp585
-57.676056,253.75,3.523,2100,ssp585
-57.676056,263.75,3.928,2100,ssp585
-57.676056,273.75,4.108,2100,ssp585
-57.676056,283.75,4.018,2100,ssp585
-57.676056,293.75,4.164,2100,ssp585
-57.676056,303.75,4.909,2100,ssp585
-57.676056,313.75,5.084,2100,ssp585
-57.676056,323.75,5.178,2100,ssp585
-57.676056,333.75,5.409,2100,ssp585
-57.676056,343.75,5.404,2100,ssp585
-57.676056,353.75,5.288,2100,ssp585
-52.605633,3.75,3.768,2100,ssp585
-52.605633,13.75,3.695,2100,ssp585
-52.605633,23.75,3.568,2100,ssp585
-52.605633,33.75,3.616,2100,ssp585
-52.605633,43.75,3.746,2100,ssp585
-52.605633,53.75,3.934,2100,ssp585
-52.605633,63.75,4.078,2100,ssp585
-52.605633,73.75,4.164,2100,ssp585
-52.605633,83.75,4.198,2100,ssp585
-52.605633,93.75,4.059,2100,ssp585
-52.605633,103.75,3.814,2100,ssp585
-52.605633,113.75,3.473,2100,ssp585
-52.605633,123.75,3.269,2100,ssp585
-52.605633,133.75,3.18,2100,ssp585
-52.605633,143.75,3.467,2100,ssp585
-52.605633,153.75,3.72,2100,ssp585
-52.605633,163.75,3.628,2100,ssp585
-52.605633,173.75,3.679,2100,ssp585
-52.605633,183.75,3.738,2100,ssp585
-52.605633,193.75,3.367,2100,ssp585
-52.605633,203.75,2.718,2100,ssp585
-52.605633,213.75,2.887,2100,ssp585
-52.605633,223.75,2.946,2100,ssp585
-52.605633,233.75,3.186,2100,ssp585
-52.605633,243.75,3.312,2100,ssp585
-52.605633,253.75,3.465,2100,ssp585
-52.605633,263.75,3.736,2100,ssp585
-52.605633,273.75,3.842,2100,ssp585
-52.605633,283.75,3.8,2100,ssp585
-52.605633,293.75,4.296,2100,ssp585
-52.605633,303.75,3.849,2100,ssp585
-52.605633,313.75,4.183,2100,ssp585
-52.605633,323.75,4.467,2100,ssp585
-52.605633,333.75,4.35,2100,ssp585
-52.605633,343.75,4.141,2100,ssp585
-52.605633,353.75,3.934,2100,ssp585
-47.535213,3.75,3.785,2100,ssp585
-47.535213,13.75,3.759,2100,ssp585
-47.535213,23.75,3.637,2100,ssp585
-47.535213,33.75,3.801,2100,ssp585
-47.535213,43.75,4.091,2100,ssp585
-47.535213,53.75,4.283,2100,ssp585
-47.535213,63.75,4.161,2100,ssp585
-47.535213,73.75,4.087,2100,ssp585
-47.535213,83.75,3.875,2100,ssp585
-47.535213,93.75,3.75,2100,ssp585
-47.535213,103.75,3.719,2100,ssp585
-47.535213,113.75,3.486,2100,ssp585
-47.535213,123.75,3.203,2100,ssp585
-47.535213,133.75,3.08,2100,ssp585
-47.535213,143.75,3.27,2100,ssp585
-47.535213,153.75,3.774,2100,ssp585
-47.535213,163.75,3.823,2100,ssp585
-47.535213,173.75,3.949,2100,ssp585
-47.535213,183.75,4.28,2100,ssp585
-47.535213,193.75,3.902,2100,ssp585
-47.535213,203.75,3.826,2100,ssp585
-47.535213,213.75,4.084,2100,ssp585
-47.535213,223.75,3.695,2100,ssp585
-47.535213,233.75,3.537,2100,ssp585
-47.535213,243.75,3.583,2100,ssp585
-47.535213,253.75,3.723,2100,ssp585
-47.535213,263.75,3.833,2100,ssp585
-47.535213,273.75,3.892,2100,ssp585
-47.535213,283.75,4.296,2100,ssp585
-47.535213,293.75,5.184,2100,ssp585
-47.535213,303.75,4.074,2100,ssp585
-47.535213,313.75,4.578,2100,ssp585
-47.535213,323.75,4.788,2100,ssp585
-47.535213,333.75,4.614,2100,ssp585
-47.535213,343.75,4.181,2100,ssp585
-47.535213,353.75,3.914,2100,ssp585
-42.46479,3.75,3.944,2100,ssp585
-42.46479,13.75,3.679,2100,ssp585
-42.46479,23.75,3.515,2100,ssp585
-42.46479,33.75,3.898,2100,ssp585
-42.46479,43.75,4.152,2100,ssp585
-42.46479,53.75,3.969,2100,ssp585
-42.46479,63.75,3.814,2100,ssp585
-42.46479,73.75,3.786,2100,ssp585
-42.46479,83.75,3.699,2100,ssp585
-42.46479,93.75,3.618,2100,ssp585
-42.46479,103.75,3.645,2100,ssp585
-42.46479,113.75,3.5,2100,ssp585
-42.46479,123.75,3.258,2100,ssp585
-42.46479,133.75,3.094,2100,ssp585
-42.46479,143.75,3.446,2100,ssp585
-42.46479,153.75,5.067,2100,ssp585
-42.46479,163.75,4.398,2100,ssp585
-42.46479,173.75,5.017,2100,ssp585
-42.46479,183.75,4.945,2100,ssp585
-42.46479,193.75,4.721,2100,ssp585
-42.46479,203.75,4.638,2100,ssp585
-42.46479,213.75,4.351,2100,ssp585
-42.46479,223.75,3.928,2100,ssp585
-42.46479,233.75,3.723,2100,ssp585
-42.46479,243.75,3.738,2100,ssp585
-42.46479,253.75,4.074,2100,ssp585
-42.46479,263.75,4.22,2100,ssp585
-42.46479,273.75,4.178,2100,ssp585
-42.46479,283.75,4.353,2100,ssp585
-42.46479,293.75,5.666,2100,ssp585
-42.46479,303.75,5.526,2100,ssp585
-42.46479,313.75,5.352,2100,ssp585
-42.46479,323.75,5.268,2100,ssp585
-42.46479,333.75,5.271,2100,ssp585
-42.46479,343.75,5.077,2100,ssp585
-42.46479,353.75,4.32,2100,ssp585
-37.394363,3.75,3.692,2100,ssp585
-37.394363,13.75,3.494,2100,ssp585
-37.394363,23.75,3.615,2100,ssp585
-37.394363,33.75,3.347,2100,ssp585
-37.394363,43.75,3.527,2100,ssp585
-37.394363,53.75,3.403,2100,ssp585
-37.394363,63.75,3.448,2100,ssp585
-37.394363,73.75,3.695,2100,ssp585
-37.394363,83.75,3.935,2100,ssp585
-37.394363,93.75,4.281,2100,ssp585
-37.394363,103.75,4.14,2100,ssp585
-37.394363,113.75,3.507,2100,ssp585
-37.394363,123.75,3.398,2100,ssp585
-37.394363,133.75,3.178,2100,ssp585
-37.394363,143.75,4.717,2100,ssp585
-37.394363,153.75,5.514,2100,ssp585
-37.394363,163.75,5.015,2100,ssp585
-37.394363,173.75,5.515,2100,ssp585
-37.394363,183.75,5.047,2100,ssp585
-37.394363,193.75,5.006,2100,ssp585
-37.394363,203.75,4.843,2100,ssp585
-37.394363,213.75,4.611,2100,ssp585
-37.394363,223.75,4.183,2100,ssp585
-37.394363,233.75,3.943,2100,ssp585
-37.394363,243.75,4.007,2100,ssp585
-37.394363,253.75,4.3,2100,ssp585
-37.394363,263.75,4.455,2100,ssp585
-37.394363,273.75,4.196,2100,ssp585
-37.394363,283.75,3.777,2100,ssp585
-37.394363,293.75,5.755,2100,ssp585
-37.394363,303.75,5.254,2100,ssp585
-37.394363,313.75,4.642,2100,ssp585
-37.394363,323.75,5.021,2100,ssp585
-37.394363,333.75,5.076,2100,ssp585
-37.394363,343.75,4.624,2100,ssp585
-37.394363,353.75,4.007,2100,ssp585
-32.323944,3.75,3.381,2100,ssp585
-32.323944,13.75,3.455,2100,ssp585
-32.323944,23.75,6.515,2100,ssp585
-32.323944,33.75,4.414,2100,ssp585
-32.323944,43.75,4.598,2100,ssp585
-32.323944,53.75,4.319,2100,ssp585
-32.323944,63.75,4.221,2100,ssp585
-32.323944,73.75,4.089,2100,ssp585
-32.323944,83.75,4.265,2100,ssp585
-32.323944,93.75,4.503,2100,ssp585
-32.323944,103.75,3.931,2100,ssp585
-32.323944,113.75,4.378,2100,ssp585
-32.323944,123.75,5.076,2100,ssp585
-32.323944,133.75,4.72,2100,ssp585
-32.323944,143.75,6.904,2100,ssp585
-32.323944,153.75,5.41,2100,ssp585
-32.323944,163.75,4.716,2100,ssp585
-32.323944,173.75,5.244,2100,ssp585
-32.323944,183.75,5.305,2100,ssp585
-32.323944,193.75,5.287,2100,ssp585
-32.323944,203.75,5.011,2100,ssp585
-32.323944,213.75,4.603,2100,ssp585
-32.323944,223.75,4.212,2100,ssp585
-32.323944,233.75,3.981,2100,ssp585
-32.323944,243.75,4.007,2100,ssp585
-32.323944,253.75,4.1,2100,ssp585
-32.323944,263.75,4.09,2100,ssp585
-32.323944,273.75,3.679,2100,ssp585
-32.323944,283.75,3.314,2100,ssp585
-32.323944,293.75,5.768,2100,ssp585
-32.323944,303.75,5.693,2100,ssp585
-32.323944,313.75,4.741,2100,ssp585
-32.323944,323.75,4.825,2100,ssp585
-32.323944,333.75,4.798,2100,ssp585
-32.323944,343.75,4.057,2100,ssp585
-32.323944,353.75,3.481,2100,ssp585
-27.253521,3.75,3.332,2100,ssp585
-27.253521,13.75,4.548,2100,ssp585
-27.253521,23.75,8.314,2100,ssp585
-27.253521,33.75,6.198,2100,ssp585
-27.253521,43.75,5.244,2100,ssp585
-27.253521,53.75,4.85,2100,ssp585
-27.253521,63.75,4.511,2100,ssp585
-27.253521,73.75,4.323,2100,ssp585
-27.253521,83.75,4.429,2100,ssp585
-27.253521,93.75,4.364,2100,ssp585
-27.253521,103.75,4.035,2100,ssp585
-27.253521,113.75,5.797,2100,ssp585
-27.253521,123.75,8.149,2100,ssp585
-27.253521,133.75,7.236,2100,ssp585
-27.253521,143.75,8.226,2100,ssp585
-27.253521,153.75,5.726,2100,ssp585
-27.253521,163.75,5.016,2100,ssp585
-27.253521,173.75,5.626,2100,ssp585
-27.253521,183.75,5.605,2100,ssp585
-27.253521,193.75,5.234,2100,ssp585
-27.253521,203.75,4.761,2100,ssp585
-27.253521,213.75,4.185,2100,ssp585
-27.253521,223.75,3.762,2100,ssp585
-27.253521,233.75,3.583,2100,ssp585
-27.253521,243.75,3.743,2100,ssp585
-27.253521,253.75,3.792,2100,ssp585
-27.253521,263.75,3.536,2100,ssp585
-27.253521,273.75,3.233,2100,ssp585
-27.253521,283.75,3.237,2100,ssp585
-27.253521,293.75,6.655,2100,ssp585
-27.253521,303.75,6.851,2100,ssp585
-27.253521,313.75,4.899,2100,ssp585
-27.253521,323.75,4.456,2100,ssp585
-27.253521,333.75,4.199,2100,ssp585
-27.253521,343.75,3.332,2100,ssp585
-27.253521,353.75,3.14,2100,ssp585
-22.1831,3.75,3.54,2100,ssp585
-22.1831,13.75,5.76,2100,ssp585
-22.1831,23.75,8.269,2100,ssp585
-22.1831,33.75,6.526,2100,ssp585
-22.1831,43.75,6.192,2100,ssp585
-22.1831,53.75,4.539,2100,ssp585
-22.1831,63.75,4.557,2100,ssp585
-22.1831,73.75,4.719,2100,ssp585
-22.1831,83.75,4.892,2100,ssp585
-22.1831,93.75,4.757,2100,ssp585
-22.1831,103.75,4.575,2100,ssp585
-22.1831,113.75,5.936,2100,ssp585
-22.1831,123.75,8.619,2100,ssp585
-22.1831,133.75,8.178,2100,ssp585
-22.1831,143.75,7.983,2100,ssp585
-22.1831,153.75,5.148,2100,ssp585
-22.1831,163.75,5.447,2100,ssp585
-22.1831,173.75,5.636,2100,ssp585
-22.1831,183.75,5.198,2100,ssp585
-22.1831,193.75,4.629,2100,ssp585
-22.1831,203.75,4.139,2100,ssp585
-22.1831,213.75,3.679,2100,ssp585
-22.1831,223.75,3.576,2100,ssp585
-22.1831,233.75,3.647,2100,ssp585
-22.1831,243.75,3.564,2100,ssp585
-22.1831,253.75,3.419,2100,ssp585
-22.1831,263.75,3.377,2100,ssp585
-22.1831,273.75,3.124,2100,ssp585
-22.1831,283.75,3.636,2100,ssp585
-22.1831,293.75,7.65,2100,ssp585
-22.1831,303.75,8.141,2100,ssp585
-22.1831,313.75,6.679,2100,ssp585
-22.1831,323.75,3.68,2100,ssp585
-22.1831,333.75,3.134,2100,ssp585
-22.1831,343.75,2.815,2100,ssp585
-22.1831,353.75,3.104,2100,ssp585
-17.112675,3.75,4.369,2100,ssp585
-17.112675,13.75,6.664,2100,ssp585
-17.112675,23.75,8.121,2100,ssp585
-17.112675,33.75,7.079,2100,ssp585
-17.112675,43.75,5.838,2100,ssp585
-17.112675,53.75,4.728,2100,ssp585
-17.112675,63.75,4.936,2100,ssp585
-17.112675,73.75,5.157,2100,ssp585
-17.112675,83.75,5.241,2100,ssp585
-17.112675,93.75,5.154,2100,ssp585
-17.112675,103.75,5.098,2100,ssp585
-17.112675,113.75,5.416,2100,ssp585
-17.112675,123.75,6.827,2100,ssp585
-17.112675,133.75,7.196,2100,ssp585
-17.112675,143.75,6.149,2100,ssp585
-17.112675,153.75,5.214,2100,ssp585
-17.112675,163.75,5.426,2100,ssp585
-17.112675,173.75,5.328,2100,ssp585
-17.112675,183.75,4.888,2100,ssp585
-17.112675,193.75,4.56,2100,ssp585
-17.112675,203.75,4.179,2100,ssp585
-17.112675,213.75,3.969,2100,ssp585
-17.112675,223.75,3.888,2100,ssp585
-17.112675,233.75,3.778,2100,ssp585
-17.112675,243.75,3.599,2100,ssp585
-17.112675,253.75,3.771,2100,ssp585
-17.112675,263.75,3.864,2100,ssp585
-17.112675,273.75,3.882,2100,ssp585
-17.112675,283.75,5.324,2100,ssp585
-17.112675,293.75,8.486,2100,ssp585
-17.112675,303.75,8.322,2100,ssp585
-17.112675,313.75,7.484,2100,ssp585
-17.112675,323.75,4.032,2100,ssp585
-17.112675,333.75,3.214,2100,ssp585
-17.112675,343.75,3.412,2100,ssp585
-17.112675,353.75,3.801,2100,ssp585
-12.0422535,3.75,4.907,2100,ssp585
-12.0422535,13.75,6.246,2100,ssp585
-12.0422535,23.75,7.628,2100,ssp585
-12.0422535,33.75,7.113,2100,ssp585
-12.0422535,43.75,5.475,2100,ssp585
-12.0422535,53.75,5.388,2100,ssp585
-12.0422535,63.75,5.525,2100,ssp585
-12.0422535,73.75,5.613,2100,ssp585
-12.0422535,83.75,5.611,2100,ssp585
-12.0422535,93.75,5.402,2100,ssp585
-12.0422535,103.75,5.265,2100,ssp585
-12.0422535,113.75,5.27,2100,ssp585
-12.0422535,123.75,5.569,2100,ssp585
-12.0422535,133.75,5.815,2100,ssp585
-12.0422535,143.75,5.332,2100,ssp585
-12.0422535,153.75,5.415,2100,ssp585
-12.0422535,163.75,5.395,2100,ssp585
-12.0422535,173.75,5.278,2100,ssp585
-12.0422535,183.75,5.179,2100,ssp585
-12.0422535,193.75,4.98,2100,ssp585
-12.0422535,203.75,4.682,2100,ssp585
-12.0422535,213.75,4.56,2100,ssp585
-12.0422535,223.75,4.526,2100,ssp585
-12.0422535,233.75,4.602,2100,ssp585
-12.0422535,243.75,4.495,2100,ssp585
-12.0422535,253.75,4.608,2100,ssp585
-12.0422535,263.75,4.769,2100,ssp585
-12.0422535,273.75,5.366,2100,ssp585
-12.0422535,283.75,7.265,2100,ssp585
-12.0422535,293.75,8.37,2100,ssp585
-12.0422535,303.75,8.195,2100,ssp585
-12.0422535,313.75,7.455,2100,ssp585
-12.0422535,323.75,4.899,2100,ssp585
-12.0422535,333.75,4.284,2100,ssp585
-12.0422535,343.75,4.327,2100,ssp585
-12.0422535,353.75,4.641,2100,ssp585
-6.9718313,3.75,5.296,2100,ssp585
-6.9718313,13.75,6.5,2100,ssp585
-6.9718313,23.75,7.411,2100,ssp585
-6.9718313,33.75,7.049,2100,ssp585
-6.9718313,43.75,5.424,2100,ssp585
-6.9718313,53.75,5.731,2100,ssp585
-6.9718313,63.75,5.963,2100,ssp585
-6.9718313,73.75,5.974,2100,ssp585
-6.9718313,83.75,5.897,2100,ssp585
-6.9718313,93.75,5.545,2100,ssp585
-6.9718313,103.75,5.324,2100,ssp585
-6.9718313,113.75,5.449,2100,ssp585
-6.9718313,123.75,5.6,2100,ssp585
-6.9718313,133.75,5.396,2100,ssp585
-6.9718313,143.75,5.592,2100,ssp585
-6.9718313,153.75,5.551,2100,ssp585
-6.9718313,163.75,5.513,2100,ssp585
-6.9718313,173.75,5.432,2100,ssp585
-6.9718313,183.75,5.373,2100,ssp585
-6.9718313,193.75,5.267,2100,ssp585
-6.9718313,203.75,5.146,2100,ssp585
-6.9718313,213.75,5.091,2100,ssp585
-6.9718313,223.75,5.124,2100,ssp585
-6.9718313,233.75,5.152,2100,ssp585
-6.9718313,243.75,5.174,2100,ssp585
-6.9718313,253.75,5.277,2100,ssp585
-6.9718313,263.75,5.446,2100,ssp585
-6.9718313,273.75,6.003,2100,ssp585
-6.9718313,283.75,7.546,2100,ssp585
-6.9718313,293.75,8.24,2100,ssp585
-6.9718313,303.75,8.617,2100,ssp585
-6.9718313,313.75,7.596,2100,ssp585
-6.9718313,323.75,5.854,2100,ssp585
-6.9718313,333.75,4.939,2100,ssp585
-6.9718313,343.75,4.918,2100,ssp585
-6.9718313,353.75,5.086,2100,ssp585
-1.9014084,3.75,5.655,2100,ssp585
-1.9014084,13.75,6.779,2100,ssp585
-1.9014084,23.75,7.655,2100,ssp585
-1.9014084,33.75,6.723,2100,ssp585
-1.9014084,43.75,5.904,2100,ssp585
-1.9014084,53.75,6.008,2100,ssp585
-1.9014084,63.75,5.98,2100,ssp585
-1.9014084,73.75,5.959,2100,ssp585
-1.9014084,83.75,5.921,2100,ssp585
-1.9014084,93.75,5.73,2100,ssp585
-1.9014084,103.75,5.669,2100,ssp585
-1.9014084,113.75,5.666,2100,ssp585
-1.9014084,123.75,5.706,2100,ssp585
-1.9014084,133.75,5.682,2100,ssp585
-1.9014084,143.75,5.734,2100,ssp585
-1.9014084,153.75,5.656,2100,ssp585
-1.9014084,163.75,5.607,2100,ssp585
-1.9014084,173.75,5.526,2100,ssp585
-1.9014084,183.75,5.546,2100,ssp585
-1.9014084,193.75,5.546,2100,ssp585
-1.9014084,203.75,5.524,2100,ssp585
-1.9014084,213.75,5.482,2100,ssp585
-1.9014084,223.75,5.482,2100,ssp585
-1.9014084,233.75,5.528,2100,ssp585
-1.9014084,243.75,5.6,2100,ssp585
-1.9014084,253.75,5.781,2100,ssp585
-1.9014084,263.75,5.908,2100,ssp585
-1.9014084,273.75,6.032,2100,ssp585
-1.9014084,283.75,7.05,2100,ssp585
-1.9014084,293.75,8.246,2100,ssp585
-1.9014084,303.75,8.471,2100,ssp585
-1.9014084,313.75,6.07,2100,ssp585
-1.9014084,323.75,5.222,2100,ssp585
-1.9014084,333.75,5.25,2100,ssp585
-1.9014084,343.75,5.348,2100,ssp585
-1.9014084,353.75,5.536,2100,ssp585
3.169014,3.75,5.389,2100,ssp585
3.169014,13.75,6.935,2100,ssp585
3.169014,23.75,7.574,2100,ssp585
3.169014,33.75,6.676,2100,ssp585
3.169014,43.75,6.138,2100,ssp585
3.169014,53.75,6.104,2100,ssp585
3.169014,63.75,6.022,2100,ssp585
3.169014,73.75,5.906,2100,ssp585
3.169014,83.75,5.885,2100,ssp585
3.169014,93.75,5.898,2100,ssp585
3.169014,103.75,5.523,2100,ssp585
3.169014,113.75,5.652,2100,ssp585
3.169014,123.75,5.581,2100,ssp585
3.169014,133.75,5.692,2100,ssp585
3.169014,143.75,5.742,2100,ssp585
3.169014,153.75,5.699,2100,ssp585
3.169014,163.75,5.655,2100,ssp585
3.169014,173.75,5.66,2100,ssp585
3.169014,183.75,5.682,2100,ssp585
3.169014,193.75,5.663,2100,ssp585
3.169014,203.75,5.593,2100,ssp585
3.169014,213.75,5.63,2100,ssp585
3.169014,223.75,5.627,2100,ssp585
3.169014,233.75,5.65,2100,ssp585
3.169014,243.75,5.657,2100,ssp585
3.169014,253.75,5.667,2100,ssp585
3.169014,263.75,5.506,2100,ssp585
3.169014,273.75,5.458,2100,ssp585
3.169014,283.75,6.66,2100,ssp585
3.169014,293.75,8.68,2100,ssp585
3.169014,303.75,7.684,2100,ssp585
3.169014,313.75,5.077,2100,ssp585
3.169014,323.75,5.084,2100,ssp585
3.169014,333.75,5.223,2100,ssp585
3.169014,343.75,5.285,2100,ssp585
3.169014,353.75,5.372,2100,ssp585
8.239437,3.75,7.299,2100,ssp585
8.239437,13.75,7.629,2100,ssp585
8.239437,23.75,7.724,2100,ssp585
8.239437,33.75,7.099,2100,ssp585
8.239437,43.75,6.957,2100,ssp585
8.239437,53.75,6.345,2100,ssp585
8.239437,63.75,6.063,2100,ssp585
8.239437,73.75,5.895,2100,ssp585
8.239437,83.75,5.666,2100,ssp585
8.239437,93.75,5.532,2100,ssp585
8.239437,103.75,5.219,2100,ssp585
8.239437,113.75,5.218,2100,ssp585
8.239437,123.75,5.574,2100,ssp585
8.239437,133.75,5.636,2100,ssp585
8.239437,143.75,5.71,2100,ssp585
8.239437,153.75,5.765,2100,ssp585
8.239437,163.75,5.789,2100,ssp585
8.239437,173.75,5.797,2100,ssp585
8.239437,183.75,5.791,2100,ssp585
8.239437,193.75,5.708,2100,ssp585
8.239437,203.75,5.608,2100,ssp585
8.239437,213.75,5.578,2100,ssp585
8.239437,223.75,5.482,2100,ssp585
8.239437,233.75,5.382,2100,ssp585
8.239437,243.75,5.363,2100,ssp585
8.239437,253.75,5.494,2100,ssp585
8.239437,263.75,5.615,2100,ssp585
8.239437,273.75,5.834,2100,ssp585
8.239437,283.75,6.362,2100,ssp585
8.239437,293.75,7.974,2100,ssp585
8.239437,303.75,5.146,2100,ssp585
8.239437,313.75,4.776,2100,ssp585
8.239437,323.75,4.653,2100,ssp585
8.239437,333.75,4.817,2100,ssp585
8.239437,343.75,4.859,2100,ssp585
8.239437,353.75,7.328,2100,ssp585
13.309858,3.75,8.367,2100,ssp585
13.309858,13.75,8.215,2100,ssp585
13.309858,23.75,7.971,2100,ssp585
13.309858,33.75,7.273,2100,ssp585
13.309858,43.75,6.888,2100,ssp585
13.309858,53.75,6.506,2100,ssp585
13.309858,63.75,6.346,2100,ssp585
13.309858,73.75,6.143,2100,ssp585
13.309858,83.75,5.573,2100,ssp585
13.309858,93.75,5.301,2100,ssp585
13.309858,103.75,5.9,2100,ssp585
13.309858,113.75,4.875,2100,ssp585
13.309858,123.75,5.413,2100,ssp585
13.309858,133.75,5.59,2100,ssp585
13.309858,143.75,5.792,2100,ssp585
13.309858,153.75,5.93,2100,ssp585
13.309858,163.75,6.001,2100,ssp585
13.309858,173.75,6.044,2100,ssp585
13.309858,183.75,6.016,2100,ssp585
13.309858,193.75,5.873,2100,ssp585
13.309858,203.75,5.766,2100,ssp585
13.309858,213.75,5.817,2100,ssp585
13.309858,223.75,5.832,2100,ssp585
13.309858,233.75,5.711,2100,ssp585
13.309858,243.75,5.588,2100,ssp585
13.309858,253.75,5.755,2100,ssp585
13.309858,263.75,6.078,2100,ssp585
13.309858,273.75,6.28,2100,ssp585
13.309858,283.75,4.675,2100,ssp585
13.309858,293.75,4.672,2100,ssp585
13.309858,303.75,4.479,2100,ssp585
13.309858,313.75,4.35,2100,ssp585
13.309858,323.75,4.539,2100,ssp585
13.309858,333.75,4.501,2100,ssp585
13.309858,343.75,5.766,2100,ssp585
13.309858,353.75,8.939,2100,ssp585
18.380281,3.75,9.18,2100,ssp585
18.380281,13.75,9.174,2100,ssp585
18.380281,23.75,9.16,2100,ssp585
18.380281,33.75,8.208,2100,ssp585
18.380281,43.75,7.682,2100,ssp585
18.380281,53.75,7.632,2100,ssp585
18.380281,63.75,6.429,2100,ssp585
18.380281,73.75,6.675,2100,ssp585
18.380281,83.75,6.143,2100,ssp585
18.380281,93.75,5.913,2100,ssp585
18.380281,103.75,6.158,2100,ssp585
18.380281,113.75,5.104,2100,ssp585
18.380281,123.75,5.288,2100,ssp585
18.380281,133.75,5.309,2100,ssp585
18.380281,143.75,5.445,2100,ssp585
18.380281,153.75,5.593,2100,ssp585
18.380281,163.75,5.672,2100,ssp585
18.380281,173.75,5.796,2100,ssp585
18.380281,183.75,5.889,2100,ssp585
18.380281,193.75,5.829,2100,ssp585
18.380281,203.75,5.755,2100,ssp585
18.380281,213.75,5.873,2100,ssp585
18.380281,223.75,6.022,2100,ssp585
18.380281,233.75,5.999,2100,ssp585
18.380281,243.75,5.513,2100,ssp585
18.380281,253.75,5.985,2100,ssp585
18.380281,263.75,6.534,2100,ssp585
18.380281,273.75,5.749,2100,ssp585
18.380281,283.75,5.672,2100,ssp585
18.380281,293.75,5.069,2100,ssp585
18.380281,303.75,4.667,2100,ssp585
18.380281,313.75,4.084,2100,ssp585
18.380281,323.75,3.974,2100,ssp585
18.380281,333.75,4.261,2100,ssp585
18.380281,343.75,5.372,2100,ssp585
18.380281,353.75,9.169,2100,ssp585
23.450703,3.75,9.715,2100,ssp585
23.450703,13.75,9.263,2100,ssp585
23.450703,23.75,9.246,2100,ssp585
23.450703,33.75,8.518,2100,ssp585
23.450703,43.75,8.833,2100,ssp585
23.450703,53.75,8.287,2100,ssp585
23.450703,63.75,6.846,2100,ssp585
23.450703,73.75,8.176,2100,ssp585
23.450703,83.75,8.076,2100,ssp585
23.450703,93.75,7.32,2100,ssp585
23.450703,103.75,7.244,2100,ssp585
23.450703,113.75,6.669,2100,ssp585
23.450703,123.75,5.578,2100,ssp585
23.450703,133.75,5.622,2100,ssp585
23.450703,143.75,5.297,2100,ssp585
23.450703,153.75,5.278,2100,ssp585
23.450703,163.75,5.398,2100,ssp585
23.450703,173.75,5.497,2100,ssp585
23.450703,183.75,5.612,2100,ssp585
23.450703,193.75,5.707,2100,ssp585
23.450703,203.75,5.59,2100,ssp585
23.450703,213.75,5.647,2100,ssp585
23.450703,223.75,5.957,2100,ssp585
23.450703,233.75,6.21,2100,ssp585
23.450703,243.75,5.103,2100,ssp585
23.450703,253.75,6.872,2100,ssp585
23.450703,263.75,6.012,2100,ssp585
23.450703,273.75,5.455,2100,ssp585
23.450703,283.75,5.738,2100,ssp585
23.450703,293.75,5.674,2100,ssp585
23.450703,303.75,5.709,2100,ssp585
23.450703,313.75,5.345,2100,ssp585
23.450703,323.75,4.594,2100,ssp585
23.450703,333.75,4.025,2100,ssp585
23.450703,343.75,4.553,2100,ssp585
23.450703,353.75,8.811,2100,ssp585
28.521126,3.75,9.534,2100,ssp585
28.521126,13.75,9.089,2100,ssp585
28.521126,23.75,8.515,2100,ssp585
28.521126,33.75,8.754,2100,ssp585
28.521126,43.75,9.658,2100,ssp585
28.521126,53.75,8.901,2100,ssp585
28.521126,63.75,9.65,2100,ssp585
28.521126,73.75,9.501,2100,ssp585
28.521126,83.75,9.297,2100,ssp585
28.521126,93.75,9.403,2100,ssp585
28.521126,103.75,8.791,2100,ssp585
28.521126,113.75,8.731,2100,ssp585
28.521126,123.75,6.988,2100,ssp585
28.521126,133.75,6.107,2100,ssp585
28.521126,143.75,5.791,2100,ssp585
28.521126,153.75,5.611,2100,ssp585
28.521126,163.75,5.588,2100,ssp585
28.521126,173.75,5.854,2100,ssp585
28.521126,183.75,5.832,2100,ssp585
28.521126,193.75,5.77,2100,ssp585
28.521126,203.75,5.574,2100,ssp585
28.521126,213.75,5.554,2100,ssp585
28.521126,223.75,5.715,2100,ssp585
28.521126,233.75,5.936,2100,ssp585
28.521126,243.75,5.719,2100,ssp585
28.521126,253.75,8.174,2100,ssp585
28.521126,263.75,7.07,2100,ssp585
28.521126,273.75,6.33,2100,ssp585
28.521126,283.75,5.68,2100,ssp585
28.521126,293.75,5.749,2100,ssp585
28.521126,303.75,5.96,2100,ssp585
28.521126,313.75,6.042,2100,ssp585
28.521126,323.75,5.552,2100,ssp585
28.521126,333.75,4.979,2100,ssp585
28.521126,343.75,4.213,2100,ssp585
28.521126,353.75,7.701,2100,ssp585
33.591553,3.75,8.899,2100,ssp585
33.591553,13.75,7.228,2100,ssp585
33.591553,23.75,6.621,2100,ssp585
33.591553,33.75,7.21,2100,ssp585
33.591553,43.75,9.834,2100,ssp585
33.591553,53.75,10.023,2100,ssp585
33.591553,63.75,10.965,2100,ssp585
33.591553,73.75,10.525,2100,ssp585
33.591553,83.75,10.815,2100,ssp585
33.591553,93.75,11.568,2100,ssp585
33.591553,103.75,9.934,2100,ssp585
33.591553,113.75,9.031,2100,ssp585
33.591553,123.75,8.086,2100,ssp585
33.591553,133.75,7.528,2100,ssp585
33.591553,143.75,6.515,2100,ssp585
33.591553,153.75,6.239,2100,ssp585
33.591553,163.75,6.061,2100,ssp585
33.591553,173.75,6.289,2100,ssp585
33.591553,183.75,6.555,2100,ssp585
33.591553,193.75,6.375,2100,ssp585
33.591553,203.75,5.996,2100,ssp585
33.591553,213.75,5.785,2100,ssp585
33.591553,223.75,5.712,2100,ssp585
33.591553,233.75,5.554,2100,ssp585
33.591553,243.75,7.093,2100,ssp585
33.591553,253.75,8.707,2100,ssp585
33.591553,263.75,8.605,2100,ssp585
33.591553,273.75,8.306,2100,ssp585
33.591553,283.75,6.559,2100,ssp585
33.591553,293.75,5.777,2100,ssp585
33.591553,303.75,5.829,2100,ssp585
33.591553,313.75,6.077,2100,ssp585
33.591553,323.75,6.129,2100,ssp585
33.591553,333.75,5.515,2100,ssp585
33.591553,343.75,4.849,2100,ssp585
33.591553,353.75,6.361,2100,ssp585
38.661972,3.75,6.424,2100,ssp585
38.661972,13.75,6.868,2100,ssp585
38.661972,23.75,7.708,2100,ssp585
38.661972,33.75,9.41,2100,ssp585
38.661972,43.75,10.001,2100,ssp585
38.661972,53.75,8.861,2100,ssp585
38.661972,63.75,10.472,2100,ssp585
38.661972,73.75,10.305,2100,ssp585
38.661972,83.75,10.491,2100,ssp585
38.661972,93.75,10.422,2100,ssp585
38.661972,103.75,10.437,2100,ssp585
38.661972,113.75,9.607,2100,ssp585
38.661972,123.75,9.246,2100,ssp585
38.661972,133.75,9.193,2100,ssp585
38.661972,143.75,7.98,2100,ssp585
38.661972,153.75,7.538,2100,ssp585
38.661972,163.75,7.062,2100,ssp585
38.661972,173.75,7.044,2100,ssp585
38.661972,183.75,7.29,2100,ssp585
38.661972,193.75,7.096,2100,ssp585
38.661972,203.75,6.72,2100,ssp585
38.661972,213.75,6.344,2100,ssp585
38.661972,223.75,6.059,2100,ssp585
38.661972,233.75,5.912,2100,ssp585
38.661972,243.75,8.614,2100,ssp585
38.661972,253.75,8.457,2100,ssp585
38.661972,263.75,9.143,2100,ssp585
38.661972,273.75,9.252,2100,ssp585
38.661972,283.75,8.2,2100,ssp585
38.661972,293.75,6.404,2100,ssp585
38.661972,303.75,6.17,2100,ssp585
38.661972,313.75,6.06,2100,ssp585
38.661972,323.75,6.377,2100,ssp585
38.661972,333.75,6.068,2100,ssp585
38.661972,343.75,5.387,2100,ssp585
38.661972,353.75,6.764,2100,ssp585
43.732395,3.75,7.602,2100,ssp585
43.732395,13.75,8.222,2100,ssp585
43.732395,23.75,9.273,2100,ssp585
43.732395,33.75,7.953,2100,ssp585
43.732395,43.75,9.56,2100,ssp585
43.732395,53.75,9.552,2100,ssp585
43.732395,63.75,10.43,2100,ssp585
43.732395,73.75,10.786,2100,ssp585
43.732395,83.75,10.421,2100,ssp585
43.732395,93.75,10.425,2100,ssp585
43.732395,103.75,10.159,2100,ssp585
43.732395,113.75,11.2,2100,ssp585
43.732395,123.75,11.013,2100,ssp585
43.732395,133.75,10.295,2100,ssp585
43.732395,143.75,9.2,2100,ssp585
43.732395,153.75,8.45,2100,ssp585
43.732395,163.75,7.895,2100,ssp585
43.732395,173.75,7.681,2100,ssp585
43.732395,183.75,7.741,2100,ssp585
43.732395,193.75,7.616,2100,ssp585
43.732395,203.75,7.296,2100,ssp585
43.732395,213.75,7.056,2100,ssp585
43.732395,223.75,6.498,2100,ssp585
43.732395,233.75,6.579,2100,ssp585
43.732395,243.75,9.239,2100,ssp585
43.732395,253.75,9.154,2100,ssp585
43.732395,263.75,10.517,2100,ssp585
43.732395,273.75,10.145,2100,ssp585
43.732395,283.75,9.718,2100,ssp585
43.732395,293.75,8.434,2100,ssp585
43.732395,303.75,7.744,2100,ssp585
43.732395,313.75,7.435,2100,ssp585
43.732395,323.75,7.268,2100,ssp585
43.732395,333.75,6.486,2100,ssp585
43.732395,343.75,5.657,2100,ssp585
43.732395,353.75,6.304,2100,ssp585
48.802814,3.75,7.921,2100,ssp585
48.802814,13.75,8.904,2100,ssp585
48.802814,23.75,9.396,2100,ssp585
48.802814,33.75,10.323,2100,ssp585
48.802814,43.75,11.064,2100,ssp585
48.802814,53.75,11.013,2100,ssp585
48.802814,63.75,10.96,2100,ssp585
48.802814,73.75,10.785,2100,ssp585
48.802814,83.75,10.841,2100,ssp585
48.802814,93.75,10.868,2100,ssp585
48.802814,103.75,11.443,2100,ssp585
48.802814,113.75,12.093,2100,ssp585
48.802814,123.75,12.142,2100,ssp585
48.802814,133.75,11.551,2100,ssp585
48.802814,143.75,9.735,2100,ssp585
48.802814,153.75,7.996,2100,ssp585
48.802814,163.75,7.721,2100,ssp585
48.802814,173.75,7.623,2100,ssp585
48.802814,183.75,7.859,2100,ssp585
48.802814,193.75,7.81,2100,ssp585
48.802814,203.75,7.426,2100,ssp585
48.802814,213.75,7.181,2100,ssp585
48.802814,223.75,6.638,2100,ssp585
48.802814,233.75,7.781,2100,ssp585
48.802814,243.75,10.194,2100,ssp585
48.802814,253.75,11.442,2100,ssp585
48.802814,263.75,12.323,2100,ssp585
48.802814,273.75,11.952,2100,ssp585
48.802814,283.75,11.312,2100,ssp585
48.802814,293.75,10.087,2100,ssp585
48.802814,303.75,9.335,2100,ssp585
48.802814,313.75,8.359,2100,ssp585
48.802814,323.75,7.536,2100,ssp585
48.802814,333.75,6.598,2100,ssp585
48.802814,343.75,5.918,2100,ssp585
48.802814,353.75,6.146,2100,ssp585
53.87324,3.75,6.714,2100,ssp585
53.87324,13.75,8.227,2100,ssp585
53.87324,23.75,9.263,2100,ssp585
53.87324,33.75,10.698,2100,ssp585
53.87324,43.75,11.657,2100,ssp585
53.87324,53.75,11.612,2100,ssp585
53.87324,63.75,11.139,2100,ssp585
53.87324,73.75,11.541,2100,ssp585
53.87324,83.75,11.954,2100,ssp585
53.87324,93.75,11.62,2100,ssp585
53.87324,103.75,12.654,2100,ssp585
53.87324,113.75,12.956,2100,ssp585
53.87324,123.75,12.724,2100,ssp585
53.87324,133.75,11.951,2100,ssp585
53.87324,143.75,10.857,2100,ssp585
53.87324,153.75,8.802,2100,ssp585
53.87324,163.75,8.342,2100,ssp585
53.87324,173.75,7.911,2100,ssp585
53.87324,183.75,8.438,2100,ssp585
53.87324,193.75,8.541,2100,ssp585
53.87324,203.75,7.718,2100,ssp585
53.87324,213.75,7.19,2100,ssp585
53.87324,223.75,6.981,2100,ssp585
53.87324,233.75,10.041,2100,ssp585
53.87324,243.75,11.206,2100,ssp585
53.87324,253.75,13.086,2100,ssp585
53.87324,263.75,13.673,2100,ssp585
53.87324,273.75,13.746,2100,ssp585
53.87324,283.75,13.256,2100,ssp585
53.87324,293.75,11.434,2100,ssp585
53.87324,303.75,10.383,2100,ssp585
53.87324,313.75,7.899,2100,ssp585
53.87324,323.75,6.443,2100,ssp585
53.87324,333.75,5.737,2100,ssp585
53.87324,343.75,5.621,2100,ssp585
53.87324,353.75,6.504,2100,ssp585
58.943665,3.75,7.11,2100,ssp585
58.943665,13.75,8.72,2100,ssp585
58.943665,23.75,9.357,2100,ssp585
58.943665,33.75,10.798,2100,ssp585
58.943665,43.75,11.637,2100,ssp585
58.943665,53.75,12.177,2100,ssp585
58.943665,63.75,12.327,2100,ssp585
58.943665,73.75,12.88,2100,ssp585
58.943665,83.75,13.192,2100,ssp585
58.943665,93.75,13.434,2100,ssp585
58.943665,103.75,14.083,2100,ssp585
58.943665,113.75,14.432,2100,ssp585
58.943665,123.75,14.451,2100,ssp585
58.943665,133.75,13.12,2100,ssp585
58.943665,143.75,11.247,2100,ssp585
58.943665,153.75,10.166,2100,ssp585
58.943665,163.75,10.231,2100,ssp585
58.943665,173.75,9.971,2100,ssp585
58.943665,183.75,10.916,2100,ssp585
58.943665,193.75,11.324,2100,ssp585
58.943665,203.75,11.145,2100,ssp585
58.943665,213.75,8.402,2100,ssp585
58.943665,223.75,10.4,2100,ssp585
58.943665,233.75,11.855,2100,ssp585
58.943665,243.75,13.137,2100,ssp585
58.943665,253.75,14.12,2100,ssp585
58.943665,263.75,14.632,2100,ssp585
58.943665,273.75,16.169,2100,ssp585
58.943665,283.75,14.917,2100,ssp585
58.943665,293.75,12.996,2100,ssp585
58.943665,303.75,10.351,2100,ssp585
58.943665,313.75,7.138,2100,ssp585
58.943665,323.75,5.929,2100,ssp585
58.943665,333.75,5.196,2100,ssp585
58.943665,343.75,5.307,2100,ssp585
58.943665,353.75,5.989,2100,ssp585
64.014084,3.75,6.926,2100,ssp585
64.014084,13.75,9.398,2100,ssp585
64.014084,23.75,10.513,2100,ssp585
64.014084,33.75,10.944,2100,ssp585
64.014084,43.75,11.572,2100,ssp585
64.014084,53.75,12.572,2100,ssp585
64.014084,63.75,12.575,2100,ssp585
64.014084,73.75,13.55,2100,ssp585
64.014084,83.75,13.932,2100,ssp585
64.014084,93.75,13.95,2100,ssp585
64.014084,103.75,14.513,2100,ssp585
64.014084,113.75,15.163,2100,ssp585
64.014084,123.75,14.401,2100,ssp585
64.014084,133.75,12.608,2100,ssp585
64.014084,143.75,12.306,2100,ssp585
64.014084,153.75,12.958,2100,ssp585
64.014084,163.75,13.168,2100,ssp585
64.014084,173.75,14.559,2100,ssp585
64.014084,183.75,14.098,2100,ssp585
64.014084,193.75,13.817,2100,ssp585
64.014084,203.75,13.933,2100,ssp585
64.014084,213.75,13.139,2100,ssp585
64.014084,223.75,12.839,2100,ssp585
64.014084,233.75,13.486,2100,ssp585
64.014084,243.75,15.188,2100,ssp585
64.014084,253.75,16.275,2100,ssp585
64.014084,263.75,17.36,2100,ssp585
64.014084,273.75,16.502,2100,ssp585
64.014084,283.75,15.875,2100,ssp585
64.014084,293.75,14.028,2100,ssp585
64.014084,303.75,11.813,2100,ssp585
64.014084,313.75,8.718,2100,ssp585
64.014084,323.75,8.142,2100,ssp585
64.014084,333.75,7.0,2100,ssp585
64.014084,343.75,6.705,2100,ssp585
64.014084,353.75,6.506,2100,ssp585
69.0845,3.75,7.546,2100,ssp585
69.0845,13.75,8.03,2100,ssp585
69.0845,23.75,10.065,2100,ssp585
69.0845,33.75,9.932,2100,ssp585
69.0845,43.75,10.749,2100,ssp585
69.0845,53.75,12.609,2100,ssp585
69.0845,63.75,13.086,2100,ssp585
69.0845,73.75,14.093,2100,ssp585
69.0845,83.75,14.407,2100,ssp585
69.0845,93.75,13.817,2100,ssp585
69.0845,103.75,14.711,2100,ssp585
69.0845,113.75,15.23,2100,ssp585
69.0845,123.75,14.128,2100,ssp585
69.0845,133.75,13.818,2100,ssp585
69.0845,143.75,14.237,2100,ssp585
69.0845,153.75,15.265,2100,ssp585
69.0845,163.75,15.589,2100,ssp585
69.0845,173.75,16.402,2100,ssp585
69.0845,183.75,18.511,2100,ssp585
69.0845,193.75,17.465,2100,ssp585
69.0845,203.75,16.88,2100,ssp585
69.0845,213.75,16.818,2100,ssp585
69.0845,223.75,18.433,2100,ssp585
69.0845,233.75,17.977,2100,ssp585
69.0845,243.75,18.929,2100,ssp585
69.0845,253.75,19.925,2100,ssp585
69.0845,263.75,20.5,2100,ssp585
69.0845,273.75,19.101,2100,ssp585
69.0845,283.75,16.226,2100,ssp585
69.0845,293.75,16.186,2100,ssp585
69.0845,303.75,14.728,2100,ssp585
69.0845,313.75,9.619,2100,ssp585
69.0845,323.75,10.381,2100,ssp585
69.0845,333.75,11.283,2100,ssp585
69.0845,343.75,10.893,2100,ssp585
69.0845,353.75,8.544,2100,ssp585
74.15493,3.75,10.237,2100,ssp585
74.15493,13.75,10.127,2100,ssp585
74.15493,23.75,10.555,2100,ssp585
74.15493,33.75,10.445,2100,ssp585
74.15493,43.75,11.42,2100,ssp585
74.15493,53.75,13.631,2100,ssp585
74.15493,63.75,15.204,2100,ssp585
74.15493,73.75,15.469,2100,ssp585
74.15493,83.75,15.227,2100,ssp585
74.15493,93.75,16.1,2100,ssp585
74.15493,103.75,17.028,2100,ssp585
74.15493,113.75,16.955,2100,ssp585
74.15493,123.75,17.17,2100,ssp585
74.15493,133.75,17.715,2100,ssp585
74.15493,143.75,18.181,2100,ssp585
74.15493,153.75,19.276,2100,ssp585
74.15493,163.75,20.461,2100,ssp585
74.15493,173.75,21.293,2100,ssp585
74.15493,183.75,21.737,2100,ssp585
74.15493,193.75,22.063,2100,ssp585
74.15493,203.75,22.279,2100,ssp585
74.15493,213.75,22.723,2100,ssp585
74.15493,223.75,23.084,2100,ssp585
74.15493,233.75,22.39,2100,ssp585
74.15493,243.75,22.928,2100,ssp585
74.15493,253.75,24.01,2100,ssp585
74.15493,263.75,22.885,2100,ssp585
74.15493,273.75,19.866,2100,ssp585
74.15493,283.75,17.585,2100,ssp585
74.15493,293.75,16.387,2100,ssp585
74.15493,303.75,11.544,2100,ssp585
74.15493,313.75,10.923,2100,ssp585
74.15493,323.75,11.402,2100,ssp585
74.15493,333.75,10.718,2100,ssp585
74.15493,343.75,16.791,2100,ssp585
74.15493,353.75,13.691,2100,ssp585
79.22536,3.75,18.902,2100,ssp585
79.22536,13.75,16.901,2100,ssp585
79.22536,23.75,17.792,2100,ssp585
79.22536,33.75,18.556,2100,ssp585
79.22536,43.75,18.027,2100,ssp585
79.22536,53.75,18.328,2100,ssp585
79.22536,63.75,19.234,2100,ssp585
79.22536,73.75,19.739,2100,ssp585
79.22536,83.75,19.841,2100,ssp585
79.22536,93.75,19.369,2100,ssp585
79.22536,103.75,19.534,2100,ssp585
79.22536,113.75,20.328,2100,ssp585
79.22536,123.75,20.984,2100,ssp585
79.22536,133.75,21.184,2100,ssp585
79.22536,143.75,21.664,2100,ssp585
79.22536,153.75,22.216,2100,ssp585
79.22536,163.75,22.557,2100,ssp585
79.22536,173.75,22.827,2100,ssp585
79.22536,183.75,23.078,2100,ssp585
79.22536,193.75,23.319,2100,ssp585
79.22536,203.75,23.542,2100,ssp585
79.22536,213.75,23.754,2100,ssp585
79.22536,223.75,24.007,2100,ssp585
79.22536,233.75,24.199,2100,ssp585
79.22536,243.75,24.332,2100,ssp585
79.22536,253.75,24.544,2100,ssp585
79.22536,263.75,22.317,2100,ssp585
79.22536,273.75,17.298,2100,ssp585
79.22536,283.75,14.69,2100,ssp585
79.22536,293.75,13.071,2100,ssp585
79.22536,303.75,10.831,2100,ssp585
79.22536,313.75,10.5,2100,ssp585
79.22536,323.75,11.074,2100,ssp585
79.22536,333.75,12.27,2100,ssp585
79.22536,343.75,17.906,2100,ssp585
79.22536,353.75,20.394,2100,ssp585
84.29578,3.75,22.194,2100,ssp585
84.29578,13.75,21.97,2100,ssp585
84.29578,23.75,21.86,2100,ssp585
84.29578,33.75,21.698,2100,ssp585
84.29578,43.75,21.578,2100,ssp585
84.29578,53.75,21.571,2100,ssp585
84.29578,63.75,21.719,2100,ssp585
84.29578,73.75,22.019,2100,ssp585
84.29578,83.75,22.21,2100,ssp585
84.29578,93.75,22.347,2100,ssp585
84.29578,103.75,22.444,2100,ssp585
84.29578,113.75,22.54,2100,ssp585
84.29578,123.75,22.637,2100,ssp585
84.29578,133.75,22.76,2100,ssp585
84.29578,143.75,22.911,2100,ssp585
84.29578,153.75,23.078,2100,ssp585
84.29578,163.75,23.248,2100,ssp585
84.29578,173.75,23.376,2100,ssp585
84.29578,183.75,23.483,2100,ssp585
84.29578,193.75,23.59,2100,ssp585
84.29578,203.75,23.694,2100,ssp585
84.29578,213.75,23.806,2100,ssp585
84.29578,223.75,23.942,2100,ssp585
84.29578,233.75,24.062,2100,ssp585
84.29578,243.75,24.187,2100,ssp585
84.29578,253.75,24.316,2100,ssp585
84.29578,263.75,24.121,2100,ssp585
84.29578,273.75,22.91,2100,ssp585
84.29578,283.75,20.865,2100,ssp585
84.29578,293.75,21.727,2100,ssp585
84.29578,303.75,22.958,2100,ssp585
84.29578,313.75,21.428,2100,ssp585
84.29578,323.75,19.603,2100,ssp585
84.29578,333.75,20.93,2100,ssp585
84.29578,343.75,22.344,2100,ssp585
84.29578,353.75,22.452,2100,ssp585
